id,uuid,observed_on_string,observed_on,time_observed_at,time_zone,quality_grade,license,url,image_url,sound_url,num_identification_agreements,num_identification_disagreements,captive_cultivated,place_guess,latitude,longitude,positional_accuracy,public_positional_accuracy,species_guess,scientific_name,common_name,iconic_taxon_name,taxon_id
37801766,6b1ec0ce-7fda-48af-9d59-44e8451ff50b,2020/01/09 6:06 PM -0800,2020-01-09,2020-01-10 02:06:00 UTC,Pacific Time (US & Canada),research,CC-BY,https://www.inaturalist.org/observations/37801766,,https://static.inaturalist.org/sounds/55353.m4a?1579572431,1,0,false,"Golden Gate Park, San Francisco, CA, USA",37.7684964665,-122.4583608202,44,44,Eastern Gray Squirrel,Sciurus carolinensis,Eastern Gray Squirrel,Mammalia,46017
37802180,f354c7d6-4f69-43fa-bd03-6735aaa36590,2020/01/14 6:18 PM -0800,2020-01-14,2020-01-15 02:18:00 UTC,Pacific Time (US & Canada),research,CC-BY,https://www.inaturalist.org/observations/37802180,,https://static.inaturalist.org/sounds/55361.m4a?1579573133,1,0,false,"Fisherman's Wharf, San Francisco, CA, USA",37.8105547481,-122.4115376243,40,40,California Sea Lion,Zalophus californianus,California Sea Lion,Mammalia,41740
37804364,6231b992-290b-4aad-a52a-6f729251c45d,2020/01/20 7:38 PM PST,2020-01-20,2020-01-21 03:38:00 UTC,Pacific Time (US & Canada),research,CC-BY-NC,https://www.inaturalist.org/observations/37804364,https://inaturalist-open-data.s3.amazonaws.com/photos/60005191/medium.jpeg,https://static.inaturalist.org/sounds/55374.m4a?1579577964,3,0,false,"Contra Costa County, CA, USA",37.9983027976,-122.2061998891,15,15,Coyote,Canis latrans,Coyote,Mammalia,42051
37808303,b06ba7ae-f575-4ac4-ab27-4f3cb5aa9eed,2020/01/20 3:30 PM PST,2020-01-20,2020-01-20 23:30:00 UTC,Pacific Time (US & Canada),research,CC-BY-NC,https://www.inaturalist.org/observations/37808303,,https://static.inaturalist.org/sounds/55378.m4a?1579588252,2,0,false,Pescadero Creek County Park,37.2763297696,-122.2268186363,15,15,Eastern Gray Squirrel,Sciurus carolinensis,Eastern Gray Squirrel,Mammalia,46017
37809143,aef5abfa-b43f-40e7-bba9-75c04cbfff05,2020-01-02 7:56:00 PM PST,2020-01-02,2020-01-03 03:56:00 UTC,Pacific Time (US & Canada),research,CC-BY-NC-ND,https://www.inaturalist.org/observations/37809143,,https://static.inaturalist.org/sounds/55384.m4a?1579591848,1,0,false,"PRESIDIO MTRY, CA 93944, USA",36.6056594941,-121.8940692768,43,43,California Sea Lion,Zalophus californianus,California Sea Lion,Mammalia,41740
37935594,c5de8b53-24a9-4ed5-a82a-b63a41dd8e02,2020-01-24 6:46:00 PM PST,2020-01-24,2020-01-25 02:46:00 UTC,Pacific Time (US & Canada),research,CC-BY,https://www.inaturalist.org/observations/37935594,,https://static.inaturalist.org/sounds/55689.mp3?1579921185,1,0,false,"Borrego Springs, CA 92004, USA",33.2493028593,-116.2970839441,9,9,Coyote,Canis latrans,Coyote,Mammalia,42051
37936281,85481b92-4f3f-4bff-92fa-51be6702cef0,2020-01-24 7:28:00 PM PST,2020-01-24,2020-01-25 03:28:00 UTC,Pacific Time (US & Canada),research,CC-BY,https://www.inaturalist.org/observations/37936281,,https://static.inaturalist.org/sounds/55699.mp3?1579922971,1,0,false,"Borrego Springs, CA 92004, USA",33.2492767831,-116.2970648333,9,9,Coyote,Canis latrans,Coyote,Mammalia,42051
38208769,537f7410-4c26-45f5-b023-d63ba268b317,2020-02-01 9:25:00 PM PST,2020-02-01,2020-02-02 05:25:00 UTC,Pacific Time (US & Canada),research,CC-BY,https://www.inaturalist.org/observations/38208769,,https://static.inaturalist.org/sounds/56409.mp3?1580621251,1,0,false,"Indian Pass, CA 92283, USA",32.959790222,-114.838280417,9,9,Coyote,Canis latrans,Coyote,Mammalia,42051
38466128,99642a4e-3e15-4ee5-b1f6-2bd2201ee340,2020-02-09 7:50:00 AM MST,2020-02-09,2020-02-09 14:50:00 UTC,Mountain Time (US & Canada),research,CC-BY,https://www.inaturalist.org/observations/38466128,,https://static.inaturalist.org/sounds/57345.mp3?1581260751,1,0,false,"Winterhaven, CA 92283, USA",32.9002781342,-114.6865200251,5,5,Coyote,Canis latrans,Coyote,Mammalia,42051
38700852,38f11b04-e282-43d6-beae-b58d05468efa,2020/02/15 3:49 PM PST,2020-02-15,2020-02-15 23:49:00 UTC,Pacific Time (US & Canada),research,CC-BY-NC,https://www.inaturalist.org/observations/38700852,,https://static.inaturalist.org/sounds/57905.wav?1581834692,1,0,false,Sam McDonald County Park,37.2909792346,-122.2614766343,61,61,Western Gray Squirrel,Sciurus griseus,Western Gray Squirrel,Mammalia,46023
38702477,0c040e2f-6fb2-4e0e-8227-4af513748514,Sat Feb 15 2020 10:53:30 GMT-0800 (PST),2020-02-15,2020-02-15 18:53:30 UTC,Pacific Time (US & Canada),research,CC-BY-NC,https://www.inaturalist.org/observations/38702477,,https://static.inaturalist.org/sounds/57950.m4a?1581840857,1,0,false,"Sam McDonald Park, La Honda, CA, US",37.2960901436,-122.251575369,549,549,Western Gray Squirrel,Sciurus griseus,Western Gray Squirrel,Mammalia,46023
38732495,b1c96b03-b679-41a6-a165-ef19c53d5bf8,Sun Feb 16 2020 16:19:09 GMT-0800 (PST),2020-02-16,2020-02-17 00:19:09 UTC,Pacific Time (US & Canada),research,CC-BY-NC,https://www.inaturalist.org/observations/38732495,,https://static.inaturalist.org/sounds/60666.m4a?1583701395,2,0,false,"Market St, Santa Clarita, CA, US",34.374506,-118.528153,16,16,California Ground Squirrel,Otospermophilus beecheyi,California Ground Squirrel,Mammalia,180007
39193481,6072e8dc-9eaf-43b6-a4f7-e2e035ab9bfa,2020-02-21 7:18:00 PM PST,2020-02-21,2020-02-22 03:18:00 UTC,Pacific Time (US & Canada),research,CC-BY,https://www.inaturalist.org/observations/39193481,,https://static.inaturalist.org/sounds/58859.mp3?1582602057,1,0,false,"Winterhaven, CA 92283, USA",32.9992888874,-114.7897706553,24,24,Coyote,Canis latrans,Coyote,Mammalia,42051
39340828,3435ec61-0ffb-4030-ac43-e4941ad92cb2,2020/02/27 6:42 PM -0800,2020-02-27,2020-02-28 02:42:00 UTC,Pacific Time (US & Canada),research,CC-BY-NC,https://www.inaturalist.org/observations/39340828,,https://static.inaturalist.org/sounds/59297.wav?1582951498,1,0,false,"Contra Costa County, CA, USA",37.8791658798,-121.9343028071,31,31,Coyote,Canis latrans,Coyote,Mammalia,42051
39388036,19b69b5c-0f2b-4f04-a119-14f82815ed94,2020/02/28 15:47,2020-02-28,2020-02-28 23:47:00 UTC,Pacific Time (US & Canada),research,,https://www.inaturalist.org/observations/39388036,,https://static.inaturalist.org/sounds/59439.mp3?1583036933,1,0,false,"San Luis Obispo County, CA, USA",35.6753844464,-121.2856898056,31,31,Northern Elephant Seal,Mirounga angustirostris,Northern Elephant Seal,Mammalia,41728
39388209,816ad393-8026-4758-bbd9-35883eb1b824,2020/02/28 15:57,2020-02-28,2020-02-28 23:57:00 UTC,Pacific Time (US & Canada),research,,https://www.inaturalist.org/observations/39388209,,https://static.inaturalist.org/sounds/59440.mp3?1583037149,1,0,false,"San Luis Obispo County, CA, USA",35.675353364,-121.2858220274,122,122,Northern Elephant Seal,Mirounga angustirostris,Northern Elephant Seal,Mammalia,41728
39388565,db3ae1a6-2096-4dbe-bfb6-1471826d8629,2020/02/28 15:59,2020-02-28,2020-02-28 15:59:00 UTC,UTC,research,,https://www.inaturalist.org/observations/39388565,,https://static.inaturalist.org/sounds/59441.mp3?1583037610,1,0,false,"San Luis Obispo County, CA, USA",35.6755625334,-121.2862511809,122,122,Northern Elephant Seal,Mirounga angustirostris,Northern Elephant Seal,Mammalia,41728
39505134,5c67c3c4-9580-4f5b-9d28-8d660b46e4f1,2020-03-03 1:46:35 PM PST,2020-03-03,2020-03-03 13:46:35 UTC,UTC,research,CC-BY-NC,https://www.inaturalist.org/observations/39505134,,https://static.inaturalist.org/sounds/59842.wav?1583274002,1,0,false,"San Diego County, US-CA, US",32.82796465,-117.19420834,13,13,California Ground Squirrel,Otospermophilus beecheyi,California Ground Squirrel,Mammalia,180007
40099563,405f007e-ec77-43a9-8dbf-d6cec1eb799c,2020/03/01 2:16 AM UTC,2020-03-01,,UTC,research,CC-BY-NC,https://www.inaturalist.org/observations/40099563,,https://static.inaturalist.org/sounds/62062.m4a?1584393865,2,0,false,"Village of La Jolla, San Diego, CA 92037, USA",32.8501072663,-117.2727053089,117,117,California Sea Lion,Zalophus californianus,California Sea Lion,Mammalia,41740
40152824,055fc8bc-88fe-4a3f-81bb-d0bfcd1c2029,2020/03/16 00:00 AM PDT,2020-03-16,2020-03-16 07:00:00 UTC,Pacific Time (US & Canada),research,CC-BY-NC,https://www.inaturalist.org/observations/40152824,https://inaturalist-open-data.s3.amazonaws.com/photos/63921959/medium.png,https://static.inaturalist.org/sounds/62230.wav?1584486910,1,0,false,"Oak Manor, Fairfax, CA 94930, USA",38.0025584712,-122.5986533438,410,410,Coyote,Canis latrans,Coyote,Mammalia,42051
40167807,a3aff703-8bf1-44a9-acc7-59938230ae2c,2020/03/17 3:48 PM PDT,2020-03-17,2020-03-17 22:48:00 UTC,Pacific Time (US & Canada),research,CC-BY-NC,https://www.inaturalist.org/observations/40167807,https://inaturalist-open-data.s3.amazonaws.com/photos/63804045/medium.jpg,https://static.inaturalist.org/sounds/62490.m4a?1584588735,4,0,false,"San Diego County, CA, USA",32.8295442413,-116.8614670481,4,4,Coyote,Canis latrans,Coyote,Mammalia,42051
40217603,fa84555d-f208-43de-9427-27868753ac1a,2020/03/16 00:01 AM PDT,2020-03-16,2020-03-16 07:01:00 UTC,Pacific Time (US & Canada),research,CC-BY-NC,https://www.inaturalist.org/observations/40217603,https://inaturalist-open-data.s3.amazonaws.com/photos/63921812/medium.png,https://static.inaturalist.org/sounds/62482.wav?1584586279,1,0,false,"Oak Manor, Fairfax, CA 94930, USA",38.0018444334,-122.5985887349,426,426,Coyote,Canis latrans,Coyote,Mammalia,42051
40217736,16471d34-e6db-4cac-a27b-5b56f4696177,2020/03/16 5:57 AM PDT,2020-03-16,2020-03-16 12:57:00 UTC,Pacific Time (US & Canada),research,CC-BY-NC,https://www.inaturalist.org/observations/40217736,https://inaturalist-open-data.s3.amazonaws.com/photos/63921649/medium.png,https://static.inaturalist.org/sounds/62484.wav?1584586480,2,0,false,"Oak Manor, Fairfax, CA 94930, USA",38.0017012733,-122.59831069,448,448,Coyote,Canis latrans,Coyote,Mammalia,42051
40218112,1d9c66dc-864e-4878-8a43-09b8fb94ef89,2020/03/16 10:07 PM PDT,2020-03-16,2020-03-17 05:07:00 UTC,Pacific Time (US & Canada),research,CC-BY-NC,https://www.inaturalist.org/observations/40218112,https://inaturalist-open-data.s3.amazonaws.com/photos/63889237/medium.png,https://static.inaturalist.org/sounds/62487.wav?1584587165,1,0,false,"Oak Manor, Fairfax, CA 94930, USA",38.0023852078,-122.5982809067,490,490,Coyote,Canis latrans,Coyote,Mammalia,42051
40383770,6fe5127d-39be-44a5-88db-20b471ace2c8,2020/03/21 9:36 AM PDT,2020-03-21,2020-03-21 16:36:00 UTC,Pacific Time (US & Canada),research,CC-BY-NC,https://www.inaturalist.org/observations/40383770,https://inaturalist-open-data.s3.amazonaws.com/photos/64128348/medium.jpeg,https://static.inaturalist.org/sounds/63017.m4a?1584816030,2,0,false,"Playa Del Rey, Los Angeles, CA, USA",33.9587864495,-118.4273330567,8,8,California Ground Squirrel,Otospermophilus beecheyi,California Ground Squirrel,Mammalia,180007
41335405,4921e7d5-2e7c-4e0f-8588-e4e0277190f8,2020/04/03 1:39 AM PDT,2020-04-03,2020-04-03 08:39:00 UTC,Pacific Time (US & Canada),research,CC-BY-NC,https://www.inaturalist.org/observations/41335405,,https://static.inaturalist.org/sounds/66297.wav?1585962943,2,0,false,"Oak Manor, Fairfax, CA 94930, USA",38.0014434472,-122.5977983172,582,582,Coyote,Canis latrans,Coyote,Mammalia,42051
41346991,c0ae810d-9307-472e-a307-9a93ff9ab8f0,Fri Apr 03 2020 23:18:16 GMT-0700 (PDT),2020-04-03,2020-04-04 06:18:16 UTC,Pacific Time (US & Canada),research,CC-BY-NC,https://www.inaturalist.org/observations/41346991,,https://static.inaturalist.org/sounds/66335.mp3?1585981377,1,0,false,"Camino Porvenir, Rancho Palos Verdes, CA, US",33.7593353876,-118.4025844688,65,65,Coyote,Canis latrans,Coyote,Mammalia,42051
42194033,bee13d52-057d-4ba2-80b4-7d4190c3d1b6,2020/04/14 2:40 PM PDT,2020-04-14,2020-04-14 21:40:00 UTC,Pacific Time (US & Canada),research,CC-BY-NC,https://www.inaturalist.org/observations/42194033,,https://static.inaturalist.org/sounds/70269.m4a?1586900448,2,0,false,"Central San Jose, San Jose, CA, USA",37.3295470046,-121.9363338024,4,4,Écureuil gris,Sciurus carolinensis,Eastern Gray Squirrel,Mammalia,46017
42367439,9fb35041-a200-4f21-8d51-210e822bba12,2020/04/15 8:13 PM PDT,2020-04-15,2020-04-16 03:13:00 UTC,Pacific Time (US & Canada),research,CC-BY-NC,https://www.inaturalist.org/observations/42367439,,https://static.inaturalist.org/sounds/70870.m4a?1587093285,1,0,false,"El Granada, CA, USA",37.5040138206,-122.4951705208,15,15,Coyote,Canis latrans,Coyote,Mammalia,42051
42423821,01199590-e095-4753-89f4-94757d3878c3,2020/04/17 5:17 AM PDT,2020-04-17,2020-04-17 12:17:00 UTC,Pacific Time (US & Canada),research,CC-BY-NC,https://www.inaturalist.org/observations/42423821,,https://static.inaturalist.org/sounds/71133.wav?1587160062,1,0,false,"Oak Manor, Fairfax, CA 94930, USA",38.0010958968,-122.5975986956,497,497,Coyote,Canis latrans,Coyote,Mammalia,42051
42436231,247b5b08-b88e-4329-84ac-204ad000807b,2020-04-17 1:23:01 PM PDT,2020-04-17,2020-04-17 20:23:01 UTC,Pacific Time (US & Canada),research,CC0,https://www.inaturalist.org/observations/42436231,,https://static.inaturalist.org/sounds/71173.wav?1587171657,1,0,false,"San Ramon, CA 94583, USA",37.7497750559,-121.9639371336,17,17,California Ground Squirrel,Otospermophilus beecheyi,California Ground Squirrel,Mammalia,180007
42518849,9687bcc5-6d5a-4d2b-8e18-c001c77be8a9,2020/04/16 10:34 PM PDT,2020-04-16,2020-04-17 05:34:00 UTC,Pacific Time (US & Canada),research,CC-BY-NC,https://www.inaturalist.org/observations/42518849,,https://static.inaturalist.org/sounds/71502.wav?1587248248,1,0,false,"South San Mateo, San Mateo, CA, USA",37.5494354238,-122.3054559286,15,15,Domestic Cat,Felis catus,Domestic Cat,Mammalia,118552
43048318,9fc0fecf-d252-401c-bf3a-543edfac083f,2020-04-22,2020-04-22,,UTC,research,CC-BY-NC,https://www.inaturalist.org/observations/43048318,,https://static.inaturalist.org/sounds/73741.m4a?1587721842,2,0,false,San Jacinto Wildlife Area,33.8744177238,-117.117616944,263,263,California Ground Squirrel,Otospermophilus beecheyi,California Ground Squirrel,Mammalia,180007
43249094,b2d9fb28-e5a3-407a-8e0b-779f09c5a68a,2020/04/21 11:03 AM PDT,2020-04-21,2020-04-21 18:03:00 UTC,Pacific Time (US & Canada),research,CC-BY-NC,https://www.inaturalist.org/observations/43249094,,https://static.inaturalist.org/sounds/74618.mp3?1587784400,1,0,false,"5401 N Peck Rd, Arcadia, CA 91006, USA",34.1006236,-118.0132699,223,223,California Ground Squirrel,Otospermophilus beecheyi,California Ground Squirrel,Mammalia,180007
43405299,cc9fc4ab-c649-4e14-865a-c028fd47f7d2,2020/04/23 11:48 AM PDT,2020-04-23,2020-04-23 18:48:00 UTC,Pacific Time (US & Canada),research,CC-BY-NC,https://www.inaturalist.org/observations/43405299,,https://static.inaturalist.org/sounds/75392.wav?1587840523,1,0,false,"Carmel Valley, CA 93924, USA",36.4839399285,-121.7234281164,977,977,Coyote,Canis latrans,Coyote,Mammalia,42051
43529398,d36e65e3-0bb9-40c1-8be0-27dcc09e86f6,2020/04/24 10:31 AM PDT,2020-04-24,2020-04-24 17:31:00 UTC,Pacific Time (US & Canada),research,CC-BY,https://www.inaturalist.org/observations/43529398,https://inaturalist-open-data.s3.amazonaws.com/photos/69061479/medium.jpeg,https://static.inaturalist.org/sounds/79725.m4a?1588194403,2,0,false,"San Carlos, California, USA",37.5053634,-122.276497,7,7,Eastern Gray Squirrel,Sciurus carolinensis,Eastern Gray Squirrel,Mammalia,46017
43550096,63e6923a-81a4-45e2-bb60-327fed01b5ec,2020-04-25 10:30:00 PM PDT,2020-04-25,2020-04-26 05:30:00 UTC,Pacific Time (US & Canada),research,CC-BY-NC,https://www.inaturalist.org/observations/43550096,,https://static.inaturalist.org/sounds/75974.m4a?1587879382,1,0,false,"Rolando Park, San Diego, CA 92115, USA",32.7528392373,-117.059102878,337,337,Coyote,Canis latrans,Coyote,Mammalia,42051
43843135,0aac5260-bd76-44ce-86e1-4e8f12396ef2,2020/04/25 4:19 PM PDT,2020-04-25,2020-04-25 23:19:00 UTC,Pacific Time (US & Canada),research,CC-BY-NC,https://www.inaturalist.org/observations/43843135,,https://static.inaturalist.org/sounds/77427.mp3?1587968939,1,0,false,"California, US",35.8667724456,-117.8960477028,671,28620,California Ground Squirrel,Otospermophilus beecheyi,California Ground Squirrel,Mammalia,180007
44163926,ff45a54a-3074-4fa8-bbbc-af7442ee2aa6,2020/04/27 12:31 PM PDT,2020-04-27,2020-04-27 19:31:00 UTC,Pacific Time (US & Canada),research,CC-BY,https://www.inaturalist.org/observations/44163926,,https://static.inaturalist.org/sounds/79035.wav?1588102308,1,0,false,"End of Salt Marsh Coastal San Pedro, Los Angeles, CA, USA",33.714975847,-118.2857649791,58,58,Red Fox,Vulpes vulpes,Red Fox,Mammalia,42069
44317806,7b4fb6a4-5364-448e-b9e5-4cb7b238f3fe,2020-04-29 4:52:27 PM PDT,2020-04-29,2020-04-29 23:52:27 UTC,Pacific Time (US & Canada),research,CC0,https://www.inaturalist.org/observations/44317806,https://inaturalist-open-data.s3.amazonaws.com/photos/70263130/medium.jpeg,https://static.inaturalist.org/sounds/79820.mp3?1588204724,3,0,false,"Twin Peaks, CA 92391, USA",34.243585,-117.2325749722,,,Western Gray Squirrel,Sciurus griseus,Western Gray Squirrel,Mammalia,46023
44334880,4d27ce48-affe-4ce8-8389-4a95fe7713d9,Wed Apr 29 2020 17:16:39 GMT-0700 (PDT),2020-04-29,2020-04-30 00:16:39 UTC,Pacific Time (US & Canada),research,CC-BY-NC,https://www.inaturalist.org/observations/44334880,https://inaturalist-open-data.s3.amazonaws.com/photos/70291065/medium.jpg,https://static.inaturalist.org/sounds/79946.m4a?1588216364,1,0,false,"Mission Trails Regional Park, San Diego, CA, US",32.8406833333,-117.0436555,,,California Ground Squirrel,Otospermophilus beecheyi,California Ground Squirrel,Mammalia,180007
44433425,cca859be-ed40-4431-8764-00be7b48579a,2020/02/07 2:18 PM PST,2020-02-07,2020-02-07 22:18:00 UTC,Pacific Time (US & Canada),research,CC-BY,https://www.inaturalist.org/observations/44433425,,https://static.inaturalist.org/sounds/80538.m4a?1588297673,1,0,false,"Lexington Reservoir, California, USA",37.1852004,-121.9797817999,7,7,Merriam's Chipmunk,Neotamias merriami,Merriam's Chipmunk,Mammalia,197810
44482834,d0b4183c-75a0-43a1-b236-cd2bed1c4f2c,2020/04/30 6:00 PM PDT,2020-04-30,2020-05-01 01:00:00 UTC,Pacific Time (US & Canada),research,CC-BY-NC,https://www.inaturalist.org/observations/44482834,,https://static.inaturalist.org/sounds/80967.mp3?1588347452,2,0,false,San Diego County,32.8629567222,-117.1882580738,1398,1398,California Ground Squirrel,Otospermophilus beecheyi,California Ground Squirrel,Mammalia,180007
44929551,52a4ad4b-a969-483f-814c-10e79680e213,2020-05-04 4:39:11 PM PDT,2020-05-04,2020-05-04 23:39:11 UTC,Pacific Time (US & Canada),research,CC0,https://www.inaturalist.org/observations/44929551,https://inaturalist-open-data.s3.amazonaws.com/photos/71227335/medium.jpeg,https://static.inaturalist.org/sounds/83454.mp3?1588635769,2,0,false,"Twin Peaks, CA 92391, USA",34.2437779722,-117.2325359722,,,Western Gray Squirrel,Sciurus griseus,Western Gray Squirrel,Mammalia,46023
44948436,8ef1a7f6-592a-47ce-a66b-f4221096ffff,2020-05-04 7:00:00 AM PDT,2020-05-04,2020-05-04 14:00:00 UTC,Pacific Time (US & Canada),research,CC-BY-NC,https://www.inaturalist.org/observations/44948436,https://static.inaturalist.org/photos/71380142/medium.jpeg,https://static.inaturalist.org/sounds/83526.wav?1588651995,2,0,false,"San Bernardino County, CA, USA",35.1993039983,-116.1462951824,5,5,White-tailed Antelope Squirrel,Ammospermophilus leucurus,White-tailed Antelope Squirrel,Mammalia,46255
45241308,cc2ac5a4-de10-4819-9652-f091d737309c,2020-05-07 6:37:42 PM MST,2020-05-07,2020-05-08 01:37:42 UTC,Arizona,research,CC-BY-NC,https://www.inaturalist.org/observations/45241308,,https://static.inaturalist.org/sounds/84931.wav?1588915224,1,0,false,"Sausalito, CA 94965, USA",37.8448694444,-122.5084055556,,,Canis latrans,Canis latrans,Coyote,Mammalia,42051
45339027,78189464-ddbf-4cb4-befa-e0b7469e4b0a,2020/05/07 10:54 AM PDT,2020-05-07,2020-05-07 17:54:00 UTC,Pacific Time (US & Canada),research,CC-BY-NC,https://www.inaturalist.org/observations/45339027,,https://static.inaturalist.org/sounds/85526.wav?1589001290,1,0,false,"Brooktree, Alamo, CA 94598, USA",37.8937497219,-121.9939289509,15,15,California Ground Squirrel,Otospermophilus beecheyi,California Ground Squirrel,Mammalia,180007
45446384,444937f5-4a47-418c-9574-dd0221fd576c,2020/05/08 2:00 PM PDT,2020-05-08,2020-05-08 21:00:00 UTC,Pacific Time (US & Canada),research,CC-BY-NC,https://www.inaturalist.org/observations/45446384,,https://static.inaturalist.org/sounds/86125.mp3?1589082596,1,0,false,"El Cerrito, San Diego, CA, USA",32.7639596137,-117.0700823028,85,85,California Ground Squirrel,Otospermophilus beecheyi,California Ground Squirrel,Mammalia,180007
45652266,3571877f-5429-49ee-b4ae-934a377f2ddb,2020-05-11 7:57:11 PM PDT,2020-05-11,2020-05-12 02:57:11 UTC,Pacific Time (US & Canada),research,CC-BY-NC,https://www.inaturalist.org/observations/45652266,,https://static.inaturalist.org/sounds/87178.wav?1589252297,1,0,false,"Lake Hodges, Escondido, CA 92029, USA",33.0611806,-117.0760351,44,44,Coyote,Canis latrans,Coyote,Mammalia,42051
45652583,5ff892ad-50c4-4b8f-9040-288d9124cce0,2020-05-11 8:01:32 PM PDT,2020-05-11,2020-05-12 03:01:32 UTC,Pacific Time (US & Canada),research,CC-BY-NC,https://www.inaturalist.org/observations/45652583,,https://static.inaturalist.org/sounds/87179.wav?1589252593,1,0,false,"Lake Hodges, Escondido, CA 92029, USA",33.0610517,-117.0755573,18,18,Coyote,Canis latrans,Coyote,Mammalia,42051
46337432,c8f46749-837a-44c3-b3b5-24a392096325,2020-05-17 7:08:58 PM PDT,2020-05-17,2020-05-18 02:08:58 UTC,Pacific Time (US & Canada),research,CC-BY-NC,https://www.inaturalist.org/observations/46337432,https://static.inaturalist.org/photos/73492985/medium.jpg,https://static.inaturalist.org/sounds/90746.m4a?1589773109,3,0,false,"Northeast, Santa Monica, CA, USA",34.0376444444,-118.4820083333,,,Fox Squirrel,Sciurus niger,Eastern Fox Squirrel,Mammalia,46020
46704307,d84880ac-c0aa-45b5-b862-9d67c22fcfda,2020/05/18 3:01 AM -0700,2020-05-18,2020-05-18 10:01:00 UTC,Arizona,research,CC-BY-NC,https://www.inaturalist.org/observations/46704307,https://inaturalist-open-data.s3.amazonaws.com/photos/74074283/medium.png,https://static.inaturalist.org/sounds/92847.wav?1590055523,1,0,false,"Solvang, CA, USA",34.6165769286,-120.1042957898,401,401,Big Brown Bat,Eptesicus fuscus,Big Brown Bat,Mammalia,40509
46866000,a5450b61-f1e6-4042-a746-e57cacd64aae,2020-05-22 10:51:21 AM PDT,2020-05-22,2020-05-22 17:51:21 UTC,Pacific Time (US & Canada),research,,https://www.inaturalist.org/observations/46866000,,https://static.inaturalist.org/sounds/93837.m4a?1590169912,2,0,false,"Santa Cruz, CA 95064, USA",36.99183071,-122.06760248,4,4,California Ground Squirrel,Otospermophilus beecheyi,California Ground Squirrel,Mammalia,180007
47282493,38b2b1c1-be72-415c-85bf-87975dab16ca,2020/05/24 7:45 AM PDT,2020-05-24,2020-05-24 14:45:00 UTC,Pacific Time (US & Canada),research,CC-BY-NC,https://www.inaturalist.org/observations/47282493,https://inaturalist-open-data.s3.amazonaws.com/photos/74988167/medium.jpeg,https://static.inaturalist.org/sounds/95993.m4a?1590423943,2,0,false,"Calabasas Village, Calabasas, CA 91302, USA",34.1348285107,-118.6485238369,181,181,Fox Squirrel,Sciurus niger,Eastern Fox Squirrel,Mammalia,46020
48714066,e65836b2-74d6-41ba-a2b7-fa40bbebc4b6,2020/06/05 1:19 AM ,2020-06-05,2020-06-05 08:19:00 UTC,Pacific Time (US & Canada),research,CC-BY-NC,https://www.inaturalist.org/observations/48714066,,https://static.inaturalist.org/sounds/103446.mp3?1591483501,1,0,false,"San Bernardino County, US-CA, US",34.1950231918,-117.0628360646,122,28874,Gray Fox,Urocyon cinereoargenteus,Gray Fox,Mammalia,42076
49184405,9ac4190a-12b3-4536-8894-25f112505b48,Wed Jun 10 2020 14:23:05 GMT-0700 (PDT),2020-06-10,2020-06-10 21:23:05 UTC,Pacific Time (US & Canada),research,CC-BY-NC,https://www.inaturalist.org/observations/49184405,,https://static.inaturalist.org/sounds/105792.wav?1591894519,1,0,false,"Towne Fire Rd, La Honda, CA, US",37.2883407338,-122.2486051194,167,167,Merriam's Chipmunk,Neotamias merriami,Merriam's Chipmunk,Mammalia,197810
50604671,a475d193-fe99-47f0-8131-af78bfc75796,2020-06-22 3:02:35 PM PDT,2020-06-22,2020-06-22 22:02:35 UTC,Pacific Time (US & Canada),research,,https://www.inaturalist.org/observations/50604671,,https://static.inaturalist.org/sounds/110856.wav?1592863417,1,0,false,"Altadena, CA, USA",34.1945316,-118.1129532,23,23,California Ground Squirrel,Otospermophilus beecheyi,California Ground Squirrel,Mammalia,180007
50730790,573b52f5-9a2d-46c3-981d-ea211e137430,2020/06/10 2:19 PM PDT,2020-06-10,2020-06-10 21:19:00 UTC,Pacific Time (US & Canada),research,CC-BY,https://www.inaturalist.org/observations/50730790,,https://static.inaturalist.org/sounds/111206.m4a?1592961906,1,0,false,"Sam McDonald County Park, California, USA",37.2882385,-122.248388,7,7,Merriam's Chipmunk,Neotamias merriami,Merriam's Chipmunk,Mammalia,197810
50815643,78ec5ea1-971e-4e99-8ef6-b9415b0aaba5,2020/06/24 7:38 AM PDT,2020-06-24,2020-06-24 14:38:00 UTC,Pacific Time (US & Canada),research,CC-BY-NC,https://www.inaturalist.org/observations/50815643,,https://static.inaturalist.org/sounds/111449.m4a?1593026793,1,0,false,"Santa Cruz, CA, USA",36.9754669486,-122.06557712,17,17,Coyote,Canis latrans,Coyote,Mammalia,42051
50859860,f7ff2b2a-e117-492a-a185-b9d3210b172a,2020/06/22 10:30 AM PDT,2020-06-22,2020-06-22 17:30:00 UTC,Pacific Time (US & Canada),research,CC-BY,https://www.inaturalist.org/observations/50859860,,https://static.inaturalist.org/sounds/111590.m4a?1593067043,1,0,false,"Belmont, California, USA",37.5011187,-122.2973551,7,7,Merriam's Chipmunk,Neotamias merriami,Merriam's Chipmunk,Mammalia,197810
51176355,75366049-2d50-4d0d-a9a5-07e5cd567084,Sat Jun 27 2020 15:49:50 GMT-0700 (PDT),2020-06-27,2020-06-27 22:49:50 UTC,Pacific Time (US & Canada),research,CC-BY-NC,https://www.inaturalist.org/observations/51176355,https://inaturalist-open-data.s3.amazonaws.com/photos/81293878/medium.jpg,https://static.inaturalist.org/sounds/113420.m4a?1593315502,1,0,false,"Cleveland National Forest, Descanso, CA, US",32.8700783333,-116.45991,,,California Ground Squirrel,Otospermophilus beecheyi,California Ground Squirrel,Mammalia,180007
51230253,7d8a49b8-1a74-42bc-a2f2-2cf3c0807852,2020-06-28 7:51:24 AM PDT,2020-06-28,2020-06-28 14:51:24 UTC,Pacific Time (US & Canada),research,,https://www.inaturalist.org/observations/51230253,,https://static.inaturalist.org/sounds/113606.wav?1593355978,3,0,false,"Loch Lomond, CA 95461, USA",38.71040093,-122.65762732,9,9,Western Gray Squirrel,Sciurus griseus,Western Gray Squirrel,Mammalia,46023
51325844,a798c3ae-8365-459e-9931-2ed436e463ef,2020/06/28 3:32 PM PDT,2020-06-28,2020-06-28 22:32:00 UTC,Pacific Time (US & Canada),research,CC-BY-NC,https://www.inaturalist.org/observations/51325844,,https://static.inaturalist.org/sounds/113982.mp3?1593401594,1,0,false,"Los Angeles County, CA, USA",34.0295175385,-118.0494495994,755,755,California Ground Squirrel,Otospermophilus beecheyi,California Ground Squirrel,Mammalia,180007
51954718,7e7e16f2-05e5-4f03-900f-ddfd3621c823,2020/07/03 08:27 PM PDT,2020-07-03,2020-07-04 03:27:00 UTC,Pacific Time (US & Canada),research,CC-BY-NC,https://www.inaturalist.org/observations/51954718,https://inaturalist-open-data.s3.amazonaws.com/photos/82569265/medium.jpg,https://static.inaturalist.org/sounds/116263.wav?1593899294,1,0,false,Deb's place--Allied Gardens,32.795032,-117.086175,,,Silver-haired Bat,Lasionycteris noctivagans,Silver-haired Bat,Mammalia,40629
51969623,bb226020-e13f-413c-8362-855da9acbb99,2020/06/27 08:38 PM PDT,2020-06-27,2020-06-28 03:38:00 UTC,Pacific Time (US & Canada),research,CC-BY-NC,https://www.inaturalist.org/observations/51969623,https://inaturalist-open-data.s3.amazonaws.com/photos/82593743/medium.jpg,https://static.inaturalist.org/sounds/116334.wav?1593909515,1,0,false, Laguna Mountains,32.875555,-116.430555,,,Big Brown Bat,Eptesicus fuscus,Big Brown Bat,Mammalia,40509
51969625,29d06832-c8f3-4c2f-9b54-801b2184e509,2020/06/27 08:47 PM PDT,2020-06-27,2020-06-28 03:47:00 UTC,Pacific Time (US & Canada),research,CC-BY-NC,https://www.inaturalist.org/observations/51969625,https://inaturalist-open-data.s3.amazonaws.com/photos/82593806/medium.jpg,https://static.inaturalist.org/sounds/116335.wav?1593909533,1,0,false, Laguna Mountains,32.875555,-116.430555,,,Big Brown Bat,Eptesicus fuscus,Big Brown Bat,Mammalia,40509
52225794,4aa2d115-41a0-4c0d-96b2-adbae1067811,Sun Jul 05 2020 22:32:19 GMT-0700 (PDT),2020-07-05,2020-07-06 05:32:19 UTC,Pacific Time (US & Canada),research,CC-BY-NC,https://www.inaturalist.org/observations/52225794,,https://static.inaturalist.org/sounds/117818.m4a?1594093113,2,0,false,"Hidden Mesa Rd, El Cajon, CA, US",32.7724067308,-116.9194880315,75,75,Coyote,Canis latrans,Coyote,Mammalia,42051
52317549,477e5e54-5c6e-4e9f-8b12-d6f7cf372acd,2020/07/05 5:34 PM PDT,2020-07-05,2020-07-06 00:34:00 UTC,Pacific Time (US & Canada),research,CC-BY-NC,https://www.inaturalist.org/observations/52317549,https://inaturalist-open-data.s3.amazonaws.com/photos/83160091/medium.jpeg,https://static.inaturalist.org/sounds/118161.mp3?1594167105,2,0,false,"Santa Cruz, CA, USA",36.9975534824,-121.9913072638,34,34,Eastern Gray Squirrel,Sciurus carolinensis,Eastern Gray Squirrel,Mammalia,46017
52339921,82772b90-f50e-4790-b7b1-90a1b1330020,2020/07/07 01:05 AM PDT,2020-07-07,2020-07-07 08:05:00 UTC,Pacific Time (US & Canada),research,CC-BY-NC,https://www.inaturalist.org/observations/52339921,https://inaturalist-open-data.s3.amazonaws.com/photos/83197674/medium.jpg,https://static.inaturalist.org/sounds/118230.wav?1594186977,1,0,false,House - Santee,32.8496716679,-116.9964898041,,,Silver-haired Bat,Lasionycteris noctivagans,Silver-haired Bat,Mammalia,40629
52339945,60fb55da-9aa4-4e49-9c13-dc7e262dffe8,2020/07/07 01:53 AM PDT,2020-07-07,2020-07-07 08:53:00 UTC,Pacific Time (US & Canada),research,CC-BY-NC,https://www.inaturalist.org/observations/52339945,https://inaturalist-open-data.s3.amazonaws.com/photos/83197927/medium.jpg,https://static.inaturalist.org/sounds/118238.wav?1594187201,1,0,false,House - Santee,32.8496716679,-116.9964898041,,,Mexican Free-tailed Bat,Tadarida brasiliensis,Mexican Free-tailed Bat,Mammalia,41301
52375090,c14ef09e-2d26-4968-8bf9-03cdfc8d8a1d,2020/07/08 05:17 AM PDT,2020-07-08,2020-07-08 12:17:00 UTC,Pacific Time (US & Canada),research,CC-BY-NC,https://www.inaturalist.org/observations/52375090,https://inaturalist-open-data.s3.amazonaws.com/photos/83254087/medium.jpg,https://static.inaturalist.org/sounds/118340.wav?1594223033,1,0,false,House - Santee,32.8496716679,-116.9964898041,,,Western Pipistrelle,Parastrellus hesperus,Canyon Bat,Mammalia,183164
52380547,73da7194-174a-4e9a-8c9f-fe6ad0852d89,2020/07/06 08:44 PM PDT,2020-07-06,2020-07-07 03:44:00 UTC,Pacific Time (US & Canada),research,CC-BY-NC,https://www.inaturalist.org/observations/52380547,https://inaturalist-open-data.s3.amazonaws.com/photos/83261272/medium.jpg,https://static.inaturalist.org/sounds/118345.wav?1594225503,1,0,false,Lake Sutherland,33.120037,-116.788612,,,Big Brown Bat,Eptesicus fuscus,Big Brown Bat,Mammalia,40509
52380552,40f63284-ba86-42c3-ad86-60af86d0bd3e,2020/07/06 08:39 PM PDT,2020-07-06,2020-07-07 03:39:00 UTC,Pacific Time (US & Canada),research,CC-BY-NC,https://www.inaturalist.org/observations/52380552,https://inaturalist-open-data.s3.amazonaws.com/photos/83261400/medium.jpg,https://static.inaturalist.org/sounds/118348.wav?1594225538,1,0,false,Lake Sutherland,33.120037,-116.788612,,,Lasiurus frantzii,Lasiurus frantzii,Western red bat,Mammalia,1431049
52380569,dad0fa62-1b5f-40d1-af46-932b6f4bb5e6,2020/07/06 09:05 PM PDT,2020-07-06,2020-07-07 04:05:00 UTC,Pacific Time (US & Canada),research,CC-BY-NC,https://www.inaturalist.org/observations/52380569,https://inaturalist-open-data.s3.amazonaws.com/photos/83261535/medium.jpg,https://static.inaturalist.org/sounds/118350.wav?1594225554,1,0,false,Lake Sutherland,33.120037,-116.788612,,,Silver-haired Bat,Lasionycteris noctivagans,Silver-haired Bat,Mammalia,40629
52380570,8cf99587-6b99-49dc-813e-98496950b884,2020/07/06 09:08 PM PDT,2020-07-06,2020-07-07 04:08:00 UTC,Pacific Time (US & Canada),research,CC-BY-NC,https://www.inaturalist.org/observations/52380570,https://inaturalist-open-data.s3.amazonaws.com/photos/83261461/medium.jpg,https://static.inaturalist.org/sounds/118349.wav?1594225550,1,0,false,Lake Sutherland,33.120037,-116.788612,,,Silver-haired Bat,Lasionycteris noctivagans,Silver-haired Bat,Mammalia,40629
52380594,1e3e678e-d019-4d02-8ebd-a36e90c283fb,2020/07/06 08:53 PM PDT,2020-07-06,2020-07-07 03:53:00 UTC,Pacific Time (US & Canada),research,CC-BY-NC,https://www.inaturalist.org/observations/52380594,https://inaturalist-open-data.s3.amazonaws.com/photos/83262015/medium.jpg,https://static.inaturalist.org/sounds/118353.wav?1594225689,1,0,false,Lake Sutherland,33.120037,-116.788612,,,Western Pipistrelle,Parastrellus hesperus,Canyon Bat,Mammalia,183164
52380608,60394f05-66d4-4e84-b374-31eda62758f8,2020/07/06 09:05 PM PDT,2020-07-06,2020-07-07 04:05:00 UTC,Pacific Time (US & Canada),research,CC-BY-NC,https://www.inaturalist.org/observations/52380608,https://inaturalist-open-data.s3.amazonaws.com/photos/83262037/medium.jpg,https://static.inaturalist.org/sounds/118355.wav?1594225700,1,0,false,Lake Sutherland,33.120037,-116.788612,,,Mexican Free-tailed Bat,Tadarida brasiliensis,Mexican Free-tailed Bat,Mammalia,41301
52517631,297e4d1b-ba97-4865-858b-0dae43f8a63f,2020/07/05 09:21 PM PDT,2020-07-05,2020-07-06 04:21:00 UTC,Pacific Time (US & Canada),research,CC-BY-NC,https://www.inaturalist.org/observations/52517631,https://inaturalist-open-data.s3.amazonaws.com/photos/83489311/medium.jpg,https://static.inaturalist.org/sounds/119063.wav?1594332758,1,0,false,Crestridge Ecological Reserve,32.828056,-116.856111,,,Townsend's Big-eared Bat,Corynorhinus townsendii,Townsend's Big-eared Bat,Mammalia,74205
52517633,a30b23ec-aabf-443d-a7e6-0878610d669e,2020/07/05 09:15 PM PDT,2020-07-05,2020-07-06 04:15:00 UTC,Pacific Time (US & Canada),research,CC-BY-NC,https://www.inaturalist.org/observations/52517633,https://inaturalist-open-data.s3.amazonaws.com/photos/83489445/medium.jpg,https://static.inaturalist.org/sounds/119065.wav?1594332799,1,0,false,Crestridge Ecological Reserve,32.828056,-116.856111,,,Mexican Free-tailed Bat,Tadarida brasiliensis,Mexican Free-tailed Bat,Mammalia,41301
52517658,24a90670-91ca-4423-bc15-c6c6a4eb3254,2020/07/05 08:36 PM PDT,2020-07-05,2020-07-06 03:36:00 UTC,Pacific Time (US & Canada),research,CC-BY-NC,https://www.inaturalist.org/observations/52517658,https://inaturalist-open-data.s3.amazonaws.com/photos/83489504/medium.jpg,https://static.inaturalist.org/sounds/119067.wav?1594332822,1,0,false,Crestridge Ecological Reserve,32.828056,-116.856111,,,Western Pipistrelle,Parastrellus hesperus,Canyon Bat,Mammalia,183164
52629661,ee70e6c4-cc67-4883-92b3-317c96b1b524,2020/07/10 10:17 AM PDT,2020-07-10,2020-07-10 17:17:00 UTC,Pacific Time (US & Canada),research,CC-BY-NC,https://www.inaturalist.org/observations/52629661,,https://static.inaturalist.org/sounds/119452.m4a?1594427399,1,0,false,"San Mateo County, CA, USA",37.2026631886,-122.3392349393,80,80,Western Gray Squirrel,Sciurus griseus,Western Gray Squirrel,Mammalia,46023
52963505,2164b7bd-6a98-4625-bc98-4e26959b5c26,2020/07/11 09:34 PM PDT,2020-07-11,2020-07-12 04:34:00 UTC,Pacific Time (US & Canada),research,CC-BY-NC,https://www.inaturalist.org/observations/52963505,https://inaturalist-open-data.s3.amazonaws.com/photos/84217121/medium.jpg,https://static.inaturalist.org/sounds/120362.wav?1594662679,1,0,false,Wildwood Glen,32.841098,-116.631405,,,Mexican Free-tailed Bat,Tadarida brasiliensis,Mexican Free-tailed Bat,Mammalia,41301
52963506,a13b4cd9-b7d3-4acb-8f33-f4f599a00ea4,2020/07/11 08:28 PM PDT,2020-07-11,2020-07-12 03:28:00 UTC,Pacific Time (US & Canada),research,CC-BY-NC,https://www.inaturalist.org/observations/52963506,https://inaturalist-open-data.s3.amazonaws.com/photos/84217259/medium.jpg,https://static.inaturalist.org/sounds/120363.wav?1594662713,1,0,false,Wildwood Glen,32.841098,-116.631405,,,Western Pipistrelle,Parastrellus hesperus,Canyon Bat,Mammalia,183164
52963519,1d71586f-f730-43cc-9c7f-b66836057a13,2020/07/11 08:41 PM PDT,2020-07-11,2020-07-12 03:41:00 UTC,Pacific Time (US & Canada),research,CC-BY-NC,https://www.inaturalist.org/observations/52963519,https://inaturalist-open-data.s3.amazonaws.com/photos/84217489/medium.jpg,https://static.inaturalist.org/sounds/120367.wav?1594662782,1,0,false,Wildwood Glen,32.841098,-116.631405,,,Canyon Bat,Parastrellus hesperus,Canyon Bat,Mammalia,183164
52963532,746460fa-18d0-4cea-980d-a6260213e419,2020/07/11 09:32 PM PDT,2020-07-11,2020-07-12 04:32:00 UTC,Pacific Time (US & Canada),research,CC-BY-NC,https://www.inaturalist.org/observations/52963532,https://inaturalist-open-data.s3.amazonaws.com/photos/84217570/medium.jpg,https://static.inaturalist.org/sounds/120368.wav?1594662804,1,0,false,Wildwood Glen,32.841098,-116.631405,,,Big Brown Bat,Eptesicus fuscus,Big Brown Bat,Mammalia,40509
53526131,6644e743-573d-4c44-8691-3c253f1020ec,2020/04/27 10:29 PM PDT,2020-04-27,2020-04-28 05:29:00 UTC,Pacific Time (US & Canada),research,CC-BY-NC,https://www.inaturalist.org/observations/53526131,https://inaturalist-open-data.s3.amazonaws.com/photos/85137137/medium.jpg,https://static.inaturalist.org/sounds/122249.wav?1595107847,1,0,false,Narrows - 78 San Felipe Creek,33.118342,-116.436035,,,Lasiurus frantzii,Lasiurus frantzii,Western red bat,Mammalia,1431049
53564593,05b80abd-c8ea-4190-bea9-0c0f52ecea62,2020/07/18 11:18 AM PDT,2020-07-18,2020-07-18 18:18:00 UTC,Pacific Time (US & Canada),research,CC-BY-NC,https://www.inaturalist.org/observations/53564593,,https://static.inaturalist.org/sounds/122326.wav?1595136478,1,0,false,Wunderlich County Park,37.3971838118,-122.2753937154,61,61,Eastern Gray Squirrel,Sciurus carolinensis,Eastern Gray Squirrel,Mammalia,46017
54218723,4530b486-ed53-4acd-8edb-f602cdeec743,2020/07/24 5:22 PM PDT,2020-07-24,2020-07-25 00:22:00 UTC,Pacific Time (US & Canada),research,CC-BY-NC,https://www.inaturalist.org/observations/54218723,https://inaturalist-open-data.s3.amazonaws.com/photos/86260702/medium.png,https://static.inaturalist.org/sounds/124245.wav?1595637073,2,0,false,"Lone Pine, CA, USA",36.6038309243,-118.0614062783,100,100,Spotted Bat,Euderma maculatum,Spotted Bat,Mammalia,40631
54488886,7547ea0c-3069-457f-9764-fa989971351a,2020/07/26 8:12 AM PDT,2020-07-26,2020-07-26 15:12:00 UTC,Pacific Time (US & Canada),research,CC-BY,https://www.inaturalist.org/observations/54488886,,https://static.inaturalist.org/sounds/124843.m4a?1595822625,1,0,false,"Sonoma County, CA, USA",38.4360423119,-122.5061559567,200,200,Coyote,Canis latrans,Coyote,Mammalia,42051
54675516,f6bc9aa5-0b4f-4ef5-8e94-d8250faff047,2020/07/18 08:18 PM PDT,2020-07-18,2020-07-19 03:18:00 UTC,Pacific Time (US & Canada),research,CC-BY-NC,https://www.inaturalist.org/observations/54675516,https://inaturalist-open-data.s3.amazonaws.com/photos/87010802/medium.jpg,https://static.inaturalist.org/sounds/125208.wav?1595972066,1,0,false,San Diego NWR,32.729167,-116.940278,,,Big Brown Bat,Eptesicus fuscus,Big Brown Bat,Mammalia,40509
54675517,68767276-fc1f-4dcc-8382-2ff907bdab73,2020/07/18 08:49 PM PDT,2020-07-18,2020-07-19 03:49:00 UTC,Pacific Time (US & Canada),research,CC-BY-NC,https://www.inaturalist.org/observations/54675517,https://inaturalist-open-data.s3.amazonaws.com/photos/87010858/medium.jpg,https://static.inaturalist.org/sounds/125209.wav?1595972083,1,0,false,San Diego NWR,32.729167,-116.940278,,,Lasiurus frantzii,Lasiurus frantzii,Western red bat,Mammalia,1431049
54675518,0cafdbc0-d9f2-4634-aa04-7a0a02d2fc2b,2020/07/18 10:51 PM PDT,2020-07-18,2020-07-19 05:51:00 UTC,Pacific Time (US & Canada),research,CC-BY-NC,https://www.inaturalist.org/observations/54675518,https://inaturalist-open-data.s3.amazonaws.com/photos/87010897/medium.jpg,https://static.inaturalist.org/sounds/125210.wav?1595972103,1,0,false,San Diego NWR,32.729167,-116.940278,,,Hoary Bat,Lasiurus cinereus,Northern Hoary Bat,Mammalia,40523
54675522,8414fa21-3529-48f7-b4c8-270a8669b0e9,2020/07/18 08:45 PM PDT,2020-07-18,2020-07-19 03:45:00 UTC,Pacific Time (US & Canada),research,CC-BY-NC,https://www.inaturalist.org/observations/54675522,https://inaturalist-open-data.s3.amazonaws.com/photos/87010986/medium.jpg,https://static.inaturalist.org/sounds/125212.wav?1595972131,1,0,false,San Diego NWR,32.729167,-116.940278,,,Western Pipistrelle,Parastrellus hesperus,Canyon Bat,Mammalia,183164
54675524,ff160507-a615-4e7b-84e3-568f2c987bff,2020/07/18 10:32 PM PDT,2020-07-18,2020-07-19 05:32:00 UTC,Pacific Time (US & Canada),research,CC-BY-NC,https://www.inaturalist.org/observations/54675524,https://inaturalist-open-data.s3.amazonaws.com/photos/87011024/medium.jpg,https://static.inaturalist.org/sounds/125213.wav?1595972147,1,0,false,San Diego NWR,32.729167,-116.940278,,,Mexican Free-tailed Bat,Tadarida brasiliensis,Mexican Free-tailed Bat,Mammalia,41301
54691178,b5fe3c5f-c160-4cb6-b8b4-d18062f8aa55,2020-07-28 5:42:20 PM PDT,2020-07-28,2020-07-29 00:42:20 UTC,Pacific Time (US & Canada),research,CC-BY-NC,https://www.inaturalist.org/observations/54691178,https://inaturalist-open-data.s3.amazonaws.com/photos/87057916/medium.jpg,https://static.inaturalist.org/sounds/125243.wav?1595983550,1,0,false,"North Hills West, Los Angeles, CA, USA",34.2350923,-118.484024,800,800,California Ground Squirrel,Otospermophilus beecheyi,California Ground Squirrel,Mammalia,180007
54849169,a62d45b4-bfa1-40eb-b1e3-69d28d3189a3,2020/07/26 08:17 PM PDT,2020-07-26,2020-07-27 03:17:00 UTC,Pacific Time (US & Canada),research,CC-BY-NC,https://www.inaturalist.org/observations/54849169,https://inaturalist-open-data.s3.amazonaws.com/photos/87294881/medium.jpg,https://static.inaturalist.org/sounds/125888.wav?1596125137,1,0,false,Eagle Peak Ranch,33.044444,-116.652778,,,Mexican Free-tailed Bat,Tadarida brasiliensis,Mexican Free-tailed Bat,Mammalia,41301
55005416,07deaf6f-25dd-4e43-8c8b-fef133294f70,2020/07/30 10:03 PM PDT,2020-07-30,2020-07-31 05:03:00 UTC,Pacific Time (US & Canada),research,CC-BY-NC,https://www.inaturalist.org/observations/55005416,,https://static.inaturalist.org/sounds/126520.wav?1596258193,1,0,false,"Carmel Valley, CA 93924, USA",36.4837677538,-121.7166335692,977,977,Coyote,Canis latrans,Coyote,Mammalia,42051
55047637,c0c285f7-a962-453b-9990-06460bd053d6,2020/07/31 10:39 AM PDT,2020-07-31,2020-07-31 17:39:00 UTC,Pacific Time (US & Canada),research,CC-BY-NC,https://www.inaturalist.org/observations/55047637,https://inaturalist-open-data.s3.amazonaws.com/photos/87618920/medium.jpeg,https://static.inaturalist.org/sounds/126628.wav?1596295822,2,0,false,"Edenvale, San Jose, CA, USA",37.2790928088,-121.8094265564,15,15,California Ground Squirrel,Otospermophilus beecheyi,California Ground Squirrel,Mammalia,180007
55242064,65645c1b-a812-4abd-aa2f-262c5f225817,2020/07/25 8:38 PM PDT,2020-07-25,2020-07-26 03:38:00 UTC,Pacific Time (US & Canada),research,CC-BY-NC,https://www.inaturalist.org/observations/55242064,https://inaturalist-open-data.s3.amazonaws.com/photos/87949355/medium.jpg,https://static.inaturalist.org/sounds/127160.wav?1596425393,1,0,false,Anza-Borrego Desert SP,33.269167,-116.406667,,,Lasiurus frantzii,Lasiurus frantzii,Western red bat,Mammalia,1431049
55242066,cefef08b-fb2c-4fa6-88ed-191978a58cde,2020/07/25 9:07 PM PDT,2020-07-25,2020-07-26 04:07:00 UTC,Pacific Time (US & Canada),research,CC-BY-NC,https://www.inaturalist.org/observations/55242066,https://inaturalist-open-data.s3.amazonaws.com/photos/87949394/medium.jpg,https://static.inaturalist.org/sounds/127161.wav?1596425407,1,0,false,Anza-Borrego Desert SP,33.269167,-116.406667,,,Hoary Bat,Lasiurus cinereus,Northern Hoary Bat,Mammalia,40523
55245343,d2ae7f44-a84b-4bb7-a827-69f469764db6,2020/07/23 8:58 PM PDT,2020-07-23,2020-07-24 03:58:00 UTC,Pacific Time (US & Canada),research,CC-BY-NC,https://www.inaturalist.org/observations/55245343,https://inaturalist-open-data.s3.amazonaws.com/photos/87952630/medium.jpg,https://static.inaturalist.org/sounds/127172.wav?1596427209,1,0,false,El Monte Rd,32.885,-116.824167,,,Lasiurus frantzii,Lasiurus frantzii,Western red bat,Mammalia,1431049
55245344,700a950a-fc16-463e-a4cc-7b3c2b85756b,2020/07/31 8:52 PM PDT,2020-07-31,2020-08-01 03:52:00 UTC,Pacific Time (US & Canada),research,CC-BY-NC,https://www.inaturalist.org/observations/55245344,https://inaturalist-open-data.s3.amazonaws.com/photos/87952698/medium.jpg,https://static.inaturalist.org/sounds/127173.wav?1596427238,1,0,false,El Monte Rd,32.883889,-116.821667,,,Lasiurus frantzii,Lasiurus frantzii,Western red bat,Mammalia,1431049
55245362,97e6f705-6dbb-4669-ba87-1d8f32c04210,2020/07/23 8:08 PM PDT,2020-07-23,2020-07-24 03:08:00 UTC,Pacific Time (US & Canada),research,CC-BY-NC,https://www.inaturalist.org/observations/55245362,https://inaturalist-open-data.s3.amazonaws.com/photos/87953163/medium.jpg,https://static.inaturalist.org/sounds/127184.wav?1596427495,1,0,false,El Monte Rd,32.885,-116.824167,,,Western Pipistrelle,Parastrellus hesperus,Canyon Bat,Mammalia,183164
55245363,052f5252-60f3-4ff5-a5f9-7124be52f504,2020/07/23 8:19 PM PDT,2020-07-23,2020-07-24 03:19:00 UTC,Pacific Time (US & Canada),research,CC-BY-NC,https://www.inaturalist.org/observations/55245363,https://inaturalist-open-data.s3.amazonaws.com/photos/87953207/medium.jpg,https://static.inaturalist.org/sounds/127185.wav?1596427514,1,0,false,El Monte Rd,32.885,-116.824167,,,Western Pipistrelle,Parastrellus hesperus,Canyon Bat,Mammalia,183164
55245364,a9642af9-084c-4ba6-96a1-923bc79b2cb6,2020/07/31 8:12 PM PDT,2020-07-31,2020-08-01 03:12:00 UTC,Pacific Time (US & Canada),research,CC-BY-NC,https://www.inaturalist.org/observations/55245364,https://inaturalist-open-data.s3.amazonaws.com/photos/87953288/medium.jpg,https://static.inaturalist.org/sounds/127186.wav?1596427544,1,0,false,El Monte Rd,32.883889,-116.821667,,,Western Pipistrelle,Parastrellus hesperus,Canyon Bat,Mammalia,183164
55245365,0e1ddc98-81a6-4090-882c-7f377c56aecf,2020/07/23 9:03 PM PDT,2020-07-23,2020-07-24 04:03:00 UTC,Pacific Time (US & Canada),research,CC-BY-NC,https://www.inaturalist.org/observations/55245365,https://inaturalist-open-data.s3.amazonaws.com/photos/87953357/medium.jpg,https://static.inaturalist.org/sounds/127187.wav?1596427576,1,0,false,El Monte Rd,32.885,-116.824167,,,Mexican Free-tailed Bat,Tadarida brasiliensis,Mexican Free-tailed Bat,Mammalia,41301
55245366,3c7cd370-4200-4247-9a09-da973d51b879,2020/07/31 8:17 PM PDT,2020-07-31,2020-08-01 03:17:00 UTC,Pacific Time (US & Canada),research,CC-BY-NC,https://www.inaturalist.org/observations/55245366,https://inaturalist-open-data.s3.amazonaws.com/photos/87953402/medium.jpg,https://static.inaturalist.org/sounds/127188.wav?1596427593,1,0,false,El Monte Rd,32.883889,-116.821667,,,Big Brown Bat,Eptesicus fuscus,Big Brown Bat,Mammalia,40509
55247277,aae5b5b0-d6a7-4caf-96f0-7628035e5895,2020/07/21 8:05 PM PDT,2020-07-21,2020-07-22 03:05:00 UTC,Pacific Time (US & Canada),research,CC-BY-NC,https://www.inaturalist.org/observations/55247277,https://inaturalist-open-data.s3.amazonaws.com/photos/87958723/medium.jpg,https://static.inaturalist.org/sounds/127200.wav?1596430626,1,0,false,Kitchen Creek Rd,32.768611,-116.450556,,,Big Brown Bat,Eptesicus fuscus,Big Brown Bat,Mammalia,40509
55247278,f494fd92-381a-4df9-b474-9c17e7ffa0d4,2020/07/21 8:05 PM PDT,2020-07-21,2020-07-22 03:05:00 UTC,Pacific Time (US & Canada),research,CC-BY-NC,https://www.inaturalist.org/observations/55247278,https://inaturalist-open-data.s3.amazonaws.com/photos/87958762/medium.jpg,https://static.inaturalist.org/sounds/127201.wav?1596430645,1,0,false,Kitchen Creek Rd,32.768611,-116.450556,,,Canyon Bat,Parastrellus hesperus,Canyon Bat,Mammalia,183164
55247280,e96ef255-6df0-4044-b85e-50aab0d59b97,2020/07/21 8:05 PM PDT,2020-07-21,2020-07-22 03:05:00 UTC,Pacific Time (US & Canada),research,CC-BY-NC,https://www.inaturalist.org/observations/55247280,https://inaturalist-open-data.s3.amazonaws.com/photos/87958783/medium.jpg,https://static.inaturalist.org/sounds/127202.wav?1596430666,1,0,false,Kitchen Creek Rd,32.768611,-116.450556,,,Lasiurus frantzii,Lasiurus frantzii,Western red bat,Mammalia,1431049
55247281,82c13312-f1df-4063-b91f-382876046452,2020/07/21 8:05 PM PDT,2020-07-21,2020-07-22 03:05:00 UTC,Pacific Time (US & Canada),research,CC-BY-NC,https://www.inaturalist.org/observations/55247281,https://inaturalist-open-data.s3.amazonaws.com/photos/87958827/medium.jpg,https://static.inaturalist.org/sounds/127203.wav?1596430687,1,0,false,Kitchen Creek Rd,32.768611,-116.450556,,,Pocketed Free-tailed Bat,Nyctinomops femorosaccus,Pocketed Free-tailed Bat,Mammalia,41314
55247282,3da750ae-e675-478d-b277-ddd2006d4ffc,2020/07/21 8:05 PM PDT,2020-07-21,2020-07-22 03:05:00 UTC,Pacific Time (US & Canada),research,CC-BY-NC,https://www.inaturalist.org/observations/55247282,https://inaturalist-open-data.s3.amazonaws.com/photos/87958852/medium.jpg,https://static.inaturalist.org/sounds/127204.wav?1596430715,1,0,false,Kitchen Creek Rd,32.768611,-116.450556,,,Silver-haired Bat,Lasionycteris noctivagans,Silver-haired Bat,Mammalia,40629
55247286,88be48e9-9274-4b9d-a9be-96c5cd697987,2020/07/21 8:03 PM PDT,2020-07-21,2020-07-22 03:03:00 UTC,Pacific Time (US & Canada),research,CC-BY-NC,https://www.inaturalist.org/observations/55247286,https://inaturalist-open-data.s3.amazonaws.com/photos/87959013/medium.jpg,https://static.inaturalist.org/sounds/127210.wav?1596430813,1,0,false,Kitchen Creek Rd,32.768611,-116.450556,,,Western Pipistrelle,Parastrellus hesperus,Canyon Bat,Mammalia,183164
55247287,dc654751-40fc-469b-82fb-2bdc7888253b,2020/07/21 8:05 PM PDT,2020-07-21,2020-07-22 03:05:00 UTC,Pacific Time (US & Canada),research,CC-BY-NC,https://www.inaturalist.org/observations/55247287,https://inaturalist-open-data.s3.amazonaws.com/photos/87959168/medium.jpg,https://static.inaturalist.org/sounds/127211.wav?1596430901,1,0,false,Kitchen Creek Rd,32.768611,-116.450556,,,Western Pipistrelle,Parastrellus hesperus,Canyon Bat,Mammalia,183164
55247288,91c8d187-c000-4cdb-869d-99d2a2beb5b7,2020/07/21 8:08 PM PDT,2020-07-21,2020-07-22 03:08:00 UTC,Pacific Time (US & Canada),research,CC-BY-NC,https://www.inaturalist.org/observations/55247288,https://inaturalist-open-data.s3.amazonaws.com/photos/87959210/medium.jpg,https://static.inaturalist.org/sounds/127212.wav?1596430948,1,0,false,Kitchen Creek Rd,32.768611,-116.450556,,,Western Pipistrelle,Parastrellus hesperus,Canyon Bat,Mammalia,183164
55298103,7e71f388-3101-4ef6-937d-c53de596d61d,2020/08/03 8:03 AM PDT,2020-08-03,2020-08-03 15:03:00 UTC,Pacific Time (US & Canada),research,CC-BY-NC,https://www.inaturalist.org/observations/55298103,https://inaturalist-open-data.s3.amazonaws.com/photos/88043532/medium.jpg,https://static.inaturalist.org/sounds/127323.wav?1596475269,1,0,false,House - Santee,32.8496716679,-116.9964898041,,,Western Pipistrelle,Parastrellus hesperus,Canyon Bat,Mammalia,183164
55298105,025be54c-3b5f-4ebf-beb1-10a4b7835e41,2020/08/03 8:03 AM PDT,2020-08-03,2020-08-03 15:03:00 UTC,Pacific Time (US & Canada),research,CC-BY-NC,https://www.inaturalist.org/observations/55298105,https://inaturalist-open-data.s3.amazonaws.com/photos/88043589/medium.jpg,https://static.inaturalist.org/sounds/127324.wav?1596475288,1,0,false,House - Santee,32.8496716679,-116.9964898041,,,Mexican Free-tailed Bat,Tadarida brasiliensis,Mexican Free-tailed Bat,Mammalia,41301
55450881,958b3b60-f6d8-45bf-bc7d-718c3405422b,2020/07/23 9:30 PM PDT,2020-07-23,2020-07-24 04:30:00 UTC,Pacific Time (US & Canada),research,CC-BY-NC,https://www.inaturalist.org/observations/55450881,https://inaturalist-open-data.s3.amazonaws.com/photos/88297243/medium.png,https://static.inaturalist.org/sounds/127629.wav?1596591296,1,0,false,"Inyo County, CA, USA",36.56363,-117.95657,,,Townsend's Big-eared Bat,Corynorhinus townsendii,Townsend's Big-eared Bat,Mammalia,74205
55632299,762661b7-2811-4067-b97c-45e9e636fd31,2020/08/03 10:59 PM PDT,2020-08-03,2020-08-04 05:59:00 UTC,Pacific Time (US & Canada),research,CC-BY-NC,https://www.inaturalist.org/observations/55632299,https://inaturalist-open-data.s3.amazonaws.com/photos/88595190/medium.jpg,https://static.inaturalist.org/sounds/128050.wav?1596742516,1,0,false,House - Santee,32.8496716679,-116.9964898041,,,Big Brown Bat,Eptesicus fuscus,Big Brown Bat,Mammalia,40509
55632311,7b01055b-b931-4797-9874-7d17f494b295,2020/08/04 2:22 AM PDT,2020-08-04,2020-08-04 09:22:00 UTC,Pacific Time (US & Canada),research,CC-BY-NC,https://www.inaturalist.org/observations/55632311,https://inaturalist-open-data.s3.amazonaws.com/photos/88595343/medium.jpg,https://static.inaturalist.org/sounds/128055.wav?1596742589,1,0,false,House - Santee,32.8496716679,-116.9964898041,,,Silver-haired Bat,Lasionycteris noctivagans,Silver-haired Bat,Mammalia,40629
56092453,edf2506b-abbe-41eb-ba4a-be3e71ae6e56,2020/08/09 18:31 AM PDT,2020-08-09,,Pacific Time (US & Canada),research,,https://www.inaturalist.org/observations/56092453,,https://static.inaturalist.org/sounds/129266.mp3?1597113244,1,0,false,"Cambria, CA, USA",35.55233725,-121.0886650677,15,15,Western Gray Squirrel,Sciurus griseus,Western Gray Squirrel,Mammalia,46023
56092454,aca22190-0663-42ba-90e3-d383b9cbe02a,2020/08/09 18:33 PM UTC,2020-08-09,,UTC,research,,https://www.inaturalist.org/observations/56092454,,https://static.inaturalist.org/sounds/129267.mp3?1597113250,1,0,false,"Cambria, CA, USA",35.5523189917,-121.0884559213,4,4,Western Gray Squirrel,Sciurus griseus,Western Gray Squirrel,Mammalia,46023
56196227,0573aaa4-cf53-4afb-9af0-87ec12974369,2020/08/08 10:14 AM PDT,2020-08-08,2020-08-08 17:14:00 UTC,Pacific Time (US & Canada),research,CC-BY-NC,https://www.inaturalist.org/observations/56196227,https://inaturalist-open-data.s3.amazonaws.com/photos/89472715/medium.jpg,https://static.inaturalist.org/sounds/129457.m4a?1597204268,2,0,false,"Alpine County, CA, USA",38.6903716116,-120.0091565224,53,53,Douglas' Squirrel,Tamiasciurus douglasii,Douglas's Squirrel,Mammalia,46259
56196244,e11662d0-1e2f-4360-9167-205db81c4e9d,2020/08/08 10:34 AM PDT,2020-08-08,2020-08-08 17:34:00 UTC,Pacific Time (US & Canada),research,CC-BY-NC,https://www.inaturalist.org/observations/56196244,https://inaturalist-open-data.s3.amazonaws.com/photos/89473965/medium.jpg,https://static.inaturalist.org/sounds/129456.m4a?1597204241,1,0,false,"Alpine County, CA, USA",38.6883133921,-120.0074325195,53,53,Lodgepole Chipmunk,Neotamias speciosus,Lodgepole Chipmunk,Mammalia,225755
56318958,6d3df79c-037f-4ee5-a049-1d406b09e2e7,2020/08/13 4:35 AM,2020-08-13,2020-08-13 11:35:00 UTC,Pacific Time (US & Canada),research,CC-BY-NC,https://www.inaturalist.org/observations/56318958,,https://static.inaturalist.org/sounds/129749.m4a?1597326954,1,0,false,"Calabasas Village, Calabasas, CA 91302, USA",34.1348285107,-118.6485238369,181,181,Coyote,Canis latrans,Coyote,Mammalia,42051
56487765,50b83309-2f2b-46a8-bc39-b24e4e69bfd2,2020/08/05 3:23 PM PDT,2020-08-05,2020-08-05 22:23:00 UTC,Pacific Time (US & Canada),research,CC-BY,https://www.inaturalist.org/observations/56487765,https://inaturalist-open-data.s3.amazonaws.com/photos/90024673/medium.jpeg,https://static.inaturalist.org/sounds/130238.m4a?1597510701,1,0,false,"Wunderlich County Park, California, USA",37.4112033,-122.2612364,7,7,Western Gray Squirrel,Sciurus griseus,Western Gray Squirrel,Mammalia,46023
57101937,b78493c1-6f7e-429c-95ab-29eee654f591,2020/08/17 9:14 PM ,2020-08-17,2020-08-18 04:14:00 UTC,Pacific Time (US & Canada),research,CC-BY,https://www.inaturalist.org/observations/57101937,https://inaturalist-open-data.s3.amazonaws.com/photos/91169264/medium.jpg,https://static.inaturalist.org/sounds/131605.wav?1597994133,1,0,false,"Patrick's Point State Park, CA, USA",41.1392028825,-124.1505998314,10,10,California Myotis,Myotis californicus,California Myotis,Mammalia,40342
57102711,73bbf494-3d46-4c45-8680-e1e38e12f5df,2020/08/17 8:52 PM ,2020-08-17,2020-08-18 03:52:00 UTC,Pacific Time (US & Canada),research,CC-BY,https://www.inaturalist.org/observations/57102711,https://inaturalist-open-data.s3.amazonaws.com/photos/91171021/medium.jpg,https://static.inaturalist.org/sounds/131606.wav?1597994277,1,0,false,"Humboldt County, CA, USA",41.1391992261,-124.1505354291,5,5,Little Brown Bat,Myotis lucifugus,Little Brown Bat,Mammalia,40346
57102713,f2e7a24b-bcb1-46f2-b028-4dd28e3c03a8,2020/08/17 8:52 PM ,2020-08-17,2020-08-18 03:52:00 UTC,Pacific Time (US & Canada),research,CC-BY,https://www.inaturalist.org/observations/57102713,https://inaturalist-open-data.s3.amazonaws.com/photos/91169839/medium.jpg,https://static.inaturalist.org/sounds/131607.wav?1597994314,1,0,false,"Humboldt County, CA, USA",41.1391992261,-124.1505354291,5,5,Little Brown Bat,Myotis lucifugus,Little Brown Bat,Mammalia,40346
57102714,b6d32ab0-7722-42ad-8578-28d17a0764d6,2020/08/17 8:53 PM ,2020-08-17,2020-08-18 03:53:00 UTC,Pacific Time (US & Canada),research,CC-BY,https://www.inaturalist.org/observations/57102714,https://inaturalist-open-data.s3.amazonaws.com/photos/91170714/medium.jpg,https://static.inaturalist.org/sounds/131608.wav?1597994346,1,0,false,"Humboldt County, CA, USA",41.1391992261,-124.1505354291,5,5,Little Brown Bat,Myotis lucifugus,Little Brown Bat,Mammalia,40346
57102715,e8fb2b4e-2c76-4c93-bc52-e34efdac6eb1,2020/08/17 8:53 PM ,2020-08-17,2020-08-18 03:53:00 UTC,Pacific Time (US & Canada),research,CC-BY,https://www.inaturalist.org/observations/57102715,https://inaturalist-open-data.s3.amazonaws.com/photos/91168550/medium.jpg,https://static.inaturalist.org/sounds/131609.wav?1597994382,1,0,false,"Humboldt County, CA, USA",41.1391992261,-124.1505354291,5,5,Little Brown Bat,Myotis lucifugus,Little Brown Bat,Mammalia,40346
57102716,8f05d8ad-acbd-421d-9a84-93ffdc4f2207,2020/08/18 8:55 PM,2020-08-18,2020-08-19 03:55:00 UTC,Pacific Time (US & Canada),research,CC-BY,https://www.inaturalist.org/observations/57102716,https://inaturalist-open-data.s3.amazonaws.com/photos/91140118/medium.jpg,https://static.inaturalist.org/sounds/131610.wav?1597994402,1,0,false,"Humboldt County, CA, USA",41.139172,-124.150515,1178701,1178701,Little Brown Bat,Myotis lucifugus,Little Brown Bat,Mammalia,40346
57102717,26d126e6-1139-4122-b901-13d6def9b3bd,2020/08/17 8:56 PM,2020-08-17,2020-08-18 03:56:00 UTC,Pacific Time (US & Canada),research,CC-BY,https://www.inaturalist.org/observations/57102717,https://inaturalist-open-data.s3.amazonaws.com/photos/91136680/medium.jpg,https://static.inaturalist.org/sounds/131611.wav?1597994419,1,0,false,"Humboldt County, CA, USA",41.1391992261,-124.1505354291,5,5,Little Brown Bat,Myotis lucifugus,Little Brown Bat,Mammalia,40346
57102718,f1d93c06-79a9-4b3f-adb9-e49fc054cc82,2020/08/17 8:58 PM ,2020-08-17,2020-08-18 03:58:00 UTC,Pacific Time (US & Canada),research,CC-BY,https://www.inaturalist.org/observations/57102718,https://inaturalist-open-data.s3.amazonaws.com/photos/91134745/medium.jpg,https://static.inaturalist.org/sounds/131612.wav?1597994438,1,0,false,"Humboldt County, CA, USA",41.1391992261,-124.1505354291,5,5,Little Brown Bat,Myotis lucifugus,Little Brown Bat,Mammalia,40346
57295133,092a74dc-b1cb-438f-96df-9cf176c1aa37,2020-08-22 11:30:00 AM PDT,2020-08-22,2020-08-22 18:30:00 UTC,Pacific Time (US & Canada),research,CC-BY-NC,https://www.inaturalist.org/observations/57295133,,https://static.inaturalist.org/sounds/132050.wav?1598151603,1,0,false,Lake Hemet,33.6670506526,-116.6892322898,1395,1395,California Ground Squirrel,Otospermophilus beecheyi,California Ground Squirrel,Mammalia,180007
57806320,0e7925c0-8dde-4d2c-998d-96da09e7e63c,2020-08-27 2:30:00 PM PDT,2020-08-27,2020-08-27 21:30:00 UTC,Pacific Time (US & Canada),research,CC-BY-NC,https://www.inaturalist.org/observations/57806320,,https://static.inaturalist.org/sounds/133058.wav?1598592853,1,0,false,"Huntington Library, Art Gallery and Botanical Gardens",34.1290453089,-118.1145242974,1395,1395,Fox Squirrel,Sciurus niger,Eastern Fox Squirrel,Mammalia,46020
57939994,0a8ccabf-e6c1-4fe8-997a-477a68a18c3b,2020/08/29 10:29 AM PDT,2020-08-29,2020-08-29 17:29:00 UTC,Pacific Time (US & Canada),research,CC-BY-SA,https://www.inaturalist.org/observations/57939994,,https://static.inaturalist.org/sounds/133322.m4a?1598722222,3,0,false,"Mt. Eden, Hayward, CA 94545美国",37.6504884933,-122.1140640576,60,60,Domestic Cat,Felis catus,Domestic Cat,Mammalia,118552
58114626,be6d97a2-d985-47d4-97cf-a3a4ca4c93ff,Sun Aug 30 2020 14:51:56 GMT-0700 (PDT),2020-08-30,2020-08-30 21:51:56 UTC,Pacific Time (US & Canada),research,CC-BY-NC,https://www.inaturalist.org/observations/58114626,,https://static.inaturalist.org/sounds/133687.m4a?1598841561,1,0,false,"Vasona Reservoir, Los Gatos, CA, US",37.2394685264,-121.9700140527,6,6,California Ground Squirrel,Otospermophilus beecheyi,California Ground Squirrel,Mammalia,180007
58181778,a36ca734-cb0c-4070-9957-c95308eefd23,2020/08/29 7:24 PM PDT,2020-08-29,2020-08-30 02:24:00 UTC,Pacific Time (US & Canada),research,CC-BY-NC,https://www.inaturalist.org/observations/58181778,,https://static.inaturalist.org/sounds/133816.m4a?1598906146,1,0,false,"Central San Jose, San Jose, CA, USA",37.3295383234,-121.9362807844,8,8,Eastern Gray Squirrel,Sciurus carolinensis,Eastern Gray Squirrel,Mammalia,46017
58204780,070da3b3-5a44-4c40-9b06-9fe0252b42e8,2020/08/31 11:20 AM PDT,2020-08-31,2020-08-31 18:20:00 UTC,Pacific Time (US & Canada),research,CC-BY-NC,https://www.inaturalist.org/observations/58204780,,https://static.inaturalist.org/sounds/133855.wav?1598921028,1,0,false,"Stinson Gulch, Willow Camp FR",37.9093739736,-122.6509977813,18,18,Sonoma Chipmunk,Neotamias sonomae,Sonoma Chipmunk,Mammalia,225754
58252787,5d04b4e7-5037-4ecd-b699-bef9c48e3517,2020/08/30 11:28 PM ,2020-08-30,2020-08-31 06:28:00 UTC,Pacific Time (US & Canada),research,CC-BY-NC,https://www.inaturalist.org/observations/58252787,,https://static.inaturalist.org/sounds/133975.m4a?1598976720,2,0,false,"Calabasas Village, Calabasas, CA 91302, USA",34.1348285107,-118.6485238369,181,181,Coyote,Canis latrans,Coyote,Mammalia,42051
59173382,25a5cde1-4451-4337-95d1-90814aca7b9b,2020/09/09 11:28 AM PDT,2020-09-09,2020-09-09 18:28:00 UTC,Pacific Time (US & Canada),research,CC-BY-NC,https://www.inaturalist.org/observations/59173382,https://inaturalist-open-data.s3.amazonaws.com/photos/94531327/medium.jpeg,https://static.inaturalist.org/sounds/135517.m4a?1599779020,2,0,false,"Santa Ynez Canyon Park, Pacific Palisades, CA, USA",34.0717521102,-118.5650877705,13,13,Fox Squirrel,Sciurus niger,Eastern Fox Squirrel,Mammalia,46020
59236130,f2f5538b-14fb-4467-b06c-dac4f87cf17b,2020/09/10 7:2 PM PST,2020-09-10,2020-09-11 05:02:00 UTC,Hawaii,research,,https://www.inaturalist.org/observations/59236130,,https://static.inaturalist.org/sounds/135617.m4a?1599846413,1,0,false,"San Diego County, CA, USA",32.66747477,-116.9241084241,15,15,Coyote,Canis latrans,Coyote,Mammalia,42051
59274713,d74f4ac9-a711-488a-9e6a-048feb2961b2,2020/09/06 05:23 AM PDT,2020-09-06,2020-09-06 12:23:00 UTC,Pacific Time (US & Canada),research,CC-BY-NC,https://www.inaturalist.org/observations/59274713,https://inaturalist-open-data.s3.amazonaws.com/photos/94697143/medium.jpg,https://static.inaturalist.org/sounds/135678.wav?1599870750,1,0,false,House - Santee,32.8496716679,-116.9964898041,,,Lasiurus frantzii,Lasiurus frantzii,Western red bat,Mammalia,1431049
59274720,36cb460c-d8fe-422d-bc6d-afe26c470554,2020/09/05 01:35 AM PDT,2020-09-05,2020-09-05 08:35:00 UTC,Pacific Time (US & Canada),research,CC-BY-NC,https://www.inaturalist.org/observations/59274720,https://inaturalist-open-data.s3.amazonaws.com/photos/94697257/medium.jpg,https://static.inaturalist.org/sounds/135681.wav?1599870819,1,0,false,House - Santee,32.8496716679,-116.9964898041,,,Western Yellow Bat,Lasiurus xanthinus,Western Yellow Bat,Mammalia,74476
59277305,5b28bc73-1f43-454e-968f-e03f0365193f,2020/09/05 09:27 PM PDT,2020-09-05,2020-09-06 04:27:00 UTC,Pacific Time (US & Canada),research,CC-BY-NC,https://www.inaturalist.org/observations/59277305,https://inaturalist-open-data.s3.amazonaws.com/photos/94702439/medium.jpg,https://static.inaturalist.org/sounds/135691.wav?1599873305,1,0,false,Pine Valley Creek,32.8375,-116.541667,,,Hoary Bat,Lasiurus cinereus,Northern Hoary Bat,Mammalia,40523
59277309,3ce34eb9-a43e-44cd-9cf0-b19d05913f46,2020/09/05 10:27 PM PDT,2020-09-05,2020-09-06 05:27:00 UTC,Pacific Time (US & Canada),research,CC-BY-NC,https://www.inaturalist.org/observations/59277309,https://inaturalist-open-data.s3.amazonaws.com/photos/94702584/medium.jpg,https://static.inaturalist.org/sounds/135695.wav?1599873365,1,0,false,Pine Valley Creek,32.8375,-116.541667,,,Yuma Myotis,Myotis yumanensis,Yuma Myotis,Mammalia,40325
59277310,67cc11a4-fd02-42cc-b073-5f71bf809d58,2020/09/05 09:15 PM PDT,2020-09-05,2020-09-06 04:15:00 UTC,Pacific Time (US & Canada),research,CC-BY-NC,https://www.inaturalist.org/observations/59277310,https://inaturalist-open-data.s3.amazonaws.com/photos/94702629/medium.jpg,https://static.inaturalist.org/sounds/135696.wav?1599873383,1,0,false,Pine Valley Creek,32.8375,-116.541667,,,Canyon Bat,Parastrellus hesperus,Canyon Bat,Mammalia,183164
59277311,690fb875-640f-4d87-9614-f2e20894e5c4,2020/09/05 10:15 PM PDT,2020-09-05,2020-09-06 05:15:00 UTC,Pacific Time (US & Canada),research,CC-BY-NC,https://www.inaturalist.org/observations/59277311,https://inaturalist-open-data.s3.amazonaws.com/photos/94702691/medium.jpg,https://static.inaturalist.org/sounds/135697.wav?1599873401,1,0,false,Pine Valley Creek,32.8375,-116.541667,,,Mexican Free-tailed Bat,Tadarida brasiliensis,Mexican Free-tailed Bat,Mammalia,41301
59410716,22549c79-7cdd-4643-858d-c1014e3ed297,2020/09/12 4:35 PM PDT,2020-09-12,2020-09-12 23:35:00 UTC,Pacific Time (US & Canada),research,CC-BY-NC,https://www.inaturalist.org/observations/59410716,,https://static.inaturalist.org/sounds/136019.m4a?1599970182,1,0,false,Wunderlich County Park,37.3959849825,-122.2738860454,4,4,Western Gray Squirrel,Sciurus griseus,Western Gray Squirrel,Mammalia,46023
60101246,b83580c3-1eb1-4e4f-96d5-fd6248f70a50,2020/09/17 12:15 PM PDT,2020-09-17,2020-09-17 19:15:00 UTC,Pacific Time (US & Canada),research,CC-BY,https://www.inaturalist.org/observations/60101246,,https://static.inaturalist.org/sounds/137122.mp3?1600543096,1,0,false,"Humboldt County, CA, USA",40.7580796706,-124.2274651984,228,228,California Sea Lion,Zalophus californianus,California Sea Lion,Mammalia,41740
60452930,652ac9f8-15bc-46e4-b97f-7a7a7d5b36f1,2020-09-22 12:17:30 PM PDT,2020-09-22,2020-09-22 19:17:30 UTC,Pacific Time (US & Canada),research,CC-BY-NC,https://www.inaturalist.org/observations/60452930,,https://static.inaturalist.org/sounds/137834.m4a?1600805882,2,0,false,"Fremont Older Open Space Preserve, Santa Clara County, US-CA, US",37.28623074,-122.05724499,9,9,Eastern Gray Squirrel,Sciurus carolinensis,Eastern Gray Squirrel,Mammalia,46017
61338093,6234be70-e625-4d43-a95a-9e42fd4f8470,2020/09/30 10:02 AM PDT,2020-09-30,2020-09-30 17:02:00 UTC,Pacific Time (US & Canada),research,CC-BY-NC,https://www.inaturalist.org/observations/61338093,,https://static.inaturalist.org/sounds/139771.m4a?1601500648,1,0,false,"Santa Clara County, CA, USA",37.1990068616,-121.9802533394,4,4,Merriam's Chipmunk,Neotamias merriami,Merriam's Chipmunk,Mammalia,197810
61527546,2e7218ff-9e55-4b50-b943-33c0d6fa778e,2020-10-02 6:38:53 PM PDT,2020-10-02,2020-10-03 01:38:53 UTC,Pacific Time (US & Canada),research,,https://www.inaturalist.org/observations/61527546,,https://static.inaturalist.org/sounds/140233.wav?1601689196,1,0,false,"Old Town Torrance, Torrance, CA 90501, USA",33.82513038,-118.32485262,7,7,California Ground Squirrel,Otospermophilus beecheyi,California Ground Squirrel,Mammalia,180007
61626800,4a3109a5-00b3-4ff0-bafd-e432094e31cf,2020/10/03 12:24 AM UTC,2020-10-03,2020-10-03 00:24:00 UTC,UTC,research,,https://www.inaturalist.org/observations/61626800,,https://static.inaturalist.org/sounds/140440.m4a?1601771404,1,0,false,"Talmadge, San Diego, CA 92115, USA",32.7654303413,-117.0954692655,61,61,California Ground Squirrel,Otospermophilus beecheyi,California Ground Squirrel,Mammalia,180007
61647238,445c4eb2-8c48-4fc7-80f8-b0fa39e94cfc,2020/10/03 10:34 PM PDT,2020-10-03,2020-10-04 05:34:00 UTC,Pacific Time (US & Canada),research,CC-BY-NC,https://www.inaturalist.org/observations/61647238,https://inaturalist-open-data.s3.amazonaws.com/photos/98668978/medium.jpeg,https://static.inaturalist.org/sounds/140497.m4a?1601792361,1,0,false,"Central San Jose, San Jose, CA, USA",37.3295638889,-121.9364333333,,,Common Raccoon,Procyon lotor,Common Raccoon,Mammalia,41663
61726418,c9ab4c5b-77b4-48c2-8544-cac4f648620c,2020/10/04 3:40 PM PDT,2020-10-04,2020-10-04 22:40:00 UTC,Pacific Time (US & Canada),research,CC-BY-NC,https://www.inaturalist.org/observations/61726418,,https://static.inaturalist.org/sounds/140640.wav?1601851267,1,0,false,"Turtle Rock, Irvine, CA, USA",33.6547328063,-117.8209395909,61,61,Fox Squirrel,Sciurus niger,Eastern Fox Squirrel,Mammalia,46020
61782403,9a67eb77-e6fc-4657-9e27-51d9e79cc336,2020/10/04 10:03 AM PDT,2020-10-04,2020-10-04 17:03:00 UTC,Pacific Time (US & Canada),research,CC-BY-NC,https://www.inaturalist.org/observations/61782403,,https://static.inaturalist.org/sounds/140790.m4a?1601911231,1,0,false,"Stunt Rd, Calabasas, CA, USA",34.0999674034,-118.6586387982,15,15,Coyote,Canis latrans,Coyote,Mammalia,42051
62067826,4f73acd9-df4f-4968-a600-ef3a2ed3e81d,2020/10/07 9:14 PM PDT,2020-10-07,2020-10-08 04:14:00 UTC,Pacific Time (US & Canada),research,CC-BY-NC,https://www.inaturalist.org/observations/62067826,,https://static.inaturalist.org/sounds/141433.m4a?1602195391,1,0,false,"Santa Clara County, CA, USA",37.198284477,-121.9815852824,31,31,Merriam's Chipmunk,Neotamias merriami,Merriam's Chipmunk,Mammalia,197810
62084711,f1fdd9d4-e471-48cf-b751-314f67792375,2020/09/23 7:49 PM PDT,2020-09-23,2020-09-24 02:49:00 UTC,Pacific Time (US & Canada),research,CC-BY-NC,https://www.inaturalist.org/observations/62084711,,https://static.inaturalist.org/sounds/141493.wav?1602211800,3,0,false,"Carmel Valley, CA 93924, USA",36.4890872717,-121.7213599573,122,122,Mountain Lion,Puma concolor,Mountain Lion,Mammalia,42007
62084876,2b50ff66-3042-410d-bb47-340d8f366d45,2020/07/01 7:26 PM PDT,2020-07-01,2020-07-02 02:26:00 UTC,Pacific Time (US & Canada),research,CC-BY-NC,https://www.inaturalist.org/observations/62084876,,https://static.inaturalist.org/sounds/141494.wav?1602211821,1,0,false,"Santa Barbara County, CA, USA",34.9405963818,-120.1774402191,511,511,Merriam's Chipmunk,Neotamias merriami,Merriam's Chipmunk,Mammalia,197810
62085561,b73ea8b8-da40-4f2a-9324-55cc072d4756,2020/10/08 8:07 PM PDT,2020-10-08,2020-10-09 03:07:00 UTC,Pacific Time (US & Canada),research,CC-BY-NC,https://www.inaturalist.org/observations/62085561,,https://static.inaturalist.org/sounds/141500.wav?1602212903,1,0,false,"Turtle Rock, Irvine, CA, USA",33.6557529724,-117.8217331355,193,193,Coyote,Canis latrans,Coyote,Mammalia,42051
62110709,8df5f611-6ff5-4b73-874e-3836b46e093d,Fri Oct 09 2020 06:54:20 GMT-0700 (PDT),2020-10-09,2020-10-09 13:54:20 UTC,Pacific Time (US & Canada),research,CC-BY,https://www.inaturalist.org/observations/62110709,https://inaturalist-open-data.s3.amazonaws.com/photos/99473405/medium.jpg,https://static.inaturalist.org/sounds/141542.m4a?1602252885,3,0,false,"Los Angeles County, US-CA, US",33.8304436138,-118.3276362415,5,28902,Fox Squirrel,Sciurus niger,Eastern Fox Squirrel,Mammalia,46020
62143881,63b8bfd1-fa9f-42ad-86a0-93a237ec47de,2020-10-09 12:18:16 PM PDT,2020-10-09,2020-10-09 19:18:16 UTC,Pacific Time (US & Canada),research,CC-BY-NC,https://www.inaturalist.org/observations/62143881,https://inaturalist-open-data.s3.amazonaws.com/photos/99529891/medium.jpeg,https://static.inaturalist.org/sounds/141617.m4a?1602278290,2,0,false,"Santa Clara County, US-CA, US",37.27925844,-122.05513483,4,4,Merriam's Chipmunk,Neotamias merriami,Merriam's Chipmunk,Mammalia,197810
62150425,ca030880-5bc4-4905-82a7-eed51749698f,2020-10-09 1:37:28 PM PDT,2020-10-09,2020-10-09 20:37:28 UTC,Pacific Time (US & Canada),research,,https://www.inaturalist.org/observations/62150425,https://static.inaturalist.org/photos/99541081/medium.jpeg,https://static.inaturalist.org/sounds/141633.m4a?1602283294,1,0,false,Black Mountain Bowmen Archery Club,37.21807892,-121.7677335441,203,203,California Ground Squirrel,Otospermophilus beecheyi,California Ground Squirrel,Mammalia,180007
62230391,de6f81c2-8820-438d-9404-c2ecb33f8df6,Sat Oct 10 2020 13:20:09 GMT-0700 (PDT),2020-10-10,2020-10-10 20:20:09 UTC,Pacific Time (US & Canada),research,CC-BY-NC-SA,https://www.inaturalist.org/observations/62230391,,https://static.inaturalist.org/sounds/141857.m4a?1602361918,1,0,false,"Santa Clara County, US-CA, US",37.3645872819,-121.9812302331,9,28417,Eastern Gray Squirrel,Sciurus carolinensis,Eastern Gray Squirrel,Mammalia,46017
62432546,b918ce26-307e-4f9b-b2ce-5b30b4b2c099,2020/08/20 8:03 PM PDT,2020-08-20,2020-08-21 03:03:00 UTC,Pacific Time (US & Canada),research,CC-BY-NC,https://www.inaturalist.org/observations/62432546,https://inaturalist-open-data.s3.amazonaws.com/photos/100025519/medium.jpg,https://static.inaturalist.org/sounds/142295.wav?1602535926,1,0,false,Millar Ranch Rd,32.717778,-116.927778,,,Big Brown Bat,Eptesicus fuscus,Big Brown Bat,Mammalia,40509
62432547,10f304e7-c63c-486e-a559-7a5a5fbdb5b2,2020/08/20 8:19 PM PDT,2020-08-20,2020-08-21 03:19:00 UTC,Pacific Time (US & Canada),research,CC-BY-NC,https://www.inaturalist.org/observations/62432547,https://inaturalist-open-data.s3.amazonaws.com/photos/100025565/medium.jpg,https://static.inaturalist.org/sounds/142297.wav?1602535963,1,0,false,Millar Ranch Rd,32.717778,-116.927778,,,Western Bonneted Bat,Eumops perotis,Western Bonneted Bat,Mammalia,41277
62432550,66e256e0-762b-466b-96d9-fbde2e2dde96,2020/08/20 8:48 PM PDT,2020-08-20,2020-08-21 03:48:00 UTC,Pacific Time (US & Canada),research,CC-BY-NC,https://www.inaturalist.org/observations/62432550,https://inaturalist-open-data.s3.amazonaws.com/photos/100025685/medium.jpg,https://static.inaturalist.org/sounds/142300.wav?1602536009,1,0,false,Millar Ranch Rd,32.717778,-116.927778,,,Silver-haired Bat,Lasionycteris noctivagans,Silver-haired Bat,Mammalia,40629
62432556,82d38a73-2c24-4729-832e-d0bea112f79c,2020/08/20 7:59 PM PDT,2020-08-20,2020-08-21 02:59:00 UTC,Pacific Time (US & Canada),research,CC-BY-NC,https://www.inaturalist.org/observations/62432556,https://inaturalist-open-data.s3.amazonaws.com/photos/100025801/medium.jpg,https://static.inaturalist.org/sounds/142302.wav?1602536055,1,0,false,Millar Ranch Rd,32.717778,-116.927778,,,Canyon Bat,Parastrellus hesperus,Canyon Bat,Mammalia,183164
62671854,bfeb14a1-b2b0-49c3-b14e-98fac4876f1b,2020/10/15 09:25 AM PDT,2020-10-15,2020-10-15 16:25:00 UTC,Pacific Time (US & Canada),research,,https://www.inaturalist.org/observations/62671854,,https://static.inaturalist.org/sounds/142972.wav?1602800714,1,0,false,"South of Conant, Long Beach, CA 90808, USA",33.8198459715,-118.1290431802,54,54,Fox Squirrel,Sciurus niger,Eastern Fox Squirrel,Mammalia,46020
62693559,70d34043-3727-4c6a-8c9f-51d03ec8a637,2020/10/14 11:33 PM PDT,2020-10-14,2020-10-15 06:33:00 UTC,Pacific Time (US & Canada),research,CC-BY-NC,https://www.inaturalist.org/observations/62693559,,https://static.inaturalist.org/sounds/143009.mp3?1602830057,1,0,false,"San Mateo County, CA, USA",37.4486260756,-122.3971999582,198,198,Red Fox,Vulpes vulpes,Red Fox,Mammalia,42069
62695223,d71055ed-ba11-4c0e-a62c-41f3260feeea,2020/06/22 12:51 AM PDT,2020-06-22,2020-06-22 07:51:00 UTC,Pacific Time (US & Canada),research,CC-BY-NC,https://www.inaturalist.org/observations/62695223,,https://static.inaturalist.org/sounds/143010.wav?1602834687,1,0,false,"Montara Mountain, California 94019, USA",37.5288888,-122.4272222,1720,1720,Merriam's Chipmunk,Neotamias merriami,Merriam's Chipmunk,Mammalia,197810
62695824,8da0543d-d2bd-446f-8fa8-0654a9644845,2020/07/15 1:08 AM PDT,2020-07-15,2020-07-15 08:08:00 UTC,Pacific Time (US & Canada),research,CC-BY-NC,https://www.inaturalist.org/observations/62695824,,https://static.inaturalist.org/sounds/143013.wav?1602835730,1,0,false,"Año Nuevo Island, California, USA",37.1082935,-122.336614,205,205,California Sea Lion,Zalophus californianus,California Sea Lion,Mammalia,41740
63197568,183e90d3-ea0a-4340-a649-c3490a504ffd,2020-10-21 1:23:01 PM PDT,2020-10-21,2020-10-21 20:23:01 UTC,Pacific Time (US & Canada),research,CC-BY-NC,https://www.inaturalist.org/observations/63197568,https://inaturalist-open-data.s3.amazonaws.com/photos/101385728/medium.jpeg,https://static.inaturalist.org/sounds/144413.m4a?1603316437,2,0,false,"Santa Clara County, US-CA, US",37.24862991,-122.05003183,8,8,Merriam's Chipmunk,Neotamias merriami,Merriam's Chipmunk,Mammalia,197810
63445369,b524cb10-7c07-42dd-a2bc-b7008bb1867d,2020-10-24 6:15:15 PM PDT,2020-10-24,2020-10-25 01:15:15 UTC,Pacific Time (US & Canada),research,,https://www.inaturalist.org/observations/63445369,,https://static.inaturalist.org/sounds/144881.wav?1603588653,1,0,false,"El Segundo, CA 90245, USA",33.92319859,-118.41488573,10,10,Fox Squirrel,Sciurus niger,Eastern Fox Squirrel,Mammalia,46020
63457922,620dcfc1-975c-47d2-9075-d34ff51062b0,2020/10/15 10:04 PM PDT,2020-10-15,2020-10-16 05:04:00 UTC,Pacific Time (US & Canada),research,CC-BY-SA,https://www.inaturalist.org/observations/63457922,,https://static.inaturalist.org/sounds/144892.wav?1603602292,1,0,false,"San Mateo County, CA, USA",37.5716983449,-122.4823794337,15,15,Merriam's Chipmunk,Neotamias merriami,Merriam's Chipmunk,Mammalia,197810
63805985,6e65e992-3320-411e-830b-3a49aa846387,2020/10/12 6:32 PM PDT,2020-10-12,2020-10-13 01:32:00 UTC,Pacific Time (US & Canada),research,CC-BY-NC,https://www.inaturalist.org/observations/63805985,,https://static.inaturalist.org/sounds/145834.m4a?1604035993,2,0,false,"Central San Jose, San Jose, CA, USA",37.3294102764,-121.9362031047,1,1,Écureuil gris,Sciurus carolinensis,Eastern Gray Squirrel,Mammalia,46017
63857344,0bbf9476-e876-4cb2-8494-f88fb526fb91,2020/10/25 11:41 AM PDT,2020-10-25,2020-10-25 18:41:00 UTC,Pacific Time (US & Canada),research,CC-BY-NC,https://www.inaturalist.org/observations/63857344,https://inaturalist-open-data.s3.amazonaws.com/photos/102559007/medium.jpg,https://static.inaturalist.org/sounds/145975.m4a?1604107884,3,0,false,"Mendocino County, CA, USA",39.0721976713,-123.4677732419,175,175,Douglas' Squirrel,Tamiasciurus douglasii,Douglas's Squirrel,Mammalia,46259
64300246,183137a4-9a00-4918-9f69-5333b5e7b257,2020-11-06 9:00:00 AM PST,2020-11-06,2020-11-06 17:00:00 UTC,Pacific Time (US & Canada),research,CC-BY-NC,https://www.inaturalist.org/observations/64300246,https://inaturalist-open-data.s3.amazonaws.com/photos/103353883/medium.jpeg,https://static.inaturalist.org/sounds/147193.wav?1604681675,1,0,false,"Arcata, CA, USA",40.874713115,-124.0649339184,226,226,Douglas' Squirrel,Tamiasciurus douglasii,Douglas's Squirrel,Mammalia,46259
64431422,b897271b-2df6-4353-9839-e7c32b397967,2020/11/02 4:37 AM PST,2020-11-02,2020-11-02 12:37:00 UTC,Pacific Time (US & Canada),research,CC0,https://www.inaturalist.org/observations/64431422,,https://static.inaturalist.org/sounds/147457.m4a?1604839068,1,0,false,"MIddletown, San Diego, CA, USA",32.7348715219,-117.1703233223,342,342,Coyote,Canis latrans,Coyote,Mammalia,42051
64630759,53ae2d3c-7db9-4fbf-8707-8bc4fded7efa,2020/11/09 1:03 PM PST,2020-11-09,2020-11-09 21:03:00 UTC,Pacific Time (US & Canada),research,CC-BY-NC,https://www.inaturalist.org/observations/64630759,https://inaturalist-open-data.s3.amazonaws.com/photos/103930318/medium.jpg,https://static.inaturalist.org/sounds/147976.m4a?1605048029,1,0,false,"Central San Jose, San Jose, CA, USA",37.3295321387,-121.9362645717,8,8,Eastern Gray Squirrel,Sciurus carolinensis,Eastern Gray Squirrel,Mammalia,46017
64650998,adfe7262-e89d-4d73-95d9-cbd30da7c5b8,2020/10/03 8:52 PM PDT,2020-10-03,2020-10-04 03:52:00 UTC,Pacific Time (US & Canada),research,CC-BY-NC,https://www.inaturalist.org/observations/64650998,https://inaturalist-open-data.s3.amazonaws.com/photos/103967104/medium.jpg,https://static.inaturalist.org/sounds/148078.mp3?1605067828,2,0,false,Dixieland,32.818056,-115.755278,,,Coyote,Canis latrans,Coyote,Mammalia,42051
64651000,2cd690a3-c090-4a78-b61a-dd687186f030,2020/10/03 10:41 PM PDT,2020-10-03,2020-10-04 05:41:00 UTC,Pacific Time (US & Canada),research,CC-BY-NC,https://www.inaturalist.org/observations/64651000,https://inaturalist-open-data.s3.amazonaws.com/photos/103967240/medium.jpg,https://static.inaturalist.org/sounds/148080.wav?1605067910,1,0,false,Dixieland,32.818056,-115.755278,,,Lasiurus frantzii,Lasiurus frantzii,Western red bat,Mammalia,1431049
64651005,fabb7a31-dd50-4f01-8c75-96cabbc061f3,2020/10/03 9:46 PM PDT,2020-10-03,2020-10-04 04:46:00 UTC,Pacific Time (US & Canada),research,CC-BY-NC,https://www.inaturalist.org/observations/64651005,https://inaturalist-open-data.s3.amazonaws.com/photos/103967314/medium.jpg,https://static.inaturalist.org/sounds/148082.wav?1605067978,1,0,false,Dixieland,32.818056,-115.755278,,,Silver-haired Bat,Lasionycteris noctivagans,Silver-haired Bat,Mammalia,40629
64651948,6d53049b-6419-44d4-96ef-1b53fd45685f,2020/07/29 4:15 AM PDT,2020-07-29,2020-07-29 11:15:00 UTC,Pacific Time (US & Canada),research,CC-BY-NC,https://www.inaturalist.org/observations/64651948,https://inaturalist-open-data.s3.amazonaws.com/photos/103969158/medium.jpg,https://static.inaturalist.org/sounds/148089.wav?1605069319,1,0,false,House - Santee,32.8496716679,-116.9964898041,,,Big Brown Bat,Eptesicus fuscus,Big Brown Bat,Mammalia,40509
64679601,a5ae0764-97d0-4f4a-9b8a-f29a1663a51b,2020/11/02 10:08 AM PST,2020-11-02,2020-11-02 18:08:00 UTC,Pacific Time (US & Canada),research,CC-BY-NC,https://www.inaturalist.org/observations/64679601,,https://static.inaturalist.org/sounds/148170.wav?1605118125,2,0,false,"Carmel Valley, CA 93924, USA",36.4864895088,-121.7251661991,1164,1164,Gray Fox,Urocyon cinereoargenteus,Gray Fox,Mammalia,42076
65060580,cbc20bb3-1e4b-4786-98af-1cd69dbfc6cb,2020-11-16 9:36:13 PM PST,2020-11-16,2020-11-17 05:36:13 UTC,Pacific Time (US & Canada),research,CC-BY-NC,https://www.inaturalist.org/observations/65060580,,https://static.inaturalist.org/sounds/149273.wav?1605591473,1,0,false,"Fullerton, CA 92835, USA",33.90651157,-117.87620123,12,12,Coyote,Canis latrans,Coyote,Mammalia,42051
65189492,8923191d-808c-45d7-876f-a2d7044ff9ac,2020/11/18 3:27 PM PST,2020-11-18,2020-11-18 23:27:00 UTC,Pacific Time (US & Canada),research,CC-BY-NC,https://www.inaturalist.org/observations/65189492,,https://static.inaturalist.org/sounds/149562.m4a?1605755293,1,0,false,"Woodside, CA, USA",37.4053678917,-122.2593946214,31,31,Western Gray Squirrel,Sciurus griseus,Western Gray Squirrel,Mammalia,46023
65300666,19ed2611-b0af-48ec-b98e-7076d29a32cf,2020/11/20,2020-11-20,,Eastern Time (US & Canada),research,CC-BY-NC,https://www.inaturalist.org/observations/65300666,,https://static.inaturalist.org/sounds/149874.wav?1605915488,1,0,false,"Belmont Heights, Long Beach, CA, USA",33.7724939575,-118.1384856845,31,31,Fox Squirrel,Sciurus niger,Eastern Fox Squirrel,Mammalia,46020
65437965,3d042fd7-94ce-4136-9fe3-6625c4fdee15,2020/11/22 9:08 AM PST,2020-11-22,2020-11-22 17:08:00 UTC,Pacific Time (US & Canada),research,CC-BY-NC,https://www.inaturalist.org/observations/65437965,,https://static.inaturalist.org/sounds/150362.m4a?1606082555,1,0,false,"Sky Londa, Woodside, CA 94062, USA",37.3936824645,-122.2613977999,31,31,Western Gray Squirrel,Sciurus griseus,Western Gray Squirrel,Mammalia,46023
65454612,35837ede-6e00-4582-a0e1-1eca2ef3e1df,Sun Nov 22 2020 09:42:22 GMT-0800 (PST),2020-11-22,2020-11-22 17:42:22 UTC,Pacific Time (US & Canada),research,CC-BY-NC,https://www.inaturalist.org/observations/65454612,,https://static.inaturalist.org/sounds/150385.m4a?1606104319,1,0,false,"Palomar Mountain State Park, Pauma Valley, CA, US",33.3417883333,-116.9012916667,,,Western Gray Squirrel,Sciurus griseus,Western Gray Squirrel,Mammalia,46023
65454714,294b5ea1-92a7-4a3f-bf19-a246c29e5bc6,Sun Nov 22 2020 09:41:22 GMT-0800 (PST),2020-11-22,2020-11-22 17:41:22 UTC,Pacific Time (US & Canada),research,CC-BY-NC,https://www.inaturalist.org/observations/65454714,,https://static.inaturalist.org/sounds/150384.m4a?1606104297,2,0,false,"Palomar Mountain State Park, Pauma Valley, CA, US",33.3417883333,-116.9012916667,,,California Ground Squirrel,Otospermophilus beecheyi,California Ground Squirrel,Mammalia,180007
65515459,b04fec57-54e2-4b1b-a226-c7e2b3c6392f,2020-11-21 12:50:58 PM PST,2020-11-21,2020-11-21 17:50:58 UTC,Eastern Time (US & Canada),research,CC-BY,https://www.inaturalist.org/observations/65515459,https://inaturalist-open-data.s3.amazonaws.com/photos/105464152/medium.jpeg,https://static.inaturalist.org/sounds/150574.wav?1606197044,2,0,false,"Village Homes, Davis, CA 95616, USA",38.55196146,-121.78260098,8,8,Fox Squirrel,Sciurus niger,Eastern Fox Squirrel,Mammalia,46020
65827388,a05a19cc-67c0-4f3e-8797-e1d9b2c7ac19,2020/11/28 9:51 AM PST,2020-11-28,2020-11-28 17:51:00 UTC,Pacific Time (US & Canada),research,CC-BY-NC,https://www.inaturalist.org/observations/65827388,,https://static.inaturalist.org/sounds/151532.m4a?1606672325,2,0,false,"21-99 Old La Honda Rd, Woodside, CA 94062, USA",37.3916497,-122.2544757,191,191,Western Gray Squirrel,Sciurus griseus,Western Gray Squirrel,Mammalia,46023
65904307,d372babd-6682-48da-abce-fd7a2fe85ee0,2020/11/20 12:28 PM PST,2020-11-20,2020-11-20 20:28:00 UTC,Pacific Time (US & Canada),research,CC-BY-NC,https://www.inaturalist.org/observations/65904307,,https://static.inaturalist.org/sounds/151717.m4a?1606768140,2,0,false,"Central San Jose, San Jose, CA, USA",37.3294980141,-121.9362484785,8,8,Écureuil gris,Sciurus carolinensis,Eastern Gray Squirrel,Mammalia,46017
67069873,343793e8-3b40-4762-8497-51e03dce2276,2020-12-23,2020-12-23,,Pacific Time (US & Canada),research,CC-BY,https://www.inaturalist.org/observations/67069873,,https://static.inaturalist.org/sounds/155351.m4a?1608952865,1,0,false,"San Mateo County, US-CA, US",37.280805,-122.286705,,,Western Gray Squirrel,Sciurus griseus,Western Gray Squirrel,Mammalia,46023
67339325,14f841b5-4934-4645-9ae0-2811e30e062a,2020/12/30 12:14 PM PST,2020-12-30,2020-12-30 20:14:00 UTC,Pacific Time (US & Canada),research,CC-BY-NC,https://www.inaturalist.org/observations/67339325,https://inaturalist-open-data.s3.amazonaws.com/photos/108773071/medium.jpeg,https://static.inaturalist.org/sounds/156096.wav?1609387980,1,0,false,"Guadalupe Oak Grove, San Jose, CA, USA",37.2383434084,-121.8798667534,31,31,California Ground Squirrel,Otospermophilus beecheyi,California Ground Squirrel,Mammalia,180007
67354426,fc7c7d86-9fb0-42ae-8659-7d3366fef2b3,2020/12/30 8:50 pM PST,2020-12-30,2020-12-31 04:50:00 UTC,Pacific Time (US & Canada),research,CC-BY-NC,https://www.inaturalist.org/observations/67354426,,https://static.inaturalist.org/sounds/156158.m4a?1609426203,2,0,false,"Borrego Springs, CA 92004, USA",33.1901795741,-116.3154080592,750,750,Coyote,Canis latrans,Coyote,Mammalia,42051
67968016,29f13d4e-74d5-483f-9052-57f172495c53,Tue Jan 12 2021 03:26:42 GMT-0800 (PST),2021-01-12,2021-01-12 03:26:42 UTC,UTC,research,,https://www.inaturalist.org/observations/67968016,https://static.inaturalist.org/photos/109949525/medium.jpg,https://static.inaturalist.org/sounds/158662.m4a?1610668179,1,0,false,"Livermore, CA, US",37.765609338,-121.7105465011,5,5,California Ground Squirrel,Otospermophilus beecheyi,California Ground Squirrel,Mammalia,180007
67990070,6c422389-9ef7-4b30-9ea1-0aae5459395c,2021/01/10 9:03 AM PST,2021-01-10,2021-01-10 17:03:00 UTC,Pacific Time (US & Canada),research,,https://www.inaturalist.org/observations/67990070,https://static.inaturalist.org/photos/109989598/medium.jpeg,https://static.inaturalist.org/sounds/158329.wav?1610513194,1,0,false,"Solano County, CA, USA",38.5065,-122.0971683333,,,Sonoma Chipmunk,Neotamias sonomae,Sonoma Chipmunk,Mammalia,225754
68042555,d0ba72d6-6719-4e23-a14a-31a7fcdc1222,2021/01/13  ,2021-01-13,,Pacific Time (US & Canada),research,CC-BY-NC,https://www.inaturalist.org/observations/68042555,,https://static.inaturalist.org/sounds/158539.wav?1610604825,1,0,false,"Turtle Rock, Irvine, CA, USA",33.6553703513,-117.8209820098,61,61,Coyote,Canis latrans,Coyote,Mammalia,42051
68084128,8e262632-074f-451e-ba53-084099ac9552,2021/01/14 5:58 PM PST,2021-01-14,2021-01-15 01:58:00 UTC,Pacific Time (US & Canada),research,CC-BY-NC,https://www.inaturalist.org/observations/68084128,,https://static.inaturalist.org/sounds/158676.wav?1610676522,2,0,false,"San Anselmo, CA 94960, USA",37.9740534559,-122.578740273,2,2,Gray Fox,Urocyon cinereoargenteus,Gray Fox,Mammalia,42076
68161295,526b2429-8b55-428e-a254-401c14b6df6c,2021/01/13 5:15 PM UTC,2021-01-13,2021-01-13 17:15:00 UTC,UTC,research,CC-BY-NC,https://www.inaturalist.org/observations/68161295,,https://static.inaturalist.org/sounds/158923.m4a?1610817361,1,0,false,"San Bernardino County, CA, USA",34.2210634967,-116.3387906362,4,4,Coyote,Canis latrans,Coyote,Mammalia,42051
68199732,c0ffd94b-c180-4dcd-9b64-ca3cfa69d140,2021/01/16 11:24 AM PST,2021-01-16,2021-01-16 19:24:00 UTC,Pacific Time (US & Canada),research,CC-BY-NC,https://www.inaturalist.org/observations/68199732,,https://static.inaturalist.org/sounds/159027.m4a?1610863048,1,0,false,"Santa Clara County, CA, USA",37.1834980923,-121.9813146879,4,4,Merriam's Chipmunk,Neotamias merriami,Merriam's Chipmunk,Mammalia,197810
68388470,63b51567-9e19-4726-b798-830a7f2493d3,2020/11/09 8:59 AM PST,2020-11-09,2020-11-09 16:59:00 UTC,Pacific Time (US & Canada),research,CC-BY-NC,https://www.inaturalist.org/observations/68388470,https://inaturalist-open-data.s3.amazonaws.com/photos/110722581/medium.jpg,https://static.inaturalist.org/sounds/159662.mp3?1611190855,1,0,false,Oceanside Harbor,33.2081283333,-117.3943183333,,,California Sea Lion,Zalophus californianus,California Sea Lion,Mammalia,41740
68437201,b0a97861-48bc-4c50-afe6-74e2cdbcc157,2021/01/21 6:58 PM PST,2021-01-21,2021-01-22 02:58:00 UTC,Pacific Time (US & Canada),research,CC-BY-NC,https://www.inaturalist.org/observations/68437201,https://static.inaturalist.org/photos/110812479/medium.jpg,https://static.inaturalist.org/sounds/159853.mp3?1611289379,2,0,false,"California, US",36.4770142278,-121.6803748872,5000,28534,North American Mountain Lion,Puma concolor couguar,North American Mountain Lion,Mammalia,143589
68538275,6a4cc0dc-3b39-4d31-9e57-d3a130755159,2021/01/16 18:05 PST,2021-01-16,2021-01-17 02:05:00 UTC,Pacific Time (US & Canada),research,CC-BY-NC,https://www.inaturalist.org/observations/68538275,https://inaturalist-open-data.s3.amazonaws.com/photos/111004659/medium.png,https://static.inaturalist.org/sounds/160243.wav?1611483989,1,0,false,"Solvang, CA, USA",34.59582,-120.137648,4400,4400,Mexican Free-tailed Bat,Tadarida brasiliensis,Mexican Free-tailed Bat,Mammalia,41301
68623190,2edd6710-0287-4f78-9a0c-948561a16598,2020/08/15 8:50 PM PDT,2020-08-15,2020-08-16 03:50:00 UTC,Pacific Time (US & Canada),research,CC-BY-NC,https://www.inaturalist.org/observations/68623190,https://inaturalist-open-data.s3.amazonaws.com/photos/111165647/medium.jpg,https://static.inaturalist.org/sounds/160603.wav?1611625290,1,0,false,Eagle Peak Ranch,33.046944,-116.655278,,,Hoary Bat,Lasiurus cinereus,Northern Hoary Bat,Mammalia,40523
68623191,dfda6b95-43ed-4e32-a106-7d0db7de57f5,2020/08/15 10:02 PM PDT,2020-08-15,2020-08-16 05:02:00 UTC,Pacific Time (US & Canada),research,CC-BY-NC,https://www.inaturalist.org/observations/68623191,https://inaturalist-open-data.s3.amazonaws.com/photos/111165619/medium.jpg,https://static.inaturalist.org/sounds/160601.wav?1611625257,1,0,false,Eagle Peak Ranch,33.046944,-116.655278,,,Lasiurus frantzii,Lasiurus frantzii,Western red bat,Mammalia,1431049
68624956,8d3d9fff-b986-414a-b68b-7d6936c95a29,2020/08/22 10:15 PM PDT,2020-08-22,2020-08-23 05:15:00 UTC,Pacific Time (US & Canada),research,CC-BY-NC,https://www.inaturalist.org/observations/68624956,https://inaturalist-open-data.s3.amazonaws.com/photos/111168669/medium.jpg,https://static.inaturalist.org/sounds/160629.wav?1611627920,1,0,false,Black Canyon Primitive Campground,33.126944,-116.803611,,,Canyon Bat,Parastrellus hesperus,Canyon Bat,Mammalia,183164
68624958,37458196-a159-47ce-ba3e-2fd6c77e4863,2020/08/22 10:02 PM PDT,2020-08-22,2020-08-23 05:02:00 UTC,Pacific Time (US & Canada),research,CC-BY-NC,https://www.inaturalist.org/observations/68624958,https://inaturalist-open-data.s3.amazonaws.com/photos/111168700/medium.jpg,https://static.inaturalist.org/sounds/160630.wav?1611627935,1,0,false,Black Canyon Primitive Campground,33.126944,-116.803611,,,Mexican Free-tailed Bat,Tadarida brasiliensis,Mexican Free-tailed Bat,Mammalia,41301
68627640,9e800342-af3e-44cd-a31e-2a668b9274e1,2020/07/24 8:30 PM PDT,2020-07-24,2020-07-25 03:30:00 UTC,Pacific Time (US & Canada),research,CC-BY-NC,https://www.inaturalist.org/observations/68627640,https://inaturalist-open-data.s3.amazonaws.com/photos/111174233/medium.jpg,https://static.inaturalist.org/sounds/160657.wav?1611633179,1,0,false,Tijuana River Valley,32.55416666,-117.08833333,,,Big Brown Bat,Eptesicus fuscus,Big Brown Bat,Mammalia,40509
68629610,cf780b33-e65f-4e18-82d5-b60c413cfc97,2020/09/25 6:59 PM PDT,2020-09-25,2020-09-26 01:59:00 UTC,Pacific Time (US & Canada),research,CC-BY-NC,https://www.inaturalist.org/observations/68629610,https://inaturalist-open-data.s3.amazonaws.com/photos/111177679/medium.jpg,https://static.inaturalist.org/sounds/160669.wav?1611636738,1,0,false,San Diego NWR (restricted access),32.708921,-116.936015,,,Canyon Bat,Parastrellus hesperus,Canyon Bat,Mammalia,183164
68629612,ca08eeb8-78c8-4b7a-902c-090361073730,2020/09/25 6:54 PM PDT,2020-09-25,2020-09-26 01:54:00 UTC,Pacific Time (US & Canada),research,CC-BY-NC,https://www.inaturalist.org/observations/68629612,https://inaturalist-open-data.s3.amazonaws.com/photos/111177699/medium.jpg,https://static.inaturalist.org/sounds/160670.wav?1611636757,1,0,false,San Diego NWR (restricted access),32.703333,-116.928056,,,Canyon Bat,Parastrellus hesperus,Canyon Bat,Mammalia,183164
68629613,d865be66-3244-44bd-ac2b-87d0220aa4ff,2020/09/25 8:13 PM PDT,2020-09-25,2020-09-26 03:13:00 UTC,Pacific Time (US & Canada),research,CC-BY-NC,https://www.inaturalist.org/observations/68629613,https://inaturalist-open-data.s3.amazonaws.com/photos/111177717/medium.jpg,https://static.inaturalist.org/sounds/160671.wav?1611636775,1,0,false,San Diego NWR (restricted access),32.703333,-116.928056,,,Canyon Bat,Parastrellus hesperus,Canyon Bat,Mammalia,183164
68629614,01321ae2-5bfc-4fec-b4c8-8368391aa510,2020/09/25 7:21 PM PDT,2020-09-25,2020-09-26 02:21:00 UTC,Pacific Time (US & Canada),research,CC-BY-NC,https://www.inaturalist.org/observations/68629614,https://inaturalist-open-data.s3.amazonaws.com/photos/111177733/medium.jpg,https://static.inaturalist.org/sounds/160672.wav?1611636794,1,0,false,San Diego NWR (restricted access),32.708921,-116.936015,,,Canyon Bat,Parastrellus hesperus,Canyon Bat,Mammalia,183164
68630270,6a475f00-0b91-424e-bdf5-57e9916a91d0,2020/07/20 8:32 PM PDT,2020-07-20,2020-07-21 03:32:00 UTC,Pacific Time (US & Canada),research,CC-BY-NC,https://www.inaturalist.org/observations/68630270,https://inaturalist-open-data.s3.amazonaws.com/photos/111179061/medium.jpg,https://static.inaturalist.org/sounds/160677.wav?1611638242,1,0,false,Lake Sutherland,33.12,-116.7886116667,,,Canyon Bat,Parastrellus hesperus,Canyon Bat,Mammalia,183164
68630273,9f49a803-1baa-412b-afc5-f2fb6fb8eddf,2020/07/20 8:51 PM PDT,2020-07-20,2020-07-21 03:51:00 UTC,Pacific Time (US & Canada),research,CC-BY-NC,https://www.inaturalist.org/observations/68630273,https://inaturalist-open-data.s3.amazonaws.com/photos/111179104/medium.jpg,https://static.inaturalist.org/sounds/160679.wav?1611638271,1,0,false,Lake Sutherland,33.12,-116.7886116667,,,Silver-haired Bat,Lasionycteris noctivagans,Silver-haired Bat,Mammalia,40629
68630276,96045b11-9a07-4487-a858-0a277fc52698,2020/07/20 10:13 PM PDT,2020-07-20,2020-07-21 05:13:00 UTC,Pacific Time (US & Canada),research,CC-BY-NC,https://www.inaturalist.org/observations/68630276,https://inaturalist-open-data.s3.amazonaws.com/photos/111179166/medium.jpg,https://static.inaturalist.org/sounds/160682.wav?1611638330,1,0,false,Lake Sutherland,33.12,-116.7886116667,,,Yuma Myotis,Myotis yumanensis,Yuma Myotis,Mammalia,40325
68630277,42688d7c-d53e-4188-b441-970dc68304b9,2020/07/20 10:14 PM PDT,2020-07-20,2020-07-21 05:14:00 UTC,Pacific Time (US & Canada),research,CC-BY-NC,https://www.inaturalist.org/observations/68630277,https://inaturalist-open-data.s3.amazonaws.com/photos/111179191/medium.jpg,https://static.inaturalist.org/sounds/160683.wav?1611638350,1,0,false,Lake Sutherland,33.12,-116.7886116667,,,Yuma Myotis,Myotis yumanensis,Yuma Myotis,Mammalia,40325
68633749,9ae2cb15-82cd-4744-8566-7f7ceb15c6e0,2021/01/16 18:10 PST,2021-01-16,2021-01-17 02:10:00 UTC,Pacific Time (US & Canada),research,CC-BY-NC,https://www.inaturalist.org/observations/68633749,https://inaturalist-open-data.s3.amazonaws.com/photos/111187202/medium.png,https://static.inaturalist.org/sounds/160698.wav?1611648473,1,0,false,"Santa Ynez, CA, USA",34.6167684474,-120.103727483,122,122,California Myotis,Myotis californicus,California Myotis,Mammalia,40342
68675426,eb26d2b4-e017-447d-b47c-c33dc16966fc,2021-01-26 10:09:54 PM PST,2021-01-26,2021-01-27 06:09:54 UTC,Pacific Time (US & Canada),research,,https://www.inaturalist.org/observations/68675426,,https://static.inaturalist.org/sounds/160830.wav?1611728108,1,0,false,"San Diego County, US-CA, US",32.712582215,-116.9671439543,11335,29066,Coyote,Canis latrans,Coyote,Mammalia,42051
68693132,4be8b6a7-4572-4a23-88ed-29907284b77f,2021/01/27 1:14 PM CST,2021-01-27,2021-01-27 19:14:00 UTC,Central Time (US & Canada),research,CC-BY-NC,https://www.inaturalist.org/observations/68693132,,https://static.inaturalist.org/sounds/160924.m4a?1611774867,1,0,false,"California, US",37.9443218976,-122.2670503372,4,28329,Coyote,Canis latrans,Coyote,Mammalia,42051
68752193,105af269-ec96-401f-a48f-6c9ed0123b43,2020/10/13 11:17 PM PDT,2020-10-13,2020-10-14 06:17:00 UTC,Pacific Time (US & Canada),research,CC-BY-NC,https://www.inaturalist.org/observations/68752193,,https://static.inaturalist.org/sounds/161162.wav?1611904646,1,0,false,"Carmel Valley, CA 93924, USA",36.4846948374,-121.7123967439,977,977,Coyote,Canis latrans,Coyote,Mammalia,42051
68794930,0d26b87e-dfd8-40f9-ab19-7ca87d46affa,Fri Jan 29 2021 22:16:17 GMT-0800 (PST),2021-01-29,2021-01-30 03:16:17 UTC,Eastern Time (US & Canada),research,CC-BY-NC,https://www.inaturalist.org/observations/68794930,https://inaturalist-open-data.s3.amazonaws.com/photos/111484166/medium.jpg,https://static.inaturalist.org/sounds/161268.m4a?1611990588,1,0,false,"Upper Jordan Trail, Oakland, CA, US",37.8760082458,-122.2301818689,642,642,Canis latrans,Canis latrans,Coyote,Mammalia,42051
69126832,e865ef2b-d4e0-46c1-b68c-d85f9c243b73,Fri Feb 05 2021 20:49:55 GMT-0800 (PST),2021-02-05,2021-02-06 01:49:55 UTC,Eastern Time (US & Canada),research,CC-BY-NC,https://www.inaturalist.org/observations/69126832,,https://static.inaturalist.org/sounds/162471.m4a?1612591525,2,0,false,"Tilden Regional Park, Orinda, CA, US",37.882492425,-122.22126675,126,126,Canis latrans,Canis latrans,Coyote,Mammalia,42051
69249109,0a57adf0-d399-4e7c-bdf2-76546b9932bf,2021/02/06 6:20 PM PST,2021-02-06,2021-02-07 02:20:00 UTC,Pacific Time (US & Canada),research,CC-BY-NC,https://www.inaturalist.org/observations/69249109,https://inaturalist-open-data.s3.amazonaws.com/photos/112328344/medium.png,https://static.inaturalist.org/sounds/162930.wav?1612772203,1,0,false,"Santa Ynez, CA, USA",34.6167684474,-120.103727483,122,122,California Myotis,Myotis californicus,California Myotis,Mammalia,40342
69321062,31ffc23a-5139-4ce2-97d4-adcf640c5ed0,2021/02/04 2:17 PM PST,2021-02-04,2021-02-04 22:17:00 UTC,Pacific Time (US & Canada),research,CC-BY,https://www.inaturalist.org/observations/69321062,,https://static.inaturalist.org/sounds/163251.m4a?1612904213,2,0,false,"San Pedro Valley County Park, California, USA",37.5738492,-122.4839203,7,7,Merriam's Chipmunk,Neotamias merriami,Merriam's Chipmunk,Mammalia,197810
69333207,d68982ac-d253-4442-9f05-69014f28aba5,2020/10/15 12:30 PM PDT,2020-10-15,2020-10-15 19:30:00 UTC,Pacific Time (US & Canada),research,,https://www.inaturalist.org/observations/69333207,https://inaturalist-open-data.s3.amazonaws.com/photos/112491769/medium.jpeg,https://static.inaturalist.org/sounds/168655.wav?1614835805,3,0,false,"Santa Barbara County, CA, USA",34.443391561,-119.8014764954,30,30,Fox Squirrel,Sciurus niger,Eastern Fox Squirrel,Mammalia,46020
69336948,4bccf321-aefb-44fd-bd07-702ce18b33f8,2021/02/09 7:27 PM PST,2021-02-09,2021-02-10 03:27:00 UTC,Pacific Time (US & Canada),research,CC-BY-NC,https://www.inaturalist.org/observations/69336948,,https://static.inaturalist.org/sounds/163356.wav?1612927690,1,0,false,"Turtle Rock, Irvine, CA, USA",33.6545198732,-117.8205959649,210,210,Coyote,Canis latrans,Coyote,Mammalia,42051
69338660,733787b9-5aa9-4ee3-98ba-f552a7e764ec,2020/08/19 9:47 PM PDT,2020-08-19,2020-08-20 04:47:00 UTC,Pacific Time (US & Canada),research,CC-BY-NC,https://www.inaturalist.org/observations/69338660,https://inaturalist-open-data.s3.amazonaws.com/photos/112500738/medium.jpg,https://static.inaturalist.org/sounds/163380.wav?1612929969,1,0,false,Proctor Valley Vernal Pool Restoration Project,32.674722,-116.920833,,,Mexican Free-tailed Bat,Tadarida brasiliensis,Mexican Free-tailed Bat,Mammalia,41301
69371469,fedf5e37-ab24-434b-80f6-9f822eb6f901,2020/10/02 6:50 PM PDT,2020-10-02,2020-10-03 01:50:00 UTC,Pacific Time (US & Canada),research,CC-BY-NC,https://www.inaturalist.org/observations/69371469,https://inaturalist-open-data.s3.amazonaws.com/photos/112537265/medium.jpg,https://static.inaturalist.org/sounds/163457.wav?1612976908,1,0,false,Yuha Desert,32.676308333,-115.906393333,,,Canyon Bat,Parastrellus hesperus,Canyon Bat,Mammalia,183164
69371470,9d3afa2b-62ff-49b2-b48c-3281f8b7cac2,2020/10/02 7:08 PM PDT,2020-10-02,2020-10-03 02:08:00 UTC,Pacific Time (US & Canada),research,CC-BY-NC,https://www.inaturalist.org/observations/69371470,https://inaturalist-open-data.s3.amazonaws.com/photos/112537280/medium.jpg,https://static.inaturalist.org/sounds/163458.wav?1612976928,1,0,false,Yuha Desert,32.676308333,-115.906393333,,,Canyon Bat,Parastrellus hesperus,Canyon Bat,Mammalia,183164
69372145,4bfff2f0-e0df-4609-bbca-cbd3cd7ccf8b,2020/07/25 11:27 PM PDT,2020-07-25,2020-07-26 06:27:00 UTC,Pacific Time (US & Canada),research,CC-BY-NC,https://www.inaturalist.org/observations/69372145,https://inaturalist-open-data.s3.amazonaws.com/photos/112539172/medium.jpg,https://static.inaturalist.org/sounds/163466.wav?1612978435,1,0,false,Narrows - 78 San Felipe Creek,33.1058333333,-116.4511116667,,,Canyon Bat,Parastrellus hesperus,Canyon Bat,Mammalia,183164
69382632,f51bf274-ac80-45d7-9357-fce317759a34,2021/01/23 4:59 PM PST,2021-01-23,2021-01-24 00:59:00 UTC,Pacific Time (US & Canada),research,CC-BY,https://www.inaturalist.org/observations/69382632,,https://static.inaturalist.org/sounds/163499.m4a?1612994400,1,0,false,"Mill Valley, CA 94941, USA",37.9110311417,-122.5245930075,4,4,Eastern Gray Squirrel,Sciurus carolinensis,Eastern Gray Squirrel,Mammalia,46017
69436060,3b0a223c-4886-4a96-83c6-0aa56fed0234,2021-02-11 4:43:45 PM PST,2021-02-11,2021-02-12 00:43:45 UTC,Pacific Time (US & Canada),research,,https://www.inaturalist.org/observations/69436060,,https://static.inaturalist.org/sounds/163692.wav?1613091800,1,0,false,"San Diego National Wildlife Refuge, Spring Valley, San Diego, California, USA",32.724482,-116.94189,245,245,Coyote,Canis latrans,Coyote,Mammalia,42051
69602315,adb78352-13b4-4eed-89f3-29cb8fe0f6ca,2021/02/14 10:37 AM PST,2021-02-14,2021-02-14 18:37:00 UTC,Pacific Time (US & Canada),research,CC-BY-NC,https://www.inaturalist.org/observations/69602315,,https://static.inaturalist.org/sounds/164276.wav?1613362572,1,0,false,"Creek Drive, Menlo Park",37.4416883327,-122.1771944832,2,2,Eastern Gray Squirrel,Sciurus carolinensis,Eastern Gray Squirrel,Mammalia,46017
69657986,c253f5c4-9c33-4cbb-9384-a2a2acf33f4c,2021-02-15 3:18:52 PM PST,2021-02-15,2021-02-15 15:18:52 UTC,UTC,research,,https://www.inaturalist.org/observations/69657986,https://static.inaturalist.org/photos/113075204/medium.jpeg,https://static.inaturalist.org/sounds/164516.m4a?1613459550,3,0,false,"Point Reyes, California, USA",37.998887,-122.983209,,,Northern Elephant Seal,Mirounga angustirostris,Northern Elephant Seal,Mammalia,41728
70003138,65988f06-d106-47a4-89cc-32ff2a51d6c5,2021/02/21 11:59 AM PST,2021-02-21,2021-02-21 19:59:00 UTC,Pacific Time (US & Canada),research,CC0,https://www.inaturalist.org/observations/70003138,,https://static.inaturalist.org/sounds/165992.mp3?1614026100,2,0,false,"Alameda County, CA, USA",37.510213613,-121.823744836,134,134,California Ground Squirrel,Otospermophilus beecheyi,California Ground Squirrel,Mammalia,180007
70017349,0f435dcc-ea47-4101-900f-d0a5eb8fb7dd,2021/02/22 10:15 AM PST,2021-02-22,2021-02-22 18:15:00 UTC,Pacific Time (US & Canada),research,CC-BY-NC,https://www.inaturalist.org/observations/70017349,,https://static.inaturalist.org/sounds/166017.wav?1614044976,1,0,false,"San Mateo County, CA, USA",37.3422223708,-122.2234414855,15,15,Merriam's Chipmunk,Neotamias merriami,Merriam's Chipmunk,Mammalia,197810
70027269,8ac4cf55-a9b5-4df9-9a23-0663b25fe527,Sat Feb 20 2021 20:10:57 GMT-0800 (PST),2021-02-20,2021-02-21 04:10:57 UTC,Pacific Time (US & Canada),research,CC-BY-NC,https://www.inaturalist.org/observations/70027269,,https://static.inaturalist.org/sounds/166047.m4a?1614065463,1,0,false,"Anza-Borrego Desert State Park, Borrego Springs, CA, US",33.2766226086,-116.4016491042,25,25,Coyote,Canis latrans,Coyote,Mammalia,42051
70206206,9409f814-0ed3-4988-9b25-06cfc3ec4c82,2021-02-26 9:59:49 AM PST,2021-02-26,2021-02-26 09:59:49 UTC,UTC,research,CC-BY-NC,https://www.inaturalist.org/observations/70206206,https://inaturalist-open-data.s3.amazonaws.com/photos/114082707/medium.jpeg,https://static.inaturalist.org/sounds/166859.wav?1614362708,2,0,false,"Rollingwood, CA 94806, USA",37.9658615,-122.3249701,17,17,Fox Squirrel,Sciurus niger,Eastern Fox Squirrel,Mammalia,46020
70469712,2d52e911-82cb-472a-a93f-1dbc5eb98cd9,2021/02/01 6:00 PM PST,2021-02-01,2021-02-02 02:00:00 UTC,Pacific Time (US & Canada),research,CC-BY-NC,https://www.inaturalist.org/observations/70469712,https://inaturalist-open-data.s3.amazonaws.com/photos/114568991/medium.jpg,https://static.inaturalist.org/sounds/168586.m4a?1614807571,3,0,false,"San Luis Obispo County, CA, USA",35.6632178625,-121.2576846813,67,67,Northern Elephant Seal,Mirounga angustirostris,Northern Elephant Seal,Mammalia,41728
70828944,99fa69be-809c-4202-992d-d78157c11924,2020/08/12 10:32 PM PDT,2020-08-12,2020-08-13 05:32:00 UTC,Pacific Time (US & Canada),research,CC-BY-NC,https://www.inaturalist.org/observations/70828944,https://inaturalist-open-data.s3.amazonaws.com/photos/115215242/medium.jpg,https://static.inaturalist.org/sounds/170251.wav?1615228775,1,0,false,Sloane Canyon,32.766111,-116.831944,,,Lasiurus frantzii,Lasiurus frantzii,Western red bat,Mammalia,1431049
70828960,b5f72a66-c449-436f-9319-b33135c4ac50,2020/10/14 6:44 PM PDT,2020-10-14,2020-10-15 01:44:00 UTC,Pacific Time (US & Canada),research,CC-BY-NC,https://www.inaturalist.org/observations/70828960,https://inaturalist-open-data.s3.amazonaws.com/photos/115215710/medium.jpg,https://static.inaturalist.org/sounds/170264.wav?1615228974,1,0,false,Sloane Canyon,32.763611,-116.846111,,,Mexican Free-tailed Bat,Tadarida brasiliensis,Mexican Free-tailed Bat,Mammalia,41301
70888289,3f72518f-211a-4f29-b1f3-7f6ac43c0b37,2020/07/22 9:59 PM PDT,2020-07-22,2020-07-23 04:59:00 UTC,Pacific Time (US & Canada),research,CC-BY-NC,https://www.inaturalist.org/observations/70888289,https://inaturalist-open-data.s3.amazonaws.com/photos/115323427/medium.jpg,https://static.inaturalist.org/sounds/170596.wav?1615313945,1,0,false,Proctor Valley Natural Resource Area,32.6579166667,-116.934695,,,Lasiurus frantzii,Lasiurus frantzii,Western red bat,Mammalia,1431049
70888295,59695831-5a87-4a29-ab10-421aeb5ee480,2020/07/22 8:27 PM PDT,2020-07-22,2020-07-23 03:27:00 UTC,Pacific Time (US & Canada),research,CC-BY-NC,https://www.inaturalist.org/observations/70888295,https://inaturalist-open-data.s3.amazonaws.com/photos/115323553/medium.jpg,https://static.inaturalist.org/sounds/170600.wav?1615314007,1,0,false,Proctor Valley Natural Resource Area,32.6579166667,-116.934695,,,Canyon Bat,Parastrellus hesperus,Canyon Bat,Mammalia,183164
71461187,d4aaf3f6-d7ba-49dd-b556-5650653ce28d,2021/03/17 12:28 PM PDT,2021-03-17,2021-03-17 19:28:00 UTC,Pacific Time (US & Canada),research,CC-BY-NC,https://www.inaturalist.org/observations/71461187,,https://static.inaturalist.org/sounds/173618.wav?1616031457,1,0,false,"Santa Clara County, CA, USA",37.3362684878,-121.716009314,8,8,California Ground Squirrel,Otospermophilus beecheyi,California Ground Squirrel,Mammalia,180007
72086115,73866274-b17d-4bea-b54f-df1803f6da42,2021/03/13 5:54 PM PST,2021-03-13,2021-03-14 01:54:00 UTC,Pacific Time (US & Canada),research,CC-BY-NC,https://www.inaturalist.org/observations/72086115,https://inaturalist-open-data.s3.amazonaws.com/photos/117711783/medium.jpg,https://static.inaturalist.org/sounds/177093.wav?1616766020,8,0,false,"Monterey County, CA, USA",36.4360803528,-121.7721102,489,489,Mountain Lion,Puma concolor,Mountain Lion,Mammalia,42007
72343878,879635f8-f94a-4d13-9e8f-cf91406f560d,2021-03-28 11:15:46 PM PDT,2021-03-28,2021-03-29 06:15:46 UTC,Pacific Time (US & Canada),research,,https://www.inaturalist.org/observations/72343878,,https://static.inaturalist.org/sounds/178656.wav?1617008080,1,0,false,"South Redondo, Redondo Beach, CA 90277, USA",33.8398428,-118.3905681,1100,1100,California Sea Lion,Zalophus californianus,California Sea Lion,Mammalia,41740
72414594,5bb939de-ae27-4f45-8dcc-46c64d934718,2021-03-29,2021-03-29,,Pacific Time (US & Canada),research,CC-BY-NC,https://www.inaturalist.org/observations/72414594,https://inaturalist-open-data.s3.amazonaws.com/photos/118060820/medium.jpeg,https://static.inaturalist.org/sounds/179147.wav?1617069720,1,0,false,"San Diego County, US-CA, US",33.20827662,-117.3944131,13,13,California Sea Lion,Zalophus californianus,California Sea Lion,Mammalia,41740
72575546,7495419d-22b2-4e40-9d1b-50d7ba421663,2021-03-31 6:36:16 PM PDT,2021-03-31,2021-04-01 01:36:16 UTC,Pacific Time (US & Canada),research,CC0,https://www.inaturalist.org/observations/72575546,https://inaturalist-open-data.s3.amazonaws.com/photos/118351036/medium.jpeg,https://static.inaturalist.org/sounds/180098.m4a?1617241093,2,0,false,"Cupertino, CA, USA",37.3264270997,-122.0480395997,,,Eastern Gray Squirrel,Sciurus carolinensis,Eastern Gray Squirrel,Mammalia,46017
72637568,ad2a7a55-34d0-4d7d-9d40-6d1f9521f038,2021/03/31 ,2021-03-31,,Eastern Time (US & Canada),research,CC-BY-NC,https://www.inaturalist.org/observations/72637568,,https://static.inaturalist.org/sounds/180398.wav?1617313724,1,0,false,"Avalon, CA 90704, USA",33.3275378784,-118.3431742069,61,61,Otospermophilus beecheyi nesioticus,Otospermophilus beecheyi nesioticus,Catalina Ground Squirrel,Mammalia,537770
72663391,d438675e-09f0-497f-bdf4-fc6042e91a01,2021-04-01 10:06:08 PM PDT,2021-04-01,2021-04-02 05:06:08 UTC,Pacific Time (US & Canada),research,CC-BY-NC,https://www.inaturalist.org/observations/72663391,,https://static.inaturalist.org/sounds/180503.m4a?1617340089,1,0,false,"SN JUN BATSTA, CA 95045, USA",36.76106607,-121.50256753,9,9,Western Bobcat,Lynx rufus fasciatus,Western Bobcat,Mammalia,632299
72863999,8c7bc473-1a2c-45e2-a6c3-ccf99983c22c,2021/03/31 7:51 PM PDT,2021-03-31,2021-04-01 02:51:00 UTC,Pacific Time (US & Canada),research,CC-BY-NC,https://www.inaturalist.org/observations/72863999,https://inaturalist-open-data.s3.amazonaws.com/photos/118878542/medium.jpg,https://static.inaturalist.org/sounds/181443.wav?1617510520,1,0,false,House - Santee,32.8496716679,-116.9964898041,,,Hoary Bat,Lasiurus cinereus,Northern Hoary Bat,Mammalia,40523
73089968,46d4787a-0e89-4481-9906-160a09b41dd4,Wed Mar 31 2021 21:08:00 GMT-0700 (PDT),2021-03-31,2021-04-01 04:08:00 UTC,Pacific Time (US & Canada),research,CC-BY-NC,https://www.inaturalist.org/observations/73089968,https://inaturalist-open-data.s3.amazonaws.com/photos/119282756/medium.png,https://static.inaturalist.org/sounds/182714.wav?1617690443,1,0,false,"Solvang, CA 93463, USA",34.584664805,-120.1445447256,84,84,Yuma Myotis,Myotis yumanensis,Yuma Myotis,Mammalia,40325
73788205,27c88f39-af1e-46ec-a762-950c61edff49,Mon Apr 12 2021 15:23:57 GMT-0700 (PDT),2021-04-12,2021-04-12 22:23:57 UTC,Pacific Time (US & Canada),research,CC-BY-NC-SA,https://www.inaturalist.org/observations/73788205,https://inaturalist-open-data.s3.amazonaws.com/photos/120515529/medium.jpg,https://static.inaturalist.org/sounds/186676.m4a?1618266534,1,0,false,"Princeton Ave, Half Moon Bay, CA, US",37.5035133333,-122.488695,14,14,California Sea Lion,Zalophus californianus,California Sea Lion,Mammalia,41740
74185701,0e2dbfe5-2464-43b0-8f95-e9f2290943cc,2021/04/15 7:48 PM PDT,2021-04-15,2021-04-16 02:48:00 UTC,Pacific Time (US & Canada),research,CC-BY-NC,https://www.inaturalist.org/observations/74185701,https://inaturalist-open-data.s3.amazonaws.com/photos/121206373/medium.jpg,https://static.inaturalist.org/sounds/188898.wav?1618610313,1,0,false,House - Santee,32.8496716679,-116.9964898041,,,Silver-haired Bat,Lasionycteris noctivagans,Silver-haired Bat,Mammalia,40629
74185722,588386b5-b7fa-4155-9341-b6a4dad9193a,2021/04/04 9:18 PM PDT,2021-04-04,2021-04-05 04:18:00 UTC,Pacific Time (US & Canada),research,CC-BY-NC,https://www.inaturalist.org/observations/74185722,https://inaturalist-open-data.s3.amazonaws.com/photos/121208799/medium.jpg,https://static.inaturalist.org/sounds/188918.wav?1618611151,1,0,false,House - Santee,32.8496716679,-116.9964898041,,,Mexican Free-tailed Bat,Tadarida brasiliensis,Mexican Free-tailed Bat,Mammalia,41301
74185724,b31536ea-bf34-4625-9f7f-86f127282ac7,2021/04/05 7:54 PM PDT,2021-04-05,2021-04-06 02:54:00 UTC,Pacific Time (US & Canada),research,CC-BY-NC,https://www.inaturalist.org/observations/74185724,https://inaturalist-open-data.s3.amazonaws.com/photos/121209050/medium.jpg,https://static.inaturalist.org/sounds/188919.wav?1618611248,1,0,false,House - Santee,32.8496716679,-116.9964898041,,,Mexican Free-tailed Bat,Tadarida brasiliensis,Mexican Free-tailed Bat,Mammalia,41301
74185727,a0c78ae3-f706-4357-a9ba-0c9df5a77ec3,2021/04/06 7:42 PM PDT,2021-04-06,2021-04-07 02:42:00 UTC,Pacific Time (US & Canada),research,CC-BY-NC,https://www.inaturalist.org/observations/74185727,https://inaturalist-open-data.s3.amazonaws.com/photos/121209206/medium.jpg,https://static.inaturalist.org/sounds/188923.wav?1618611309,1,0,false,House - Santee,32.8496716679,-116.9964898041,,,Mexican Free-tailed Bat,Tadarida brasiliensis,Mexican Free-tailed Bat,Mammalia,41301
74185729,70277765-9871-4b9f-a7d9-ab73055b2954,2021/04/15 11:39 PM PDT,2021-04-15,2021-04-16 06:39:00 UTC,Pacific Time (US & Canada),research,CC-BY-NC,https://www.inaturalist.org/observations/74185729,https://inaturalist-open-data.s3.amazonaws.com/photos/121209803/medium.jpg,https://static.inaturalist.org/sounds/188927.wav?1618611548,1,0,false,House - Santee,32.8496716679,-116.9964898041,,,Mexican Free-tailed Bat,Tadarida brasiliensis,Mexican Free-tailed Bat,Mammalia,41301
74485735,fb443ead-ac8c-442e-9a06-5e6791b5ff2b,2021/04/18 3:15 PM PDT,2021-04-18,2021-04-18 22:15:00 UTC,Pacific Time (US & Canada),research,CC-BY-NC,https://www.inaturalist.org/observations/74485735,,https://static.inaturalist.org/sounds/190711.wav?1618805273,1,0,false,"Santa Clara County, CA, USA",37.2079856381,-122.0410243965,15,15,Eastern Gray Squirrel,Sciurus carolinensis,Eastern Gray Squirrel,Mammalia,46017
74490775,ecda0cba-2ca0-47b2-b5e1-1bc8d11ab4ab,Sun Apr 18 2021 22:51:03 GMT-0700 (PDT),2021-04-18,2021-04-19 05:51:03 UTC,Pacific Time (US & Canada),research,,https://www.inaturalist.org/observations/74490775,,https://static.inaturalist.org/sounds/190737.m4a?1618811483,1,0,false,"Labrusca, Mission Viejo, CA, US",33.6331770988,-117.638191972,5,5,Coyote,Canis latrans,Coyote,Mammalia,42051
75144517,9f46a60d-d59b-4b9a-ab86-5e26b8e0af0b,2021/04/24 8:19 PM PDT,2021-04-24,2021-04-25 03:19:00 UTC,Pacific Time (US & Canada),research,CC-BY-NC,https://www.inaturalist.org/observations/75144517,https://inaturalist-open-data.s3.amazonaws.com/photos/122900026/medium.jpg,https://static.inaturalist.org/sounds/194636.wav?1619331684,1,0,false,Sycamore Creek Rd,33.0433333333,-117.041945,,,Hoary Bat,Lasiurus cinereus,Northern Hoary Bat,Mammalia,40523
75144519,75bbf26e-81fc-485a-97c9-d84de8ac8bc2,2021/04/24 7:56 PM PDT,2021-04-24,2021-04-25 02:56:00 UTC,Pacific Time (US & Canada),research,CC-BY-NC,https://www.inaturalist.org/observations/75144519,https://inaturalist-open-data.s3.amazonaws.com/photos/122900095/medium.jpg,https://static.inaturalist.org/sounds/194638.wav?1619331726,3,0,false,Sycamore Creek Rd,33.0433333333,-117.041945,,,Canyon Bat,Parastrellus hesperus,Canyon Bat,Mammalia,183164
75144520,976c6822-b72e-4d6b-9280-75c060b3ae31,2021/04/24 7:36 PM PDT,2021-04-24,2021-04-25 02:36:00 UTC,Pacific Time (US & Canada),research,CC-BY-NC,https://www.inaturalist.org/observations/75144520,https://inaturalist-open-data.s3.amazonaws.com/photos/122900140/medium.jpg,https://static.inaturalist.org/sounds/194639.wav?1619331757,2,0,false,Sycamore Creek Rd,33.0433333333,-117.041945,,,Mexican Free-tailed Bat,Tadarida brasiliensis,Mexican Free-tailed Bat,Mammalia,41301
75401092,a516dd71-df40-4b06-8ea3-66ea1ce34426,2021-04-25 2:29:38 PM PDT,2021-04-25,2021-04-25 21:29:38 UTC,Pacific Time (US & Canada),research,,https://www.inaturalist.org/observations/75401092,,https://static.inaturalist.org/sounds/196369.wav?1619502506,2,0,false,"Pacific Grove, CA, USA",36.6271835,-121.9272224,1399,1399,Western Gray Squirrel,Sciurus griseus,Western Gray Squirrel,Mammalia,46023
75554952,9a31adf0-1db0-4509-acdf-53d5a8ab2d7f,Fri Apr 09 2021 21:08:00 GMT-0700 (PDT),2021-04-09,2021-04-10 04:08:00 UTC,Pacific Time (US & Canada),research,CC-BY-NC,https://www.inaturalist.org/observations/75554952,,https://static.inaturalist.org/sounds/197406.m4a?1619628012,2,0,false,"Mount Diablo, Clayton, CA, US",37.92447801,-121.9335108218,24,24,Coyote,Canis latrans,Coyote,Mammalia,42051
75556407,e88bcabb-0906-41dd-9c6d-ce62b517a496,Wed Apr 28 2021 09:52:50 GMT-0700 (PDT),2021-04-28,2021-04-28 16:52:50 UTC,Pacific Time (US & Canada),research,,https://www.inaturalist.org/observations/75556407,,https://static.inaturalist.org/sounds/197431.m4a?1619628816,1,0,false,"N Old Stage Rd, Mount Shasta, CA, US",41.315898284,-122.3327165436,18,18,Western Gray Squirrel,Sciurus griseus,Western Gray Squirrel,Mammalia,46023
75889763,df47ba6c-5948-4cf1-b4ee-1126f60eef54,2021-04-22 19:08:51,2021-04-22,2021-04-23 02:08:51 UTC,Pacific Time (US & Canada),research,,https://www.inaturalist.org/observations/75889763,https://static.inaturalist.org/photos/124174735/medium.jpeg,https://static.inaturalist.org/sounds/200061.wav?1619807592,2,0,false,"Earlimart, CA 93219, USA",35.8634786877,-119.3909423053,9,9,Mexican Free-tailed Bat,Tadarida brasiliensis,Mexican Free-tailed Bat,Mammalia,41301
76004119,3538d020-c73a-4450-a70d-432eee28da48,2021/04/29 9:30 PM PDT,2021-04-29,2021-04-30 04:30:00 UTC,Pacific Time (US & Canada),research,CC-BY-NC,https://www.inaturalist.org/observations/76004119,https://inaturalist-open-data.s3.amazonaws.com/photos/124353535/medium.jpg,https://static.inaturalist.org/sounds/200738.mp3?1619832776,2,0,false,Sloane Canyon,32.7636116667,-116.8458333333,,,Coyote,Canis latrans,Coyote,Mammalia,42051
76004146,aa8960ba-e668-4478-8e68-0044c5980b38,2021/04/29 7:53 PM PDT,2021-04-29,2021-04-30 02:53:00 UTC,Pacific Time (US & Canada),research,CC-BY-NC,https://www.inaturalist.org/observations/76004146,https://inaturalist-open-data.s3.amazonaws.com/photos/124354489/medium.jpg,https://static.inaturalist.org/sounds/200753.wav?1619832913,1,0,false,Sloane Canyon,32.7636116667,-116.8458333333,,,Canyon Bat,Parastrellus hesperus,Canyon Bat,Mammalia,183164
76035041,0be22c04-9cde-4f60-bf3b-13dff7f354d4,Fri Apr 30 2021 21:02:32 GMT-0700 (PDT),2021-04-30,2021-05-01 04:02:32 UTC,Pacific Time (US & Canada),research,CC-BY-NC,https://www.inaturalist.org/observations/76035041,,https://static.inaturalist.org/sounds/200900.m4a?1619842012,1,0,false,"Mount Diablo, Clayton, CA, US",37.9236436471,-121.9349522104,107,107,Coyote,Canis latrans,Coyote,Mammalia,42051
76365548,2fb509b1-9f81-4d82-93fb-9bdf84e0a6c7,2021/05/01 10:43 AM PDT,2021-05-01,2021-05-01 17:43:00 UTC,Pacific Time (US & Canada),research,CC-BY-NC,https://www.inaturalist.org/observations/76365548,,https://static.inaturalist.org/sounds/203619.mp3?1619916348,1,0,false,"Monrovia, CA, USA",34.158785274,-118.0112219267,122,122,California Ground Squirrel,Otospermophilus beecheyi,California Ground Squirrel,Mammalia,180007
76700480,4fd3e656-456a-47b8-862d-8583e22fd87c,Sun May 02 2021 09:53:57 GMT-0700 (PDT),2021-05-02,2021-05-02 16:53:57 UTC,Pacific Time (US & Canada),research,CC-BY-NC,https://www.inaturalist.org/observations/76700480,,https://static.inaturalist.org/sounds/206248.m4a?1619990586,1,0,false,"Sonoma County, US-CA, US",38.4660578287,-122.7099308745,5,5,Western Gray Squirrel,Sciurus griseus,Western Gray Squirrel,Mammalia,46023
76716839,c2f6522e-2b2e-4bdb-9c64-4d2d84436fc4,2021-05-02 11:21:26,2021-05-02,2021-05-02 18:21:26 UTC,Pacific Time (US & Canada),research,CC-BY-NC,https://www.inaturalist.org/observations/76716839,,https://static.inaturalist.org/sounds/206351.wav?1619993262,1,0,false,"Joseph D. Grant County Park, Santa Clara County, US-CA, US",37.3532652785,-121.6927681491,4,4,California Ground Squirrel,Otospermophilus beecheyi,California Ground Squirrel,Mammalia,180007
76968294,4ab437dc-941b-4b0e-bb93-ad9b9d10fd47,Mon May 03 2021 08:36:47 GMT-0700 (PDT),2021-05-03,2021-05-03 15:36:47 UTC,Pacific Time (US & Canada),research,CC-BY-NC,https://www.inaturalist.org/observations/76968294,,https://static.inaturalist.org/sounds/208273.m4a?1620056239,1,0,false,"Balboa Park, San Diego, CA, US",32.7383856336,-117.1366228257,5,5,California Ground Squirrel,Otospermophilus beecheyi,California Ground Squirrel,Mammalia,180007
77262868,a394ff68-7dac-470b-85cf-8a40d622afc6,2021/05/03 12:07 PM PDT,2021-05-03,2021-05-03 19:07:00 UTC,Pacific Time (US & Canada),research,CC-BY-NC,https://www.inaturalist.org/observations/77262868,,https://static.inaturalist.org/sounds/210439.m4a?1620134952,1,0,false,"San Mateo County, CA, USA",37.31219,-122.1863283333,,,Western Gray Squirrel,Sciurus griseus,Western Gray Squirrel,Mammalia,46023
77459519,34ff14c8-f929-4ba5-af8d-a49c982d1956,Wed May 05 2021 08:12:39 GMT-0700 (PDT),2021-05-05,2021-05-05 15:12:39 UTC,Pacific Time (US & Canada),research,CC-BY-NC,https://www.inaturalist.org/observations/77459519,,https://static.inaturalist.org/sounds/211625.m4a?1620227588,1,0,false,"Beaver St, Santa Rosa, CA, US",38.4582373035,-122.711212719,5,5,Western Gray Squirrel,Sciurus griseus,Western Gray Squirrel,Mammalia,46023
77631665,c430c66b-8366-4839-8764-ee58d42858e8,Thu May 06 2021 10:36:28 GMT-0700 (PDT),2021-05-06,2021-05-06 17:36:28 UTC,Pacific Time (US & Canada),research,CC-BY-NC,https://www.inaturalist.org/observations/77631665,https://inaturalist-open-data.s3.amazonaws.com/photos/127014399/medium.jpg,https://static.inaturalist.org/sounds/212802.m4a?1620332391,1,0,false,"Alma Bridge Rd, Los Gatos, CA, US",37.1859975556,-121.9801627503,9,9,Merriam's Chipmunk,Neotamias merriami,Merriam's Chipmunk,Mammalia,197810
77670129,e7de9c11-7c36-4940-9525-d1c1f9e5febd,2021/05/06 2:34 PM PDT,2021-05-06,2021-05-06 21:34:00 UTC,Pacific Time (US & Canada),research,CC-BY-NC,https://www.inaturalist.org/observations/77670129,,https://static.inaturalist.org/sounds/212912.m4a?1620340130,1,0,false,"Ridgeline, San Bernardino, CA 92407, USA",34.1599584582,-117.3020703875,194,194,California Ground Squirrel,Otospermophilus beecheyi,California Ground Squirrel,Mammalia,180007
77768557,0af8657a-c0a8-4585-ae5a-a3f09d81abab,Thu May 06 2021 19:38:27 GMT-0700 (PDT),2021-05-06,2021-05-07 02:38:27 UTC,Pacific Time (US & Canada),research,CC-BY-NC,https://www.inaturalist.org/observations/77768557,https://inaturalist-open-data.s3.amazonaws.com/photos/127211518/medium.jpg,https://static.inaturalist.org/sounds/217952.m4a?1620715214,2,0,false,"Clovis, CA, US",37.0340500182,-119.5458860934,5,5,Coyote,Canis latrans,Coyote,Mammalia,42051
77783724,37270f37-139f-453a-a864-61ca7257d080,2021/04/30 8:37 PM PDT,2021-04-30,2021-05-01 03:37:00 UTC,Pacific Time (US & Canada),research,CC-BY-NC,https://www.inaturalist.org/observations/77783724,https://inaturalist-open-data.s3.amazonaws.com/photos/127231769/medium.jpg,https://static.inaturalist.org/sounds/213762.wav?1620411695,1,0,false,House - Santee,32.8496716679,-116.9964898041,,,Silver-haired Bat,Lasionycteris noctivagans,Silver-haired Bat,Mammalia,40629
77783727,7f1c6b9a-f420-45e9-8520-44164111c5f0,2021/04/30 11:53 PM PDT,2021-04-30,2021-05-01 06:53:00 UTC,Pacific Time (US & Canada),research,CC-BY-NC,https://www.inaturalist.org/observations/77783727,https://inaturalist-open-data.s3.amazonaws.com/photos/127232144/medium.jpg,https://static.inaturalist.org/sounds/213769.wav?1620411794,1,0,false,House - Santee,32.8496716679,-116.9964898041,,,Yuma Myotis,Myotis yumanensis,Yuma Myotis,Mammalia,40325
77783728,31a6a7b9-b3f7-46fb-868f-4f75b1ae1d91,2021/05/01 12:31 AM PDT,2021-05-01,2021-05-01 07:31:00 UTC,Pacific Time (US & Canada),research,CC-BY-NC,https://www.inaturalist.org/observations/77783728,https://inaturalist-open-data.s3.amazonaws.com/photos/127232276/medium.jpg,https://static.inaturalist.org/sounds/213771.wav?1620411817,1,0,false,House - Santee,32.8496716679,-116.9964898041,,,Yuma Myotis,Myotis yumanensis,Yuma Myotis,Mammalia,40325
77789941,75a2960b-3533-4ae9-904b-bd5116cae81f,2021/05/01 7:23 PM PDT,2021-05-01,2021-05-02 02:23:00 UTC,Pacific Time (US & Canada),research,CC-BY-NC,https://www.inaturalist.org/observations/77789941,https://inaturalist-open-data.s3.amazonaws.com/photos/127244609/medium.jpg,https://static.inaturalist.org/sounds/213846.wav?1620414875,2,0,false,Narrows - 78 San Felipe Creek,33.118333,-116.436111,,,Canyon Bat,Parastrellus hesperus,Canyon Bat,Mammalia,183164
77789949,cdfebd0f-bc4b-4a53-b9c5-989584332bb1,2021/05/01 8:35 PM PDT,2021-05-01,2021-05-02 03:35:00 UTC,Pacific Time (US & Canada),research,CC-BY-NC,https://www.inaturalist.org/observations/77789949,https://inaturalist-open-data.s3.amazonaws.com/photos/127244970/medium.jpg,https://static.inaturalist.org/sounds/213849.wav?1620414952,1,0,false,Narrows - 78 San Felipe Creek,33.118333,-116.436111,,,Hoary Bat,Lasiurus cinereus,Northern Hoary Bat,Mammalia,40523
77840215,89e85620-3657-4b96-b8db-7752f7a79a86,2021/05/03 8:00 PM PDT,2021-05-03,2021-05-04 03:00:00 UTC,Pacific Time (US & Canada),research,CC-BY-NC,https://www.inaturalist.org/observations/77840215,https://inaturalist-open-data.s3.amazonaws.com/photos/127328096/medium.jpg,https://static.inaturalist.org/sounds/214218.wav?1620439308,1,0,false,El Monte Valley,32.885278,-116.825833,,,Western Bonneted Bat,Eumops perotis,Western Bonneted Bat,Mammalia,41277
77840222,6c6844bd-64b6-43a9-b077-2ba52eb492e1,2021/05/03 8:14 PM PDT,2021-05-03,2021-05-04 03:14:00 UTC,Pacific Time (US & Canada),research,CC-BY-NC,https://www.inaturalist.org/observations/77840222,https://inaturalist-open-data.s3.amazonaws.com/photos/127328522/medium.jpg,https://static.inaturalist.org/sounds/214225.wav?1620439470,1,0,false,El Monte Valley,32.885278,-116.825833,,,Big Free-tailed Bat,Nyctinomops macrotis,Big Free-tailed Bat,Mammalia,41315
77840223,917f739f-ae8d-4df4-9cde-339676161206,2021/05/03 7:53 PM PDT,2021-05-03,2021-05-04 02:53:00 UTC,Pacific Time (US & Canada),research,CC-BY-NC,https://www.inaturalist.org/observations/77840223,https://inaturalist-open-data.s3.amazonaws.com/photos/127328600/medium.jpg,https://static.inaturalist.org/sounds/214226.wav?1620439496,1,0,false,El Monte Valley,32.885278,-116.825833,,,Canyon Bat,Parastrellus hesperus,Canyon Bat,Mammalia,183164
77840224,ed86b303-af13-4779-a737-a2b2240c2bcf,2021/05/03 9:19 PM PDT,2021-05-03,2021-05-04 04:19:00 UTC,Pacific Time (US & Canada),research,CC-BY-NC,https://www.inaturalist.org/observations/77840224,https://inaturalist-open-data.s3.amazonaws.com/photos/127328678/medium.jpg,https://static.inaturalist.org/sounds/214227.wav?1620439526,1,0,false,El Monte Valley,32.885278,-116.825833,,,Mexican Free-tailed Bat,Tadarida brasiliensis,Mexican Free-tailed Bat,Mammalia,41301
77846452,801f84e1-dd42-4cc9-9646-0ec2cf7c33fa,2021-04-30 20:14:00,2021-04-30,2021-05-01 06:14:00 UTC,Hawaii,research,,https://www.inaturalist.org/observations/77846452,https://static.inaturalist.org/photos/127343908/medium.jpg,https://static.inaturalist.org/sounds/215403.wav?1620525972,2,0,false,"Culver City, CA, USA",34.0150818695,-118.384485526,10,10,Hoary Bat,Lasiurus cinereus,Northern Hoary Bat,Mammalia,40523
77984583,33b3aaad-b1f8-4a58-8f34-6d7ae296cd43,2021/05/03 11:42 PM HST,2021-05-03,2021-05-04 09:42:00 UTC,Hawaii,research,,https://www.inaturalist.org/observations/77984583,https://static.inaturalist.org/photos/127574414/medium.jpg,https://static.inaturalist.org/sounds/215280.wav?1620517601,2,0,false,"Culver City, CA, USA",34.0148510311,-118.3855961867,8,8,Mexican Free-tailed Bat,Tadarida brasiliensis,Mexican Free-tailed Bat,Mammalia,41301
77991774,a9901c11-a12c-408c-babf-c9d1dd2629bc,2021/05/03 5:14 PM HST,2021-05-03,2021-05-04 03:14:00 UTC,Hawaii,research,,https://www.inaturalist.org/observations/77991774,https://static.inaturalist.org/photos/127586816/medium.jpg,https://static.inaturalist.org/sounds/215327.wav?1620521080,1,0,false,"Culver City, CA, USA",34.0148939168,-118.3850337618,13,13,Hoary Bat,Lasiurus cinereus,Northern Hoary Bat,Mammalia,40523
78426466,659137a0-d8a9-4e50-a561-0668c1f0a094,2021/04/18 11:32 PM PDT,2021-04-18,2021-04-19 06:32:00 UTC,Pacific Time (US & Canada),research,CC-BY-NC,https://www.inaturalist.org/observations/78426466,https://inaturalist-open-data.s3.amazonaws.com/photos/128345915/medium.jpg,https://static.inaturalist.org/sounds/218663.wav?1620789443,1,0,false,House - Santee,32.8496716679,-116.9964898041,,,Yuma Myotis,Myotis yumanensis,Yuma Myotis,Mammalia,40325
78426468,d51bb97a-91d0-4349-8b1c-442a5a559b0b,2021/04/20 1:01 AM PDT,2021-04-20,2021-04-20 08:01:00 UTC,Pacific Time (US & Canada),research,CC-BY-NC,https://www.inaturalist.org/observations/78426468,https://inaturalist-open-data.s3.amazonaws.com/photos/128345981/medium.jpg,https://static.inaturalist.org/sounds/218664.wav?1620789470,1,0,false,House - Santee,32.8496716679,-116.9964898041,,,Yuma Myotis,Myotis yumanensis,Yuma Myotis,Mammalia,40325
78426469,9f905819-3bae-4e1d-ab45-821120bcd8c6,2021/04/20 7:58 PM PDT,2021-04-20,2021-04-21 02:58:00 UTC,Pacific Time (US & Canada),research,CC-BY-NC,https://www.inaturalist.org/observations/78426469,https://inaturalist-open-data.s3.amazonaws.com/photos/128346032/medium.jpg,https://static.inaturalist.org/sounds/218665.wav?1620789490,1,0,false,House - Santee,32.8496716679,-116.9964898041,,,Yuma Myotis,Myotis yumanensis,Yuma Myotis,Mammalia,40325
78426471,db047195-d4a8-4158-bb85-edfb6b15f54e,2021/04/27 9:44 PM PDT,2021-04-27,2021-04-28 04:44:00 UTC,Pacific Time (US & Canada),research,CC-BY-NC,https://www.inaturalist.org/observations/78426471,https://inaturalist-open-data.s3.amazonaws.com/photos/128346089/medium.jpg,https://static.inaturalist.org/sounds/218666.wav?1620789508,1,0,false,House - Santee,32.8496716679,-116.9964898041,,,Yuma Myotis,Myotis yumanensis,Yuma Myotis,Mammalia,40325
78623111,46ccc875-2d83-4233-ab2d-55326353cd6b,Thu May 13 2021 10:32:44 GMT-0700 (PDT),2021-05-13,2021-05-13 17:32:44 UTC,Pacific Time (US & Canada),research,CC-BY-NC,https://www.inaturalist.org/observations/78623111,,https://static.inaturalist.org/sounds/220140.m4a?1620938943,2,0,false,"Stevens Creek County Park, Cupertino, CA, US",37.285885458,-122.0843688037,4,4,Merriam's Chipmunk,Neotamias merriami,Merriam's Chipmunk,Mammalia,197810
78784536,2f5d8c47-48d5-4094-b4ff-c440fab80c5f,2021/05/14 4:51 PM PDT,2021-05-14,2021-05-14 23:51:00 UTC,Pacific Time (US & Canada),research,CC-BY-NC,https://www.inaturalist.org/observations/78784536,,https://static.inaturalist.org/sounds/221301.wav?1621045739,1,0,false,"San Mateo County, CA, USA",37.4021032512,-122.2624094996,15,15,Western Gray Squirrel,Sciurus griseus,Western Gray Squirrel,Mammalia,46023
78805600,3a435c32-08a2-4955-8e52-66fe85358a41,Sat May 15 2021 01:08:51 GMT-0700 (PDT),2021-05-15,2021-05-15 08:08:51 UTC,Pacific Time (US & Canada),research,CC-BY-NC,https://www.inaturalist.org/observations/78805600,https://inaturalist-open-data.s3.amazonaws.com/photos/129016251/medium.jpg,https://static.inaturalist.org/sounds/221411.m4a?1621066609,4,0,false,"Los Angeles County, US-CA, US",34.0413626436,-118.3571384977,41,28874,Virginia Opossum,Didelphis virginiana,Virginia Opossum,Mammalia,42652
79215747,7b5b0ef0-9d0b-4934-bbae-d48e70e74edd,2021/05/15 8:11 PM PDT,2021-05-15,2021-05-16 03:11:00 UTC,Pacific Time (US & Canada),research,CC-BY-NC,https://www.inaturalist.org/observations/79215747,https://inaturalist-open-data.s3.amazonaws.com/photos/129726941/medium.jpg,https://static.inaturalist.org/sounds/224685.wav?1621295731,1,0,false,Railroad Pit,33.146112,-115.275,,,Big Brown Bat,Eptesicus fuscus,Big Brown Bat,Mammalia,40509
79215748,be316631-326c-4231-b754-090c5a126b84,2021/05/15 9:16 PM PDT,2021-05-15,2021-05-16 04:16:00 UTC,Pacific Time (US & Canada),research,CC-BY-NC,https://www.inaturalist.org/observations/79215748,https://inaturalist-open-data.s3.amazonaws.com/photos/129727075/medium.jpg,https://static.inaturalist.org/sounds/224687.wav?1621295771,1,0,false,Railroad Pit,33.146112,-115.275,,,Hoary Bat,Lasiurus cinereus,Northern Hoary Bat,Mammalia,40523
79215750,b71d48ae-7b68-4466-bfa9-ddbe84677554,2021/05/15 9:14 PM PDT,2021-05-15,2021-05-16 04:14:00 UTC,Pacific Time (US & Canada),research,CC-BY-NC,https://www.inaturalist.org/observations/79215750,https://inaturalist-open-data.s3.amazonaws.com/photos/129727144/medium.jpg,https://static.inaturalist.org/sounds/224688.wav?1621295794,1,0,false,Railroad Pit,33.146112,-115.275,,,Silver-haired Bat,Lasionycteris noctivagans,Silver-haired Bat,Mammalia,40629
79215757,67b3f238-88c9-4cac-ade5-9d10187f6a49,2021/05/15 8:30 PM PDT,2021-05-15,2021-05-16 03:30:00 UTC,Pacific Time (US & Canada),research,CC-BY-NC,https://www.inaturalist.org/observations/79215757,https://inaturalist-open-data.s3.amazonaws.com/photos/129727349/medium.jpg,https://static.inaturalist.org/sounds/224692.wav?1621295865,1,0,false,Railroad Pit,33.146112,-115.275,,,Canyon Bat,Parastrellus hesperus,Canyon Bat,Mammalia,183164
79215758,fe3d9190-c3f3-43b7-85eb-eb8f5b0dfc95,2021/05/15 9:12 PM PDT,2021-05-15,2021-05-16 04:12:00 UTC,Pacific Time (US & Canada),research,CC-BY-NC,https://www.inaturalist.org/observations/79215758,https://inaturalist-open-data.s3.amazonaws.com/photos/129727390/medium.jpg,https://static.inaturalist.org/sounds/224693.wav?1621295878,2,0,false,Railroad Pit,33.146112,-115.275,,,Mexican Free-tailed Bat,Tadarida brasiliensis,Mexican Free-tailed Bat,Mammalia,41301
79217005,2a7da9f4-c8ec-456b-a8af-d9ed2775937c,2021/05/16 00:38 AM PDT,2021-05-16,2021-05-16 07:38:00 UTC,Pacific Time (US & Canada),research,CC-BY-NC,https://www.inaturalist.org/observations/79217005,https://inaturalist-open-data.s3.amazonaws.com/photos/129729248/medium.jpg,https://static.inaturalist.org/sounds/224705.wav?1621296433,1,0,false,Mammoth Wash,33.162238,-115.319548,,,Mexican Free-tailed Bat,Tadarida brasiliensis,Mexican Free-tailed Bat,Mammalia,41301
79217012,e887627e-c288-4d30-8d5b-fa76093276c2,2021/05/15 11:12 PM PDT,2021-05-15,2021-05-16 06:12:00 UTC,Pacific Time (US & Canada),research,CC-BY-NC,https://www.inaturalist.org/observations/79217012,https://inaturalist-open-data.s3.amazonaws.com/photos/129729521/medium.jpg,https://static.inaturalist.org/sounds/224708.wav?1621296491,2,0,false,Mammoth Wash,33.162238,-115.319548,,,Mexican Free-tailed Bat,Tadarida brasiliensis,Mexican Free-tailed Bat,Mammalia,41301
79217013,7f225bb1-bd03-42d1-ba5f-2acfcf5691c6,2021/05/16 00:29 AM PDT,2021-05-16,2021-05-16 07:29:00 UTC,Pacific Time (US & Canada),research,CC-BY-NC,https://www.inaturalist.org/observations/79217013,https://inaturalist-open-data.s3.amazonaws.com/photos/129729588/medium.jpg,https://static.inaturalist.org/sounds/224709.wav?1621296511,2,0,false,Mammoth Wash,33.162238,-115.319548,,,Mexican Free-tailed Bat,Tadarida brasiliensis,Mexican Free-tailed Bat,Mammalia,41301
79217014,82532c42-8f08-421a-ae91-c9d15c854aaf,2021/05/15 11:31 PM PDT,2021-05-15,2021-05-16 06:31:00 UTC,Pacific Time (US & Canada),research,CC-BY-NC,https://www.inaturalist.org/observations/79217014,https://inaturalist-open-data.s3.amazonaws.com/photos/129729674/medium.jpg,https://static.inaturalist.org/sounds/224710.wav?1621296528,1,0,false,Mammoth Wash,33.162238,-115.319548,,,Mexican Free-tailed Bat,Tadarida brasiliensis,Mexican Free-tailed Bat,Mammalia,41301
79217017,228877b1-66f6-4181-9fe4-26671291000d,2021/05/16 00:33 AM PDT,2021-05-16,2021-05-16 07:33:00 UTC,Pacific Time (US & Canada),research,CC-BY-NC,https://www.inaturalist.org/observations/79217017,https://inaturalist-open-data.s3.amazonaws.com/photos/129729744/medium.jpg,https://static.inaturalist.org/sounds/224711.wav?1621296548,1,0,false,Mammoth Wash,33.162238,-115.319548,,,Mexican Free-tailed Bat,Tadarida brasiliensis,Mexican Free-tailed Bat,Mammalia,41301
79734407,127a050f-7008-4754-b4d2-7e0c11c4351a,Fri May 21 2021 17:58:06 GMT-0700 (PDT),2021-05-21,2021-05-22 00:58:06 UTC,Pacific Time (US & Canada),research,CC-BY,https://www.inaturalist.org/observations/79734407,,https://static.inaturalist.org/sounds/229140.m4a?1621658236,1,0,false,"Sunol Regional Wilderness, Alameda County, US-CA, US",37.5151627232,-121.801739093,5,5,California Ground Squirrel,Otospermophilus beecheyi,California Ground Squirrel,Mammalia,180007
79991948,d296a7cf-5875-4421-8f55-a4b248eba219,Sun May 23 2021 11:54:34 GMT-0700 (PDT),2021-05-23,2021-05-23 18:54:34 UTC,Pacific Time (US & Canada),research,CC-BY-NC,https://www.inaturalist.org/observations/79991948,,https://static.inaturalist.org/sounds/230901.m4a?1621796103,1,0,false,"Meadowcroft Dr, San Anselmo, CA, US",37.988026328,-122.5761774156,32,32,Eastern Gray Squirrel,Sciurus carolinensis,Eastern Gray Squirrel,Mammalia,46017
80364160,50594298-8fec-466d-a9b3-736bbb14597d,2021/03/28 6:31 AM MDT,2021-03-28,2021-03-28 12:31:00 UTC,Mountain Time (US & Canada),research,CC-BY-NC,https://www.inaturalist.org/observations/80364160,,https://static.inaturalist.org/sounds/234236.wav?1622033612,1,0,false,"La Jolla, San Diego, CA, USA",32.8432505242,-117.2708129883,977,977,California Sea Lion,Zalophus californianus,California Sea Lion,Mammalia,41740
80416573,8b09ac02-8a8d-48e2-8383-57c2b1efe498,2021-05-26 15:23:04,2021-05-26,2021-05-26 22:23:04 UTC,Pacific Time (US & Canada),research,CC-BY-NC,https://www.inaturalist.org/observations/80416573,,https://static.inaturalist.org/sounds/234887.wav?1622068221,1,0,false,"Sunland-Tujunga, Los Angeles, CA 91040, USA",34.25419333,-118.30501046,7,7,California Ground Squirrel,Otospermophilus beecheyi,California Ground Squirrel,Mammalia,180007
80671328,9541216b-35e4-47c9-832a-d233a858ca10,2021/05/28 4:38 PM PDT,2021-05-28,2021-05-28 23:38:00 UTC,Pacific Time (US & Canada),research,CC-BY-ND,https://www.inaturalist.org/observations/80671328,,https://static.inaturalist.org/sounds/237669.mpga?1622245181,1,0,false,"Humboldt County, CA, USA",40.1274194851,-123.824949365,8,8,Western Gray Squirrel,Sciurus griseus,Western Gray Squirrel,Mammalia,46023
80671640,8c863de9-3eab-4fcb-a6ef-364d3087977d,2021/05/28 4:42 PM PDT,2021-05-28,2021-05-28 23:42:00 UTC,Pacific Time (US & Canada),research,CC-BY-ND,https://www.inaturalist.org/observations/80671640,,https://static.inaturalist.org/sounds/237671.mpga?1622245369,1,0,false,"Humboldt County, CA, USA",40.127489214,-123.824949365,15,15,Western Gray Squirrel,Sciurus griseus,Western Gray Squirrel,Mammalia,46023
80671641,44884444-36ad-4504-9f39-689c64c32d7a,2021/05/28 4:42 PM PDT,2021-05-28,2021-05-28 23:42:00 UTC,Pacific Time (US & Canada),research,CC-BY-ND,https://www.inaturalist.org/observations/80671641,,https://static.inaturalist.org/sounds/237679.mpga?1622245380,2,0,false,"Humboldt County, CA, USA",40.127489214,-123.824949365,15,15,Western Gray Squirrel,Sciurus griseus,Western Gray Squirrel,Mammalia,46023
80692943,6be7217e-f756-485b-ad85-25dc7560db99,Fri May 28 2021 20:52:52 GMT-0700 (PDT),2021-05-28,2021-05-29 03:52:52 UTC,Pacific Time (US & Canada),research,CC-BY-NC,https://www.inaturalist.org/observations/80692943,,https://static.inaturalist.org/sounds/237891.m4a?1622265572,2,0,false,"Upper Jordan Trail, Oakland, CA, US",37.8721179134,-122.2305797728,229,229,Coyote,Canis latrans,Coyote,Mammalia,42051
81138087,c0805108-66d1-4204-8225-2897dfea5356,2021/05/31 8:07 AM PDT,2021-05-31,2021-05-31 15:07:00 UTC,Pacific Time (US & Canada),research,CC-BY-NC,https://www.inaturalist.org/observations/81138087,,https://static.inaturalist.org/sounds/241228.wav?1622518906,1,0,false,"Woodside, CA, USA",37.4112452545,-122.2612828966,8,8,Eastern Gray Squirrel,Sciurus carolinensis,Eastern Gray Squirrel,Mammalia,46017
81238340,c7014e8b-7cfa-4e22-b247-9134314965d3,Tue Jun 01 2021 15:55:08 GMT-0700 (PDT),2021-06-01,2021-06-01 22:55:08 UTC,Pacific Time (US & Canada),research,CC-BY,https://www.inaturalist.org/observations/81238340,,https://static.inaturalist.org/sounds/241970.m4a?1622588123,1,0,false,"Breakwater Cove Marina, Monterey, CA, US",36.6092160264,-121.8921071029,13,13,California Sea Lion,Zalophus californianus,California Sea Lion,Mammalia,41740
81239188,2ca0df3b-0160-4c5a-aa10-97ab8135aefd,Tue Jun 01 2021 16:03:22 GMT-0700 (PDT),2021-06-01,2021-06-01 23:03:22 UTC,Pacific Time (US & Canada),research,CC-BY,https://www.inaturalist.org/observations/81239188,,https://static.inaturalist.org/sounds/241979.m4a?1622588616,1,0,false,"Monterey Bay, Monterey, CA, US",36.6093481346,-121.8925016443,12,12,California Sea Lion,Zalophus californianus,California Sea Lion,Mammalia,41740
81650477,1676a296-33bf-485e-8b53-2c3caee8421a,2021/06/04 1:24 PM PDT,2021-06-04,2021-06-04 20:24:00 UTC,Pacific Time (US & Canada),research,CC-BY-NC,https://www.inaturalist.org/observations/81650477,https://inaturalist-open-data.s3.amazonaws.com/photos/133935261/medium.jpg,https://static.inaturalist.org/sounds/244997.m4a?1622859615,2,0,false,"Woodside, CA, USA",37.3905182775,-122.2507549692,15,15,Western Gray Squirrel,Sciurus griseus,Western Gray Squirrel,Mammalia,46023
81824121,75091941-ac58-4494-b576-e10a6b92f43e,2021/06/05 12:21 AM PDT,2021-06-05,2021-06-05 07:21:00 UTC,Pacific Time (US & Canada),research,CC-BY-NC,https://www.inaturalist.org/observations/81824121,,https://static.inaturalist.org/sounds/246060.wav?1622964111,1,0,false,"Santa Venetia, CA, USA",38.0040993387,-122.505299587,180,180,Western Gray Squirrel,Sciurus griseus,Western Gray Squirrel,Mammalia,46023
81876868,7b52939e-1798-4b33-bae6-dd5942401a2a,2021-06-06 08:50:37,2021-06-06,2021-06-06 15:50:37 UTC,Pacific Time (US & Canada),research,CC-BY-NC,https://www.inaturalist.org/observations/81876868,https://inaturalist-open-data.s3.amazonaws.com/photos/134324244/medium.jpeg,https://static.inaturalist.org/sounds/246443.m4a?1622994954,2,0,false,"Covina, CA 91722, USA",34.08962966,-117.91485615,7,7,Fox Squirrel,Sciurus niger,Eastern Fox Squirrel,Mammalia,46020
82238166,81fba8e9-15cc-444e-b5e7-614a96957ba2,Tue Jun 08 2021 18:23:56 GMT-0700 (PDT),2021-06-08,2021-06-09 01:23:56 UTC,Pacific Time (US & Canada),research,CC-BY,https://www.inaturalist.org/observations/82238166,,https://static.inaturalist.org/sounds/248771.m4a?1623202738,1,0,false,"Iron Horse Regional Trail, Walnut Creek, CA, US",37.8979287532,-122.0563059525,23,23,California Ground Squirrel,Otospermophilus beecheyi,California Ground Squirrel,Mammalia,180007
82582725,0dbf5e02-2691-4f49-a7d7-6ca93bcf1b63,2021/06/09 7:10 AM PDT,2021-06-09,2021-06-09 14:10:00 UTC,Pacific Time (US & Canada),research,,https://www.inaturalist.org/observations/82582725,,https://static.inaturalist.org/sounds/250768.mp3?1623438613,1,0,false,"Los Altos Hills, CA, USA",37.3882673832,-122.1514558901,195,195,Coyote,Canis latrans,Coyote,Mammalia,42051
82634740,9e9e46e8-626f-4f14-ac2b-50a7e629d68b,2021/06/11 8:53 PM PDT,2021-06-11,2021-06-12 03:53:00 UTC,Pacific Time (US & Canada),research,CC-BY-NC,https://www.inaturalist.org/observations/82634740,,https://static.inaturalist.org/sounds/251113.wav?1623470031,1,0,false,"Turtle Rock, Irvine, CA, USA",33.6549182159,-117.8201878301,61,61,Coyote,Canis latrans,Coyote,Mammalia,42051
82924582,f45fc917-be5c-4896-80bd-19003eeab119,Sat Jun 12 2021 06:48:29 GMT-0700 (PDT),2021-06-12,2021-06-12 13:48:29 UTC,Pacific Time (US & Canada),research,CC0,https://www.inaturalist.org/observations/82924582,,https://static.inaturalist.org/sounds/252961.m4a?1623625714,1,0,false,"Bodega Harbor, Bodega Bay, CA, US",38.3065246973,-123.054506757,5,5,California Sea Lion,Zalophus californianus,California Sea Lion,Mammalia,41740
83315849,bf0ee4e5-20d3-4272-8c85-2de0a64c01db,Wed Jun 16 2021 12:15:35 GMT-0700 (PDT),2021-06-16,2021-06-16 19:15:35 UTC,Pacific Time (US & Canada),research,CC-BY-NC,https://www.inaturalist.org/observations/83315849,https://inaturalist-open-data.s3.amazonaws.com/photos/136838900/medium.jpeg,https://static.inaturalist.org/sounds/255177.m4a?1623879932,2,0,false,"Wunderlich County Park, San Mateo County, US-CA, US",37.4063609814,-122.2717760753,16,16,Eastern Gray Squirrel,Sciurus carolinensis,Eastern Gray Squirrel,Mammalia,46017
83337735,36032d99-7204-480e-8ede-252fc611460b,Sun Jun 13 2021 13:39:27 GMT-0700 (PDT),2021-06-13,2021-06-13 20:39:27 UTC,Pacific Time (US & Canada),research,CC-BY-NC,https://www.inaturalist.org/observations/83337735,,https://static.inaturalist.org/sounds/255284.m4a?1623892924,2,0,false,"Los Trancos Rd, Palo Alto, CA, US",37.3682278142,-122.1768483236,15,15,Western Gray Squirrel,Sciurus griseus,Western Gray Squirrel,Mammalia,46023
83341250,b1c5aa2a-c65f-4cca-bc59-16611dd18138,Wed Jun 16 2021 19:02:16 GMT-0700 (PDT),2021-06-16,2021-06-17 02:02:16 UTC,Pacific Time (US & Canada),research,CC-BY,https://www.inaturalist.org/observations/83341250,https://inaturalist-open-data.s3.amazonaws.com/photos/136867839/medium.jpg,https://static.inaturalist.org/sounds/255308.m4a?1623895406,1,0,false,"E Loma Alta Dr, Altadena, CA, US",34.1980594137,-118.1213045616,16,16,Merriam's Chipmunk,Neotamias merriami,Merriam's Chipmunk,Mammalia,197810
83472562,1aed599b-93d9-455b-a207-60e54bfebb57,2021-06-17 21:28:09,2021-06-17,2021-06-18 04:28:09 UTC,Pacific Time (US & Canada),research,CC-BY-NC,https://www.inaturalist.org/observations/83472562,https://inaturalist-open-data.s3.amazonaws.com/photos/147395200/medium.jpeg,https://static.inaturalist.org/sounds/256515.m4a?1624051935,1,0,false,"Columbus Ave & Francisco St, San Francisco, CA 94133, USA",37.8040531,-122.4159344,15,15,California Sea Lion,Zalophus californianus,California Sea Lion,Mammalia,41740
83938477,2f4860bf-c46c-42b9-9ad1-e097c4b9684f,2021/06/20 10:16 PM PDT,2021-06-20,2021-06-21 05:16:00 UTC,Pacific Time (US & Canada),research,CC-BY-NC,https://www.inaturalist.org/observations/83938477,,https://static.inaturalist.org/sounds/258829.m4a?1624287536,1,0,false,"Aliso Viejo, CA, USA",33.5826866519,-117.7322801522,49,49,Coyote,Canis latrans,Coyote,Mammalia,42051
83968475,93e76042-51a0-4ef6-94d9-c8ccbc6fb4ed,2021/06/13 7:11 AM PDT,2021-06-13,2021-06-13 14:11:00 UTC,Pacific Time (US & Canada),research,CC-BY,https://www.inaturalist.org/observations/83968475,https://inaturalist-open-data.s3.amazonaws.com/photos/138030096/medium.jpeg,https://static.inaturalist.org/sounds/258966.m4a?1624302179,1,0,false,"California, US",37.4578576492,-122.3436991002,9,28388,Eastern Gray Squirrel,Sciurus carolinensis,Eastern Gray Squirrel,Mammalia,46017
84297777,428beb82-4d12-4e97-a7f4-02d81525d249,2021-06-23 14:41:18,2021-06-23,2021-06-23 21:41:18 UTC,Pacific Time (US & Canada),research,CC-BY-NC,https://www.inaturalist.org/observations/84297777,https://inaturalist-open-data.s3.amazonaws.com/photos/138536322/medium.jpeg,https://static.inaturalist.org/sounds/260988.m4a?1624541337,1,0,false,"Dunsmuir, CA 96025, USA",41.1586384,-122.3045010997,,,Douglas' Squirrel,Tamiasciurus douglasii,Douglas's Squirrel,Mammalia,46259
84339172,eae5a0c1-4f1f-4e83-81be-c752c5d4a913,Thu Jun 24 2021 12:30:51 GMT-0700 (PDT),2021-06-24,2021-06-24 19:30:51 UTC,Pacific Time (US & Canada),research,,https://www.inaturalist.org/observations/84339172,,https://static.inaturalist.org/sounds/261225.m4a?1624563078,2,0,false,"New Almaden Trail, San Jose, CA, US",37.1949909152,-121.8578042521,4,4,Merriam's Chipmunk,Neotamias merriami,Merriam's Chipmunk,Mammalia,197810
84390381,1e66b33c-6c4f-4dfb-9d97-b2a33aed79d1,Thu Jun 24 2021 21:32:00 GMT-0700 (PDT),2021-06-24,2021-06-25 04:32:00 UTC,Pacific Time (US & Canada),research,CC-BY-NC,https://www.inaturalist.org/observations/84390381,,https://static.inaturalist.org/sounds/261437.m4a?1624595546,2,0,false,"Brookwood Dr, Santa Cruz, CA, US",36.9917718548,-121.9879864563,13,13,Coyote,Canis latrans,Coyote,Mammalia,42051
84444399,1b264b1f-913e-49ad-bf18-ccecd415e4b5,2021/06/25 4:14 AM PDT,2021-06-25,2021-06-25 11:14:00 UTC,Pacific Time (US & Canada),research,CC-BY-NC,https://www.inaturalist.org/observations/84444399,,https://static.inaturalist.org/sounds/261872.m4a?1624641552,1,0,false,"Ridgeline, San Bernardino, CA 92407, USA",34.1599584582,-117.3020703875,194,194,Coyote,Canis latrans,Coyote,Mammalia,42051
84490920,4b4bd791-e53e-42a0-b62d-d39aa17c5f6a,2021/06/25 5:12 PM PDT,2021-06-25,2021-06-26 00:12:00 UTC,Pacific Time (US & Canada),research,CC-BY-NC,https://www.inaturalist.org/observations/84490920,,https://static.inaturalist.org/sounds/262172.m4a?1624666488,1,0,false,"Ridgeline, San Bernardino, CA 92407, USA",34.1599584582,-117.3020703875,194,194,California Ground Squirrel,Otospermophilus beecheyi,California Ground Squirrel,Mammalia,180007
84565701,91221fef-e7fd-426f-989e-7fe8abadf328,2021-06-26 09:02:41,2021-06-26,2021-06-26 16:02:41 UTC,Pacific Time (US & Canada),research,CC-BY-NC,https://www.inaturalist.org/observations/84565701,https://inaturalist-open-data.s3.amazonaws.com/photos/139002854/medium.jpeg,https://static.inaturalist.org/sounds/262557.wav?1624723549,2,0,false,"Village of La Jolla, San Diego, CA 92037, USA",32.85099046,-117.27342984,8,8,California Sea Lion,Zalophus californianus,California Sea Lion,Mammalia,41740
84811941,485d19c9-5a5c-4ce4-a387-d0ca030c2f4e,Sun Jun 27 2021 21:22:50 GMT-0700 (PDT),2021-06-27,2021-06-28 04:22:50 UTC,Pacific Time (US & Canada),research,CC-BY-NC,https://www.inaturalist.org/observations/84811941,,https://static.inaturalist.org/sounds/263722.m4a?1624854738,1,0,false,"Mount Diablo, Clayton, CA, US",37.9229176816,-121.9375022988,216,216,Coyote,Canis latrans,Coyote,Mammalia,42051
85016339,d4efe69a-0868-4a3e-850e-0af0d25242a7,2021/06/28 8:50 AM PDT,2021-06-28,2021-06-28 15:50:00 UTC,Pacific Time (US & Canada),research,CC-BY-NC,https://www.inaturalist.org/observations/85016339,https://inaturalist-open-data.s3.amazonaws.com/photos/139808779/medium.jpg,https://static.inaturalist.org/sounds/264739.mp3?1624998792,1,0,false,"Palo Alto, CA, USA",37.3571566667,-122.1821766667,,,Merriam's Chipmunk,Neotamias merriami,Merriam's Chipmunk,Mammalia,197810
85480987,581e2c7e-9070-449d-b6cd-fbd5029ee4ce,Wed Jun 30 2021 13:57:01 GMT-0700 (PDT),2021-06-30,2021-06-30 20:57:01 UTC,Pacific Time (US & Canada),research,CC0,https://www.inaturalist.org/observations/85480987,https://inaturalist-open-data.s3.amazonaws.com/photos/140979110/medium.jpg,https://static.inaturalist.org/sounds/267202.m4a?1625327515,1,0,false,"Yosemite National Park, Tuolumne County, US-CA, US",37.8762474408,-119.3663440189,65,65,Belding's Ground Squirrel,Urocitellus beldingi,Belding's Ground Squirrel,Mammalia,179995
85543022,14b90e7b-323b-438f-89e4-e0c82da5131f,2021/06/20 12:08 PM CDT,2021-06-20,2021-06-20 17:08:00 UTC,Central Time (US & Canada),research,CC-BY-NC,https://www.inaturalist.org/observations/85543022,https://inaturalist-open-data.s3.amazonaws.com/photos/140755093/medium.jpeg,https://static.inaturalist.org/sounds/373567.mp3?1647627702,2,0,false,"Mendocino, California, United States",39.3608933333,-123.8238983333,,,California Sea Lion,Zalophus californianus,California Sea Lion,Mammalia,41740
85823638,d3c7e29a-7267-4e34-965e-d40d8ccbe0be,Mon Jul 05 2021 10:51:17 GMT-0700 (PDT),2021-07-05,2021-07-05 17:51:17 UTC,Pacific Time (US & Canada),research,,https://www.inaturalist.org/observations/85823638,,https://static.inaturalist.org/sounds/268982.m4a?1625518613,2,0,false,"Sequoia National Forest, Hume, CA, US",36.8242262258,-118.9495484346,4,4,Douglas' Squirrel,Tamiasciurus douglasii,Douglas's Squirrel,Mammalia,46259
86349927,95455c32-fe79-4267-9869-eea39eab51ec,Fri Jul 09 2021 15:55:11 GMT-0700 (PDT),2021-07-09,2021-07-09 22:55:11 UTC,Pacific Time (US & Canada),research,CC-BY-NC,https://www.inaturalist.org/observations/86349927,,https://static.inaturalist.org/sounds/271554.m4a?1625877721,2,0,false,"Mount Wilson Observatory, Pasadena, CA, US",34.2240419694,-118.0596598961,6,6,California Ground Squirrel,Otospermophilus beecheyi,California Ground Squirrel,Mammalia,180007
86353617,7869f20a-0c7f-4ae4-b1e5-41a65336c0d1,2021-07-08 3:04:52 PM PDT,2021-07-08,2021-07-08 22:04:52 UTC,Pacific Time (US & Canada),research,CC-BY-SA,https://www.inaturalist.org/observations/86353617,https://inaturalist-open-data.s3.amazonaws.com/photos/142244692/medium.jpeg,https://static.inaturalist.org/sounds/272738.m4a?1626026634,2,0,false,Yolo Bypass Wildlife Area,38.5267739476,-121.607558392,2977,2977,North American River Otter,Lontra canadensis,North American River Otter,Mammalia,41777
86359593,e9435daf-c52b-42d4-9f0f-3e4c4ffd620b,Fri Jul 09 2021 08:59:07 GMT-0700 (PDT),2021-07-09,2021-07-09 15:59:07 UTC,Pacific Time (US & Canada),research,,https://www.inaturalist.org/observations/86359593,,https://static.inaturalist.org/sounds/271638.m4a?1625884620,1,0,false,"California Botanic Garden, Claremont, CA, US",34.1114393612,-117.7145871996,65,65,California Ground Squirrel,Otospermophilus beecheyi,California Ground Squirrel,Mammalia,180007
86570759,bf8e8988-df75-4322-a3ba-5418e8e333e8,2021-07-11 08:23:20,2021-07-11,2021-07-11 15:23:20 UTC,Pacific Time (US & Canada),research,,https://www.inaturalist.org/observations/86570759,,https://static.inaturalist.org/sounds/272623.wav?1626017189,2,0,false,"Mission Viejo, CA 92692, USA",33.65005694,-117.63667129,4,4,California Ground Squirrel,Otospermophilus beecheyi,California Ground Squirrel,Mammalia,180007
87056081,036f3909-bca4-4017-85a6-3e936f2cfa71,Wed Jul 14 2021 15:31:42 GMT-0700 (PDT),2021-07-14,2021-07-14 22:31:42 UTC,Pacific Time (US & Canada),research,CC-BY,https://www.inaturalist.org/observations/87056081,,https://static.inaturalist.org/sounds/274742.m4a?1626302255,1,0,false,"Golden Gate Park, San Francisco, CA, US",37.7697637524,-122.471243021,20,20,Eastern Gray Squirrel,Sciurus carolinensis,Eastern Gray Squirrel,Mammalia,46017
87087871,87b08780-196d-4642-8f4b-1e153a1f4b9b,2021-07-14 21:55:06,2021-07-14,2021-07-15 04:55:06 UTC,Pacific Time (US & Canada),research,CC-BY-NC,https://www.inaturalist.org/observations/87087871,,https://static.inaturalist.org/sounds/274941.m4a?1626325058,1,0,false,"franz valley rd., santa rosa, ca",38.566582,-122.68476,12,12,Gray Fox,Urocyon cinereoargenteus,Gray Fox,Mammalia,42076
87425900,cd31c17d-3c47-44b3-80e3-a6e6b386abb3,Sat Jul 17 2021 10:19:24 GMT-0700 (PDT),2021-07-17,2021-07-17 17:19:24 UTC,Pacific Time (US & Canada),research,CC-BY-NC,https://www.inaturalist.org/observations/87425900,,https://static.inaturalist.org/sounds/276559.m4a?1626558954,2,0,false,"Shasta-Trinity National Forest, Lakehead, CA, US",40.8408669753,-122.367534985,65,65,Western Gray Squirrel,Sciurus griseus,Western Gray Squirrel,Mammalia,46023
87661124,42d144df-5fba-473a-84d0-a27cf2e6ef4a,Sun Jul 18 2021 17:03:46 GMT-0700 (PDT),2021-07-18,2021-07-19 00:03:46 UTC,Pacific Time (US & Canada),research,CC-BY-NC,https://www.inaturalist.org/observations/87661124,,https://static.inaturalist.org/sounds/277539.m4a?1626661834,1,0,false,"Monterey County, US-CA, US",36.6193876416,-121.8463388645,5,5,California Ground Squirrel,Otospermophilus beecheyi,California Ground Squirrel,Mammalia,180007
87755685,2dff114f-d7af-4897-8e16-95812aa36a19,2021/07/05 8:23 PM PDT,2021-07-05,2021-07-06 03:23:00 UTC,Pacific Time (US & Canada),research,CC-BY-NC,https://www.inaturalist.org/observations/87755685,,https://static.inaturalist.org/sounds/278125.mp3?1626722242,1,0,false,"Orange, CA, USA",33.8216355893,-117.7759565536,8,8,California Ground Squirrel,Otospermophilus beecheyi,California Ground Squirrel,Mammalia,180007
87944612,c7c27d31-11c3-49c7-afcd-5f8b65d86d42,Tue Jul 20 2021 19:52:57 GMT-0700 (PDT),2021-07-20,2021-07-21 02:52:57 UTC,Pacific Time (US & Canada),research,CC-BY-NC,https://www.inaturalist.org/observations/87944612,,https://static.inaturalist.org/sounds/279456.m4a?1626835987,1,0,false,"San Dieguito River Park, San Diego, CA, US",32.9650175851,-117.204170907,4,4,Coyote,Canis latrans,Coyote,Mammalia,42051
88831688,0f5e5d68-ba22-4224-bda4-847331ace952,Tue Jul 27 2021 09:09:14 GMT-0700 (PDT),2021-07-27,2021-07-27 16:09:14 UTC,Pacific Time (US & Canada),research,CC-BY-NC,https://www.inaturalist.org/observations/88831688,,https://static.inaturalist.org/sounds/282976.m4a?1627402199,1,0,false,"San Bernardino National Forest, Big Bear Lake, CA, US",34.2349996704,-116.8833499588,15,15,California Ground Squirrel,Otospermophilus beecheyi,California Ground Squirrel,Mammalia,180007
89131060,f6650b62-d794-49d0-8f21-b002c52d3949,Thu Jul 29 2021 16:58:06 GMT-0700 (PDT),2021-07-29,2021-07-29 23:58:06 UTC,Pacific Time (US & Canada),research,,https://www.inaturalist.org/observations/89131060,,https://static.inaturalist.org/sounds/284184.m4a?1627603118,2,0,false,"UCSC Campus Natural Reserve, Santa Cruz, CA, US",36.9817077084,-122.0646373481,48361,48361,Western Gray Squirrel,Sciurus griseus,Western Gray Squirrel,Mammalia,46023
89137438,b65e8abb-b404-4faa-80ea-4d0b214c86d2,2021/07/29 3:44 PM PDT,2021-07-29,2021-07-29 22:44:00 UTC,Pacific Time (US & Canada),research,CC-BY-NC,https://www.inaturalist.org/observations/89137438,https://inaturalist-open-data.s3.amazonaws.com/photos/147163358/medium.jpeg,https://static.inaturalist.org/sounds/284208.wav?1627606531,1,0,false,"Baywood - Aragon, San Mateo, CA, USA",37.56289381,-122.3279835219,4,4,Eastern Gray Squirrel,Sciurus carolinensis,Eastern Gray Squirrel,Mammalia,46017
89299504,2d716a4f-6fe1-4bdc-9afe-140b95d3f068,Fri Jul 30 2021 17:22:00 GMT-0700 (PDT),2021-07-30,2021-07-31 00:22:00 UTC,Pacific Time (US & Canada),research,CC-BY-NC,https://www.inaturalist.org/observations/89299504,,https://static.inaturalist.org/sounds/284778.m4a?1627727783,2,0,false,"San Diego National Wildlife Refuge, Spring Valley, CA, US",32.723125,-116.946525,15,15,Fox Squirrel,Sciurus niger,Eastern Fox Squirrel,Mammalia,46020
89390315,9c89b63b-1f01-41a1-b264-e55930ec4c8f,2021-07-31 12:27:57,2021-07-31,2021-07-31 12:27:57 UTC,UTC,research,,https://www.inaturalist.org/observations/89390315,https://static.inaturalist.org/photos/147611428/medium.jpeg,https://static.inaturalist.org/sounds/285229.wav?1627768264,1,0,false,"St Helena, CA 94574, USA",38.5218463562,-122.3635483906,1420,1420,Common Raccoon,Procyon lotor,Common Raccoon,Mammalia,41663
89788746,7ab5ff67-11bf-4a4c-b276-b499323b05ee,Tue Aug 03 2021 09:01:21 GMT-0700 (PDT),2021-08-03,2021-08-03 16:01:21 UTC,Pacific Time (US & Canada),research,CC-BY-NC,https://www.inaturalist.org/observations/89788746,,https://static.inaturalist.org/sounds/286809.m4a?1628006655,1,0,false,"Alma Bridge Rd, Los Gatos, CA, US",37.2009587424,-121.9808811047,356,356,Merriam's Chipmunk,Neotamias merriami,Merriam's Chipmunk,Mammalia,197810
89923818,9866f456-cce5-462e-a13a-39246514a2f6,2021/07/25 11:26 AM PDT,2021-07-25,2021-07-25 18:26:00 UTC,Pacific Time (US & Canada),research,CC-BY-NC,https://www.inaturalist.org/observations/89923818,,https://static.inaturalist.org/sounds/287337.mp3?1628095616,1,0,false,"San Clemente Island, California, USA",32.9028812,-118.4980744,20327,20327,California Sea Lion,Zalophus californianus,California Sea Lion,Mammalia,41740
90047739,5357b694-8711-4a2d-92b1-085c675a95ad,Thu Aug 05 2021 10:14:02 GMT-0700 (PDT),2021-08-05,2021-08-05 17:14:02 UTC,Pacific Time (US & Canada),research,CC-BY-NC,https://www.inaturalist.org/observations/90047739,,https://static.inaturalist.org/sounds/287907.m4a?1628183657,1,0,false,"Songbird Ln, Rowland Heights, CA, US",33.973949144,-117.8853933499,8,8,California Ground Squirrel,Otospermophilus beecheyi,California Ground Squirrel,Mammalia,180007
90172931,0fa65e99-cc57-4184-bc53-4a5b3b012d6c,Fri Aug 06 2021 11:37:10 GMT-0700 (PDT),2021-08-06,2021-08-06 18:37:10 UTC,Pacific Time (US & Canada),research,CC-BY-NC,https://www.inaturalist.org/observations/90172931,,https://static.inaturalist.org/sounds/288347.m4a?1628275044,1,0,false,"San Elijo Lagoon Ecological Reserve, Solana Beach, CA, US",33.0027063803,-117.2740916589,4,4,California Ground Squirrel,Otospermophilus beecheyi,California Ground Squirrel,Mammalia,180007
90237928,af610382-dc1f-4870-a227-dde4b363d562,2021/01/17 2:06 PM PST,2021-01-17,2021-01-17 22:06:00 UTC,Pacific Time (US & Canada),research,CC-BY-NC,https://www.inaturalist.org/observations/90237928,,https://static.inaturalist.org/sounds/288590.mp3?1628326766,2,0,false,"North Redlands, Redlands, CA, USA",34.0648720965,-117.1665923552,1,1,Western Gray Squirrel,Sciurus griseus,Western Gray Squirrel,Mammalia,46023
90799708,6175da1d-e126-47ed-8e08-177759244add,Wed Aug 11 2021 10:44:01 GMT-0700 (PDT),2021-08-11,2021-08-11 17:44:01 UTC,Pacific Time (US & Canada),research,CC-BY-NC,https://www.inaturalist.org/observations/90799708,,https://static.inaturalist.org/sounds/290417.m4a?1628703885,1,0,false,"Alma Bridge Rd, Los Gatos, CA, US",37.1906400953,-121.986099424,233,233,Merriam's Chipmunk,Neotamias merriami,Merriam's Chipmunk,Mammalia,197810
90812437,e254aa05-dcc5-4df0-81d5-7944641961a1,Wed Aug 11 2021 12:47:57 GMT-0700 (PDT),2021-08-11,2021-08-11 19:47:57 UTC,Pacific Time (US & Canada),research,CC-BY-SA,https://www.inaturalist.org/observations/90812437,,https://static.inaturalist.org/sounds/290482.m4a?1628711297,1,0,false,"Greenberry Ln, San Rafael, CA, US",38.0267799648,-122.5622883292,65,65,Fox Squirrel,Sciurus niger,Eastern Fox Squirrel,Mammalia,46020
90829282,28506ba3-a571-4900-bebf-c8f527e7df96,Wed Aug 11 2021 15:42:39 GMT-0700 (PDT),2021-08-11,2021-08-11 22:42:39 UTC,Pacific Time (US & Canada),research,CC-BY-NC,https://www.inaturalist.org/observations/90829282,,https://static.inaturalist.org/sounds/290541.m4a?1628721962,1,0,false,"Santa Clara County, US-CA, US",37.3835027403,-121.9272175946,9,28417,California Ground Squirrel,Otospermophilus beecheyi,California Ground Squirrel,Mammalia,180007
90857184,58be18a2-7025-4124-8da5-68ba7362bd51,2021/08/11 10:32 PM PDT,2021-08-11,2021-08-12 05:32:00 UTC,Pacific Time (US & Canada),research,CC-BY-NC,https://www.inaturalist.org/observations/90857184,,https://static.inaturalist.org/sounds/290646.mp3?1628746342,1,0,false,"Turtle Rock, Irvine, CA, USA",33.6547700147,-117.8211110006,592,592,Coyote,Canis latrans,Coyote,Mammalia,42051
91078194,7c09899a-5b04-48f2-b502-99a307557f79,2021/07/03 8:54 PM PDT,2021-07-03,2021-07-04 03:54:00 UTC,Pacific Time (US & Canada),research,CC-BY-NC,https://www.inaturalist.org/observations/91078194,https://inaturalist-open-data.s3.amazonaws.com/photos/150597316/medium.jpg,https://static.inaturalist.org/sounds/291345.wav?1628914132,1,0,false,Pine Valley Creek,32.83754,-116.541375,,,Mexican Free-tailed Bat,Tadarida brasiliensis,Mexican Free-tailed Bat,Mammalia,41301
91078197,a453a3b7-f4ef-4b9d-beac-783c167b9f6b,2021/07/03 8:38 PM PDT,2021-07-03,2021-07-04 03:38:00 UTC,Pacific Time (US & Canada),research,CC-BY-NC,https://www.inaturalist.org/observations/91078197,https://inaturalist-open-data.s3.amazonaws.com/photos/150597407/medium.jpg,https://static.inaturalist.org/sounds/291348.wav?1628914177,1,0,false,Pine Valley Creek,32.83754,-116.541375,,,Western Small-footed Myotis,Myotis ciliolabrum,Western Small-footed Myotis,Mammalia,68093
91078200,0e3bb10d-d14e-48c5-931e-18f8ab0877e2,2021/07/03 8:34 PM PDT,2021-07-03,2021-07-04 03:34:00 UTC,Pacific Time (US & Canada),research,CC-BY-NC,https://www.inaturalist.org/observations/91078200,https://inaturalist-open-data.s3.amazonaws.com/photos/150597529/medium.jpg,https://static.inaturalist.org/sounds/291350.wav?1628914229,1,0,false,Pine Valley Creek,32.83754,-116.541375,,,Canyon Bat,Parastrellus hesperus,Canyon Bat,Mammalia,183164
91078204,c8c0089c-7ed5-47c7-9724-ac30eba5a236,2021/07/03 9:39 PM PDT,2021-07-03,2021-07-04 04:39:00 UTC,Pacific Time (US & Canada),research,CC-BY-NC,https://www.inaturalist.org/observations/91078204,https://inaturalist-open-data.s3.amazonaws.com/photos/150597557/medium.jpg,https://static.inaturalist.org/sounds/291351.wav?1628914248,1,0,false,Pine Valley Creek,32.83754,-116.541375,,,Mexican Free-tailed Bat,Tadarida brasiliensis,Mexican Free-tailed Bat,Mammalia,41301
91153331,c1ecc129-bae3-4b94-a343-751b57cb197c,2021/07/21 9:23 PM PDT,2021-07-21,2021-07-22 04:23:00 UTC,Pacific Time (US & Canada),research,CC-BY-NC,https://www.inaturalist.org/observations/91153331,https://inaturalist-open-data.s3.amazonaws.com/photos/150724789/medium.jpg,https://static.inaturalist.org/sounds/291591.wav?1628965151,1,0,false,Sloane Canyon,32.7633616667,-116.8458766667,,,Big Brown Bat,Eptesicus fuscus,Big Brown Bat,Mammalia,40509
91153332,48035276-f9d4-48bb-bfa7-279f7570a4cd,2021/07/21 8:31 PM PDT,2021-07-21,2021-07-22 03:31:00 UTC,Pacific Time (US & Canada),research,CC-BY-NC,https://www.inaturalist.org/observations/91153332,https://inaturalist-open-data.s3.amazonaws.com/photos/150724900/medium.jpg,https://static.inaturalist.org/sounds/291592.wav?1628965178,1,0,false,Sloane Canyon,32.7633616667,-116.8458766667,,,Hoary Bat,Lasiurus cinereus,Northern Hoary Bat,Mammalia,40523
91153333,52a1a52f-f24f-4598-939e-cf0192d2579d,2021/07/21 8:28 PM PDT,2021-07-21,2021-07-22 03:28:00 UTC,Pacific Time (US & Canada),research,CC-BY-NC,https://www.inaturalist.org/observations/91153333,https://inaturalist-open-data.s3.amazonaws.com/photos/150725042/medium.jpg,https://static.inaturalist.org/sounds/291593.wav?1628965209,1,0,false,Sloane Canyon,32.7633616667,-116.8458766667,,,Silver-haired Bat,Lasionycteris noctivagans,Silver-haired Bat,Mammalia,40629
91153341,101a7ed2-1396-4ffb-a490-fac613c8c376,2021/07/21 10:07 PM PDT,2021-07-21,2021-07-22 05:07:00 UTC,Pacific Time (US & Canada),research,CC-BY-NC,https://www.inaturalist.org/observations/91153341,https://inaturalist-open-data.s3.amazonaws.com/photos/150725187/medium.jpg,https://static.inaturalist.org/sounds/291594.wav?1628965249,1,0,false,Sloane Canyon,32.7633616667,-116.8458766667,,,Western Yellow Bat,Lasiurus xanthinus,Western Yellow Bat,Mammalia,74476
91153343,0cb197e9-aee3-4ca9-b1c6-aa309e7e76db,2021/07/21 8:54 PM PDT,2021-07-21,2021-07-22 03:54:00 UTC,Pacific Time (US & Canada),research,CC-BY-NC,https://www.inaturalist.org/observations/91153343,https://inaturalist-open-data.s3.amazonaws.com/photos/150725789/medium.jpg,https://static.inaturalist.org/sounds/291597.wav?1628965376,1,0,false,Sloane Canyon,32.7633616667,-116.8458766667,,,Mouse-eared Bats,Myotis,Mouse-eared Bats,Mammalia,40270
91210615,4dbebb1e-1db3-468d-992b-c8310fc0422b,2021-08-14 19:03:38,2021-08-14,2021-08-14 19:03:38 UTC,UTC,research,CC-BY-NC,https://www.inaturalist.org/observations/91210615,,https://static.inaturalist.org/sounds/291771.wav?1628995820,1,0,false,"Sierra County, CA, USA",39.5512401414,-120.3112534806,938,938,Douglas' Squirrel,Tamiasciurus douglasii,Douglas's Squirrel,Mammalia,46259
91254759,3946d515-3997-4533-a4aa-b70c2a95f164,2021/07/10 10:15 PM PDT,2021-07-10,2021-07-11 05:15:00 UTC,Pacific Time (US & Canada),research,CC-BY-NC,https://www.inaturalist.org/observations/91254759,https://inaturalist-open-data.s3.amazonaws.com/photos/150911190/medium.jpg,https://static.inaturalist.org/sounds/291880.wav?1629034130,1,0,false,Pine Valley Creek,32.8375,-116.5413888883,,,Silver-haired Bat,Lasionycteris noctivagans,Silver-haired Bat,Mammalia,40629
91254762,e65487d0-578b-4fd1-8551-bf5ce73375d4,2021/07/10 8:37 PM PDT,2021-07-10,2021-07-11 03:37:00 UTC,Pacific Time (US & Canada),research,CC-BY-NC,https://www.inaturalist.org/observations/91254762,https://inaturalist-open-data.s3.amazonaws.com/photos/150911480/medium.jpg,https://static.inaturalist.org/sounds/291883.wav?1629034214,1,0,false,Pine Valley Creek,32.8375,-116.5413888883,,,Silver-haired Bat,Lasionycteris noctivagans,Silver-haired Bat,Mammalia,40629
91379251,fb9b12a4-9dc7-4778-a391-5bc3c6da6ddd,2021-08-16 00:21:37,2021-08-16,2021-08-16 07:21:37 UTC,Pacific Time (US & Canada),research,,https://www.inaturalist.org/observations/91379251,,https://static.inaturalist.org/sounds/292324.wav?1629098555,1,0,false,"Paradise Valley, South San Francisco, CA, USA",37.66666699,-122.41065127,6,6,Coyote,Canis latrans,Coyote,Mammalia,42051
91384025,77ebefe8-f5da-4911-a75b-1dae7418f501,2021/08/07 7:02 AM CDT,2021-08-07,2021-08-07 12:02:00 UTC,Central Time (US & Canada),research,CC-BY-NC,https://www.inaturalist.org/observations/91384025,https://inaturalist-open-data.s3.amazonaws.com/photos/151146707/medium.jpeg,https://static.inaturalist.org/sounds/295515.wav?1629695849,1,0,false,"1070 Trent Ln, Kings Beach, CA 96143, USA",39.2552676,-120.0337283,182,182,Douglas' Squirrel,Tamiasciurus douglasii,Douglas's Squirrel,Mammalia,46259
91899075,40d3a8d9-0db7-477c-8724-66981254dc4f,2021-08-20 14:44:46,2021-08-20,2021-08-20 21:44:46 UTC,Pacific Time (US & Canada),research,,https://www.inaturalist.org/observations/91899075,https://static.inaturalist.org/photos/152081505/medium.jpeg,https://static.inaturalist.org/sounds/294472.wav?1629496107,1,0,false,"Buttonwillow, CA 93206, USA",35.33159836,-119.36347822,9,9,Tule Elk,Cervus canadensis nannodes,Tule Elk,Mammalia,566549
92102980,e3c40a63-180e-4b57-a95a-386d336d1346,2021-08-22 07:25:11,2021-08-22,2021-08-22 14:25:11 UTC,Pacific Time (US & Canada),research,CC-BY-NC,https://www.inaturalist.org/observations/92102980,,https://static.inaturalist.org/sounds/295194.wav?1629642368,2,0,false,"Chino Canyon, Palm Springs, CA 92262, USA",33.85610198,-116.55791527,9,9,California Ground Squirrel,Otospermophilus beecheyi,California Ground Squirrel,Mammalia,180007
92136173,58b9089d-6f4b-43f7-8805-7114670d3e0a,2021-08-22 11:12:27,2021-08-22,2021-08-22 18:12:27 UTC,Pacific Time (US & Canada),research,CC-BY-NC,https://www.inaturalist.org/observations/92136173,,https://static.inaturalist.org/sounds/295291.wav?1629656020,1,0,false,"Almaden, San Jose, CA, USA",37.19561124,-121.86468365,10,10,Eastern Gray Squirrel,Sciurus carolinensis,Eastern Gray Squirrel,Mammalia,46017
92276701,7f96045f-5d00-4ef9-b5a4-e5dca8eb961e,Mon Aug 23 2021 09:21:51 GMT-0700 (PDT),2021-08-23,2021-08-23 16:21:51 UTC,Pacific Time (US & Canada),research,CC-BY-NC,https://www.inaturalist.org/observations/92276701,,https://static.inaturalist.org/sounds/295730.m4a?1629748141,1,0,false,"Angeles MRCA Open Space, Los Angeles County, US-CA, US",34.2165876925,-118.1555401349,5,5,Western Gray Squirrel,Sciurus griseus,Western Gray Squirrel,Mammalia,46023
92383132,aea983fc-0d42-4843-8016-639319ea62ef,Tue Aug 24 2021 10:57:21 GMT-0700 (PDT),2021-08-24,2021-08-24 17:57:21 UTC,Pacific Time (US & Canada),research,CC-BY-NC,https://www.inaturalist.org/observations/92383132,https://inaturalist-open-data.s3.amazonaws.com/photos/152957920/medium.jpg,https://static.inaturalist.org/sounds/296105.m4a?1629828101,2,0,false,United States,41.8752248853,-124.0451474561,8,27723,Douglas' Squirrel,Tamiasciurus douglasii,Douglas's Squirrel,Mammalia,46259
92522370,e237d0df-9e42-4b1d-a5cc-400945105885,Wed Aug 25 2021 15:08:46 GMT-0700 (PDT),2021-08-25,2021-08-25 22:08:46 UTC,Pacific Time (US & Canada),research,,https://www.inaturalist.org/observations/92522370,,https://static.inaturalist.org/sounds/296820.m4a?1629935661,1,0,false,"Avon Park Terr, Los Angeles, CA, US",34.0887830852,-118.2440965665,65,65,Coyote,Canis latrans,Coyote,Mammalia,42051
92643560,8e06b79e-6cc5-4adf-be75-23f213cfa4f5,2021/08/26 8:16 PM PDT,2021-08-26,2021-08-27 03:16:00 UTC,Pacific Time (US & Canada),research,CC-BY-NC,https://www.inaturalist.org/observations/92643560,https://inaturalist-open-data.s3.amazonaws.com/photos/153427697/medium.png,https://static.inaturalist.org/sounds/297491.wav?1630040147,1,0,false,"California, US",38.5002140436,-121.5498124256,141,28240,Mexican Free-tailed Bat,Tadarida brasiliensis,Mexican Free-tailed Bat,Mammalia,41301
92643562,6677a668-6789-40e8-bb4e-d8e6a9650726,2021/08/26 8:16 PM PDT,2021-08-26,2021-08-27 03:16:00 UTC,Pacific Time (US & Canada),research,CC-BY-NC,https://www.inaturalist.org/observations/92643562,https://inaturalist-open-data.s3.amazonaws.com/photos/153428075/medium.png,https://static.inaturalist.org/sounds/297493.wav?1630040704,1,0,false,"California, US",38.5776720621,-121.4199041621,128,28240,Mexican Free-tailed Bat,Tadarida brasiliensis,Mexican Free-tailed Bat,Mammalia,41301
92643563,ebb46229-4f94-44f4-9434-01c4c72ede99,2021/08/26 8:32 PM PDT,2021-08-26,2021-08-27 03:32:00 UTC,Pacific Time (US & Canada),research,CC-BY-NC,https://www.inaturalist.org/observations/92643563,https://inaturalist-open-data.s3.amazonaws.com/photos/153428355/medium.png,https://static.inaturalist.org/sounds/297494.wav?1630040759,2,0,false,"California, US",38.4185236797,-121.5155440738,101,28240,Mexican Free-tailed Bat,Tadarida brasiliensis,Mexican Free-tailed Bat,Mammalia,41301
92645052,5579a4c8-1e08-4856-8c26-1a4d77270880,2021/04/17 11:23 PM PDT,2021-04-17,2021-04-18 06:23:00 UTC,Pacific Time (US & Canada),research,CC-BY-NC,https://www.inaturalist.org/observations/92645052,https://inaturalist-open-data.s3.amazonaws.com/photos/153430935/medium.png,https://static.inaturalist.org/sounds/297495.wav?1630042321,1,0,false,"Plumas County, Plumas National Forest, US-CA, US",39.8127704553,-121.1545701714,5,28030,Townsend's Big-eared Bat,Corynorhinus townsendii,Townsend's Big-eared Bat,Mammalia,74205
92645053,f5976cca-d4e1-4a03-a4b6-bab814acec43,2021/04/17 11:25 PM PDT,2021-04-17,2021-04-18 06:25:00 UTC,Pacific Time (US & Canada),research,CC-BY-NC,https://www.inaturalist.org/observations/92645053,https://inaturalist-open-data.s3.amazonaws.com/photos/153431215/medium.png,https://static.inaturalist.org/sounds/297496.wav?1630042380,1,0,false,"Plumas County, Plumas National Forest, US-CA, US",39.9278347607,-121.0159977592,5,28030,Townsend's Big-eared Bat,Corynorhinus townsendii,Townsend's Big-eared Bat,Mammalia,74205
92645054,a3df0004-4fee-4a23-b822-37165b775718,2021/04/20 12:17 AM PDT,2021-04-20,2021-04-20 07:17:00 UTC,Pacific Time (US & Canada),research,CC-BY-NC,https://www.inaturalist.org/observations/92645054,https://inaturalist-open-data.s3.amazonaws.com/photos/153431320/medium.png,https://static.inaturalist.org/sounds/297497.wav?1630042447,2,0,false,"Plumas County, Plumas National Forest, US-CA, US",39.9500703204,-121.162519847,5,28030,Townsend's Big-eared Bat,Corynorhinus townsendii,Townsend's Big-eared Bat,Mammalia,74205
92645057,f59aac8a-d346-4be9-a308-51c9f9f0a05d,2021/04/23 1:48 AM PDT,2021-04-23,2021-04-23 08:48:00 UTC,Pacific Time (US & Canada),research,CC-BY-NC,https://www.inaturalist.org/observations/92645057,https://inaturalist-open-data.s3.amazonaws.com/photos/153431437/medium.png,https://static.inaturalist.org/sounds/297498.wav?1630042512,1,0,false,"Plumas County, Plumas National Forest, US-CA, US",39.9931379725,-121.1394552006,5,28030,Townsend's Big-eared Bat,Corynorhinus townsendii,Townsend's Big-eared Bat,Mammalia,74205
92645058,422283a2-6b22-4096-b62b-bfd5f5e525ca,2021/05/06 11:19 PM PDT,2021-05-06,2021-05-07 06:19:00 UTC,Pacific Time (US & Canada),research,CC-BY-NC,https://www.inaturalist.org/observations/92645058,https://inaturalist-open-data.s3.amazonaws.com/photos/153431575/medium.png,https://static.inaturalist.org/sounds/297500.wav?1630042659,2,0,false,"Plumas County, Plumas National Forest, US-CA, US",39.8384040942,-121.1350435884,5,28030,Townsend's Big-eared Bat,Corynorhinus townsendii,Townsend's Big-eared Bat,Mammalia,74205
92645060,006a9439-c09b-48f4-ba30-83a5aea22a52,2021/04/30 03:05 AM PDT,2021-04-30,2021-04-30 10:05:00 UTC,Pacific Time (US & Canada),research,CC-BY-NC,https://www.inaturalist.org/observations/92645060,https://inaturalist-open-data.s3.amazonaws.com/photos/153431520/medium.png,https://static.inaturalist.org/sounds/297499.wav?1630042585,1,0,false,"Plumas County, Plumas National Forest, US-CA, US",39.8495986239,-121.177039188,5,28030,Townsend's Big-eared Bat,Corynorhinus townsendii,Townsend's Big-eared Bat,Mammalia,74205
92645062,41f04f3f-7e6f-4a68-b577-5b42160dc7fd,2021/05/13 9:36 PM PDT,2021-05-13,2021-05-14 04:36:00 UTC,Pacific Time (US & Canada),research,CC-BY-NC,https://www.inaturalist.org/observations/92645062,https://inaturalist-open-data.s3.amazonaws.com/photos/153431625/medium.png,https://static.inaturalist.org/sounds/297501.wav?1630042704,1,0,false,"Plumas County, Plumas National Forest, US-CA, US",39.9973615329,-121.1788474643,5,28030,Townsend's Big-eared Bat,Corynorhinus townsendii,Townsend's Big-eared Bat,Mammalia,74205
92645063,97a44d3a-1e6b-4f08-9dd7-ff8a7f571bd8,2021/05/14 8:31 PM PDT,2021-05-14,2021-05-15 03:31:00 UTC,Pacific Time (US & Canada),research,CC-BY-NC,https://www.inaturalist.org/observations/92645063,https://inaturalist-open-data.s3.amazonaws.com/photos/153431679/medium.png,https://static.inaturalist.org/sounds/297502.wav?1630042754,1,0,false,"Plumas County, Plumas National Forest, US-CA, US",39.8852970086,-121.0384262749,5,28030,Townsend's Big-eared Bat,Corynorhinus townsendii,Townsend's Big-eared Bat,Mammalia,74205
92674641,29a4220e-14b8-443a-a2d0-c124b2fda713,2021-08-26,2021-08-26,,Pacific Time (US & Canada),research,CC-BY-NC,https://www.inaturalist.org/observations/92674641,,https://static.inaturalist.org/sounds/297629.mp3?1630076319,1,0,false,"San Mateo County, CA, USA",37.3767927541,-122.3746030277,15,15,Merriam's Chipmunk,Neotamias merriami,Merriam's Chipmunk,Mammalia,197810
92850838,a78bd617-df1a-42d2-8888-f39943dffc45,Sat Aug 28 2021 17:20:13 GMT-0700 (PDT),2021-08-28,2021-08-29 00:20:13 UTC,Pacific Time (US & Canada),research,CC-BY-NC,https://www.inaturalist.org/observations/92850838,,https://static.inaturalist.org/sounds/298528.m4a?1630196580,1,0,false,"Butterfield Rd, Los Angeles, CA, US",34.0399987623,-118.4159295728,5,5,Fox Squirrel,Sciurus niger,Eastern Fox Squirrel,Mammalia,46020
92854609,f55740ad-e0d7-43ab-9530-b8029b10e4e4,2021-08-19 14:30:00,2021-08-19,2021-08-19 14:30:00 UTC,UTC,research,,https://www.inaturalist.org/observations/92854609,https://static.inaturalist.org/photos/153807963/medium.jpeg,https://static.inaturalist.org/sounds/298533.m4a?1630198913,3,1,false,"Felton, CA, USA",37.0522180036,-122.051230967,3327,3327,Merriam's Chipmunk,Neotamias merriami,Merriam's Chipmunk,Mammalia,197810
92858550,1648f04f-0956-4d8d-a267-731f6a31fe3b,Sat Aug 28 2021 17:41:21 GMT-0700 (PDT),2021-08-28,2021-08-29 00:41:21 UTC,Pacific Time (US & Canada),research,CC-BY-NC,https://www.inaturalist.org/observations/92858550,,https://static.inaturalist.org/sounds/298563.wav?1630205219,1,0,false,"El Cerrito Ave, Hillsborough, CA, US",37.5639214629,-122.3370030429,24,24,Eastern Gray Squirrel,Sciurus carolinensis,Eastern Gray Squirrel,Mammalia,46017
92868867,629733f4-3969-468e-97df-ae27086d2e04,Sat Aug 28 2021 21:12:51 GMT-0700 (PDT),2021-08-28,2021-08-29 04:12:51 UTC,Pacific Time (US & Canada),research,CC-BY-SA,https://www.inaturalist.org/observations/92868867,,https://static.inaturalist.org/sounds/298581.m4a?1630210394,1,0,false,"Greenberry Ln, San Rafael, CA, US",38.0267937357,-122.5623701598,8,8,Coyote,Canis latrans,Coyote,Mammalia,42051
93215428,760e7db8-2add-4817-bf25-d872a404ce73,2021-08-31 18:03:54,2021-08-31,2021-09-01 01:03:54 UTC,Pacific Time (US & Canada),research,CC-BY-NC,https://www.inaturalist.org/observations/93215428,https://inaturalist-open-data.s3.amazonaws.com/photos/154463589/medium.jpeg,https://static.inaturalist.org/sounds/299904.wav?1630459366,2,0,false,"North Park, San Diego, CA, USA",32.7445316931,-117.1211795881,8,8,Fox Squirrel,Sciurus niger,Eastern Fox Squirrel,Mammalia,46020
93674602,2aaf5cf1-997e-4886-82ff-c908a8b1b2cc,2021/09/04 1:05 PM PDT,2021-09-04,2021-09-04 20:05:00 UTC,Pacific Time (US & Canada),research,CC-BY-NC,https://www.inaturalist.org/observations/93674602,https://inaturalist-open-data.s3.amazonaws.com/photos/155290267/medium.jpg,https://static.inaturalist.org/sounds/301512.mp3?1630812943,1,0,false,"Hollywood, Oxnard, CA 93035, USA",34.1591666667,-119.225,,,California Sea Lion,Zalophus californianus,California Sea Lion,Mammalia,41740
93907312,c0a7cfa1-f369-4be6-ab02-bad200d6add8,2021/09/06 1:15 PM PDT,2021-09-06,2021-09-06 20:15:00 UTC,Pacific Time (US & Canada),research,,https://www.inaturalist.org/observations/93907312,,https://static.inaturalist.org/sounds/302299.m4a?1630959346,2,0,false,"Monterey County, CA, USA",35.8219731392,-121.3483468342,15,15,Western Gray Squirrel,Sciurus griseus,Western Gray Squirrel,Mammalia,46023
94038474,8cf7a522-d80d-4bf0-81a4-1c51938df51b,2021-09-07 14:01:27,2021-09-07,2021-09-07 21:01:27 UTC,Pacific Time (US & Canada),research,,https://www.inaturalist.org/observations/94038474,https://static.inaturalist.org/photos/155941686/medium.jpeg,https://static.inaturalist.org/sounds/302753.wav?1631048670,2,0,false,"Longfellow, Oakland, CA, USA",37.83492066,-122.27351899,7,7,Fox Squirrel,Sciurus niger,Eastern Fox Squirrel,Mammalia,46020
94117123,e57ff761-314d-47fa-91f7-0d59f06149d0,Wed Sep 08 2021 09:12:45 GMT-0700 (PDT),2021-09-08,2021-09-08 16:12:45 UTC,Pacific Time (US & Canada),research,CC-BY-NC,https://www.inaturalist.org/observations/94117123,,https://static.inaturalist.org/sounds/302974.m4a?1631117587,1,0,false,"Alma Bridge Rd, Los Gatos, CA, US",37.2002542226,-121.9847707776,18,18,Merriam's Chipmunk,Neotamias merriami,Merriam's Chipmunk,Mammalia,197810
94117206,ecf78f45-b78e-4d98-8ae3-065243d66219,Wed Sep 08 2021 09:13:33 GMT-0700 (PDT),2021-09-08,2021-09-08 16:13:33 UTC,Pacific Time (US & Canada),research,CC-BY-NC,https://www.inaturalist.org/observations/94117206,,https://static.inaturalist.org/sounds/302975.m4a?1631117667,1,0,false,"Lexington Reservoir, Los Gatos, CA, US",37.200063,-121.984869,105,105,Merriam's Chipmunk,Neotamias merriami,Merriam's Chipmunk,Mammalia,197810
94180681,e43937df-aab4-443c-a2b4-ef10647fe787,Wed Sep 08 2021 21:03:06 GMT-0700 (PDT),2021-09-08,2021-09-09 04:03:06 UTC,Pacific Time (US & Canada),research,CC-BY-NC,https://www.inaturalist.org/observations/94180681,,https://static.inaturalist.org/sounds/303153.m4a?1631160245,1,0,false,"Vine Hill Rd, Santa Cruz, CA, US",37.0648564841,-121.9852881914,65,65,Gray Fox,Urocyon cinereoargenteus,Gray Fox,Mammalia,42076
94452941,9b028705-8752-4e9d-bcb8-ee2e20815a38,Sat Sep 11 2021 09:16:51 GMT-0700 (PDT),2021-09-11,2021-09-11 16:16:51 UTC,Pacific Time (US & Canada),research,,https://www.inaturalist.org/observations/94452941,,https://static.inaturalist.org/sounds/304215.m4a?1631377017,2,0,false,"Shady Oaks Park, San Jose, CA, US",37.263310927,-121.7944151018,9,9,California Ground Squirrel,Otospermophilus beecheyi,California Ground Squirrel,Mammalia,180007
94531967,cd4fc0d6-595a-458d-b8e7-333e9b01c812,2021/09/11 8:22 AM PDT,2021-09-11,2021-09-11 15:22:00 UTC,Pacific Time (US & Canada),research,CC-BY-NC,https://www.inaturalist.org/observations/94531967,,https://static.inaturalist.org/sounds/304487.wav?1631416407,1,0,false,"Edenvale, San Jose, CA, USA",37.2633302439,-121.7947159152,15,15,California Ground Squirrel,Otospermophilus beecheyi,California Ground Squirrel,Mammalia,180007
94925117,fd8d351f-4db0-47c3-8cb1-eb9205e334e6,2021/07/15 12:42 PM PDT,2021-07-15,2021-07-15 19:42:00 UTC,Pacific Time (US & Canada),research,CC-BY-NC,https://www.inaturalist.org/observations/94925117,,https://static.inaturalist.org/sounds/305676.wav?1631713182,1,0,false,"Joseph D. Grant County Park, CA, USA",37.325965,-121.714715,,,Wild Boar,Sus scrofa,Wild Boar,Mammalia,42134
94938417,53aae5cb-a316-48f2-997e-a995094b804c,Wed Sep 15 2021 09:11:05 GMT-0700 (PDT),2021-09-15,2021-09-15 16:11:05 UTC,Pacific Time (US & Canada),research,CC-BY,https://www.inaturalist.org/observations/94938417,,https://static.inaturalist.org/sounds/305713.m4a?1631722333,1,0,false,"Sierra National Forest, Shaver Lake, CA, US",37.2482717484,-119.1946495138,4,4,Douglas' Squirrel,Tamiasciurus douglasii,Douglas's Squirrel,Mammalia,46259
95297994,24167692-9b3b-4ce9-afd0-24e7ffe6e54c,Sat Sep 18 2021 11:46:05 GMT-0700 (PDT),2021-09-18,2021-09-18 18:46:05 UTC,Pacific Time (US & Canada),research,CC-BY-NC,https://www.inaturalist.org/observations/95297994,,https://static.inaturalist.org/sounds/306930.m4a?1631990785,1,0,false,"Jasper Ridge Biological Preserve, Portola Valley, CA, US",37.4023412811,-122.2249463193,4,4,Merriam's Chipmunk,Neotamias merriami,Merriam's Chipmunk,Mammalia,197810
95508271,136e7b7a-0e90-47d6-9320-c8d26b307370,Mon Aug 30 2021 16:45:22 GMT-0700 (PDT),2021-08-30,2021-08-30 23:45:22 UTC,Pacific Time (US & Canada),research,CC-BY-NC,https://www.inaturalist.org/observations/95508271,https://inaturalist-open-data.s3.amazonaws.com/photos/158567147/medium.jpg,https://static.inaturalist.org/sounds/307570.m4a?1632117178,3,0,false,"Crescent Harbor, CA, US",41.7440171936,-124.181879482,43,43,California Sea Lion,Zalophus californianus,California Sea Lion,Mammalia,41740
95549280,95f01a3d-01b8-43dd-9561-69886cf61619,2021/09/19 9:17 AM PDT,2021-09-19,2021-09-19 16:17:00 UTC,Pacific Time (US & Canada),research,CC-BY-NC,https://www.inaturalist.org/observations/95549280,,https://static.inaturalist.org/sounds/307694.m4a?1632154938,1,0,false,"439 S La Luna Ave, Ojai, CA 93023, USA",34.4448201,-119.285582,195,195,Coyote,Canis latrans,Coyote,Mammalia,42051
95555050,c0585af5-789f-43e7-84f4-bf71e33aa18b,2021/09/19 8:56 PM PDT,2021-09-19,2021-09-20 03:56:00 UTC,Pacific Time (US & Canada),research,CC-BY-NC,https://www.inaturalist.org/observations/95555050,,https://static.inaturalist.org/sounds/307715.m4a?1632157974,1,0,false,"Aliso Viejo, CA, USA",33.5822332264,-117.7318453243,67,67,Coyote,Canis latrans,Coyote,Mammalia,42051
95621725,84ee8d09-d385-456b-b056-d05e97cd1a6b,Mon Sep 20 2021 20:15:00 GMT-0700 (PDT),2021-09-20,2021-09-21 03:15:00 UTC,Pacific Time (US & Canada),research,CC-BY-NC-SA,https://www.inaturalist.org/observations/95621725,,https://static.inaturalist.org/sounds/307906.m4a?1632195161,1,0,false,"California, US",37.2769976937,-121.9471188761,4,28417,Coyote,Canis latrans,Coyote,Mammalia,42051
95830083,c4191636-2b00-4b9d-97cd-002c0cf228fe,Wed Sep 22 2021 01:56:00 GMT-0700 (PDT),2021-09-22,2021-09-22 08:56:00 UTC,Pacific Time (US & Canada),research,CC-BY-NC,https://www.inaturalist.org/observations/95830083,,https://static.inaturalist.org/sounds/308520.m4a?1632374391,1,0,false,"Hidden Mesa Rd, El Cajon, CA, US",32.772155,-116.919525,65,65,Coyote,Canis latrans,Coyote,Mammalia,42051
95975643,25e1543f-6a18-46d1-aab5-e9e03368c0c5,Fri Sep 24 2021 09:19:39 GMT-0700 (PDT),2021-09-24,2021-09-24 16:19:39 UTC,Pacific Time (US & Canada),research,CC-BY-NC,https://www.inaturalist.org/observations/95975643,,https://static.inaturalist.org/sounds/308971.m4a?1632500397,2,0,false,"Jasper Ridge Biological Preserve, Portola Valley, CA, US",37.4098218846,-122.2327770271,21,21,Western Gray Squirrel,Sciurus griseus,Western Gray Squirrel,Mammalia,46023
96010175,af1cf06b-59b7-482d-b431-e2af42f151c5,Fri Sep 24 2021 13:22:31 GMT-0700 (PDT),2021-09-24,2021-09-24 20:22:31 UTC,Pacific Time (US & Canada),research,CC-BY-NC,https://www.inaturalist.org/observations/96010175,https://inaturalist-open-data.s3.amazonaws.com/photos/159453219/medium.jpg,https://static.inaturalist.org/sounds/309065.wav?1632518325,1,0,false,"East Hillsdale Park, San Mateo, CA, US",37.5358383333,-122.3031916667,6,6,Eastern Gray Squirrel,Sciurus carolinensis,Eastern Gray Squirrel,Mammalia,46017
96324072,5fd4807a-ce0c-492d-8fc7-2e56bc0c4366,2021/09/26 7:01 PM PDT,2021-09-26,2021-09-27 02:01:00 UTC,Pacific Time (US & Canada),research,CC-BY-NC,https://www.inaturalist.org/observations/96324072,,https://static.inaturalist.org/sounds/309981.wav?1632710680,1,0,false,"Oakland, CA, USA",37.8700752586,-122.2361217693,630,630,Coyote,Canis latrans,Coyote,Mammalia,42051
96531607,09ab523e-4f0a-4bee-9b9e-0bb3a648d4d3,Tue Sep 28 2021 16:33:16 GMT-0700 (PDT),2021-09-28,2021-09-28 23:33:16 UTC,Pacific Time (US & Canada),research,CC-BY-NC,https://www.inaturalist.org/observations/96531607,,https://static.inaturalist.org/sounds/310752.wav?1632882129,1,0,false,"Gum St, San Mateo, CA, US",37.5528065556,-122.31128953,24,24,Eastern Gray Squirrel,Sciurus carolinensis,Eastern Gray Squirrel,Mammalia,46017
96553517,40eccdb6-bdc5-4fa0-a8f9-17a295bc5954,2021/09/28 10:42 PM PDT,2021-09-28,2021-09-29 05:42:00 UTC,Pacific Time (US & Canada),research,CC-BY-SA,https://www.inaturalist.org/observations/96553517,,https://static.inaturalist.org/sounds/310804.m4a?1632894838,1,0,false,"98 Funston Ave, San Francisco, CA 94118, USA",37.7872822,-122.4697225,156,156,Coyote,Canis latrans,Coyote,Mammalia,42051
96634872,d8f324b5-26dd-4c38-825f-c5e5f9463b91,2021/06/28 4:26 PM PDT,2021-06-28,2021-06-28 23:26:00 UTC,Pacific Time (US & Canada),research,CC-BY-NC,https://www.inaturalist.org/observations/96634872,,https://static.inaturalist.org/sounds/311161.mp3?1632958009,3,0,false,"Palo Alto, CA, USA",37.3620944665,-122.1838689731,61,61,Merriam's Chipmunk,Neotamias merriami,Merriam's Chipmunk,Mammalia,197810
96644806,6bf4695d-4414-4086-9955-56f745c76285,Wed Sep 29 2021 17:47:08 GMT-0700 (PDT),2021-09-29,2021-09-30 00:47:08 UTC,Pacific Time (US & Canada),research,CC-BY-NC,https://www.inaturalist.org/observations/96644806,,https://static.inaturalist.org/sounds/311211.m4a?1632965560,1,0,false,"Wunderlich Park, Woodside, CA, US",37.4115334803,-122.264097093,16,16,Western Gray Squirrel,Sciurus griseus,Western Gray Squirrel,Mammalia,46023
96658312,e7e5db76-2566-4f78-92c1-26929a29a6d9,2021/09/18 4:39 PM PDT,2021-09-18,2021-09-18 23:39:00 UTC,Pacific Time (US & Canada),research,CC-BY,https://www.inaturalist.org/observations/96658312,https://inaturalist-open-data.s3.amazonaws.com/photos/160612277/medium.jpeg,https://static.inaturalist.org/sounds/311247.m4a?1632978719,2,0,false,"Jack's Peak County Park, California, USA",36.5611491,-121.8737686,7,7,Western Gray Squirrel,Sciurus griseus,Western Gray Squirrel,Mammalia,46023
96803972,9667353e-b7fb-44aa-b696-a8b1f2b7144c,Fri Oct 01 2021 10:37:13 GMT-0700 (PDT),2021-10-01,2021-10-01 17:37:13 UTC,Pacific Time (US & Canada),research,CC-BY-NC,https://www.inaturalist.org/observations/96803972,,https://static.inaturalist.org/sounds/311664.m4a?1633109869,1,0,false,"Alma Bridge Rd, Los Gatos, CA, US",37.1962180512,-121.984241755,9,9,Merriam's Chipmunk,Neotamias merriami,Merriam's Chipmunk,Mammalia,197810
96857353,e86e37c9-a364-4c13-ac30-1ef3137789e6,2021/09/29 7:04 PM PDT,2021-09-29,2021-09-30 02:04:00 UTC,Pacific Time (US & Canada),research,CC-BY-NC,https://www.inaturalist.org/observations/96857353,,https://static.inaturalist.org/sounds/311881.mp3?1633146444,1,0,false,Morrison Pond,32.6742894313,-117.0223723535,8,8,Coyote,Canis latrans,Coyote,Mammalia,42051
97078012,6d5b797a-ce95-45fe-8a21-3876dc1ef638,Sun Oct 03 2021 12:50:55 GMT-0700 (PDT),2021-10-03,2021-10-03 19:50:55 UTC,Pacific Time (US & Canada),research,CC-BY-NC,https://www.inaturalist.org/observations/97078012,,https://static.inaturalist.org/sounds/312604.m4a?1633298993,1,0,false,"Wunderlich Park, Woodside, CA, US",37.4108375512,-122.2632659629,8,8,California Ground Squirrel,Otospermophilus beecheyi,California Ground Squirrel,Mammalia,180007
97250716,f96e7aea-5cb1-455b-ac4e-f7c7d7f05000,2021/10/04 10:23 AM PDT,2021-10-04,2021-10-04 17:23:00 UTC,Pacific Time (US & Canada),research,CC-BY-NC,https://www.inaturalist.org/observations/97250716,,https://static.inaturalist.org/sounds/313152.wav?1633447740,1,0,false,"Ed R. Levin County Park, CA, USA",37.4437089999,-121.855068,,,Eastern Gray Squirrel,Sciurus carolinensis,Eastern Gray Squirrel,Mammalia,46017
97278703,582d4495-a382-4e3c-ae83-26e6fab4b189,Tue Oct 05 2021 13:16:09 GMT-0700 (PDT),2021-10-05,2021-10-05 20:16:09 UTC,Pacific Time (US & Canada),research,CC-BY-NC,https://www.inaturalist.org/observations/97278703,,https://static.inaturalist.org/sounds/313310.m4a?1633484186,1,0,false,"Moss Landing Harbor, Moss Landing, CA, US",36.8026054423,-121.7862906483,21,21,California Sea Lion,Zalophus californianus,California Sea Lion,Mammalia,41740
97282278,9e0d815d-98d3-4be2-95bc-d0f0f9015e42,2021/09/14 7:51 AM PDT,2021-09-14,2021-09-14 14:51:00 UTC,Pacific Time (US & Canada),research,,https://www.inaturalist.org/observations/97282278,,https://static.inaturalist.org/sounds/313226.wav?1633466611,1,0,false,"Carmel-By-The-Sea, CA 93923, USA",36.5494140139,-121.9163229782,31,31,Fox Squirrel,Sciurus niger,Eastern Fox Squirrel,Mammalia,46020
97318062,19e72b38-75c5-49d0-b780-7c6e512dd006,2021-10-05 20:30:00,2021-10-05,2021-10-05 20:30:00 UTC,UTC,research,CC-BY,https://www.inaturalist.org/observations/97318062,,https://static.inaturalist.org/sounds/313379.mp3?1633493865,1,0,false,"Santa Cruz, CA, USA",36.9798222794,-122.03059908,41,41,Coyote,Canis latrans,Coyote,Mammalia,42051
97519824,d4bd0cd4-3ab0-409d-9954-4026cba7839f,2021-10-07 21:49,2021-10-07,2021-10-08 04:49:00 UTC,Pacific Time (US & Canada),research,,https://www.inaturalist.org/observations/97519824,,https://static.inaturalist.org/sounds/313993.wav?1633669420,1,0,false,"Alamitos Beach, Long Beach, CA, USA",33.768805,-118.1762577,,,Common Raccoon,Procyon lotor,Common Raccoon,Mammalia,41663
98412022,df96dceb-6d8a-43da-a56d-5b425b3c608c,Sat Oct 16 2021 12:36:16 GMT -0700 (PDT),2021-10-16,2021-10-16 19:36:16 UTC,Pacific Time (US & Canada),research,CC-BY-SA,https://www.inaturalist.org/observations/98412022,https://inaturalist-open-data.s3.amazonaws.com/photos/163840632/medium.jpg,https://static.inaturalist.org/sounds/317284.wav?1634437635,4,0,false,Sacramento,38.5808181763,-121.5065460205,11,11,Mexican Free-tailed Bat,Tadarida brasiliensis,Mexican Free-tailed Bat,Mammalia,41301
98548939,e8783a2a-2a7f-490b-b98a-c4b6b2b6762e,2021/10/13 11:23 AM PDT,2021-10-13,2021-10-13 18:23:00 UTC,Pacific Time (US & Canada),research,CC-BY-NC,https://www.inaturalist.org/observations/98548939,https://inaturalist-open-data.s3.amazonaws.com/photos/164099115/medium.jpeg,https://static.inaturalist.org/sounds/317649.wav?1634514055,2,0,false,"Joseph D. Grant County Park, CA, USA",37.331626,-121.708411,17,17,California Ground Squirrel,Otospermophilus beecheyi,California Ground Squirrel,Mammalia,180007
98567378,3c6255d4-a233-48ac-8015-088db9d050f9,2021/10/17 7:06 PM PDT,2021-10-17,2021-10-18 02:06:00 UTC,Pacific Time (US & Canada),research,CC0,https://www.inaturalist.org/observations/98567378,,https://static.inaturalist.org/sounds/317684.wav?1634522800,1,0,false,Picchetti Ranch OSP,37.2933603731,-122.0890908522,8,8,Merriam's Chipmunk,Neotamias merriami,Merriam's Chipmunk,Mammalia,197810
99240055,6244c25b-fe04-4ae5-8949-4b00f7a88e3f,2021/10/24 10:46 AM PDT,2021-10-24,2021-10-24 17:46:00 UTC,Pacific Time (US & Canada),research,CC-BY-NC,https://www.inaturalist.org/observations/99240055,https://inaturalist-open-data.s3.amazonaws.com/photos/165393617/medium.jpg,https://static.inaturalist.org/sounds/320724.mp3?1635097631,2,0,false,"Turtle Rock, Irvine, CA, USA",33.6548406794,-117.821184475,488,488,Fox Squirrel,Sciurus niger,Eastern Fox Squirrel,Mammalia,46020
99512137,cec40f48-cf2d-42f7-b894-b62936d8dc98,Tue Oct 26 2021 19:02:27 GMT-0700 (PDT),2021-10-26,2021-10-27 02:02:27 UTC,Pacific Time (US & Canada),research,CC-BY-NC,https://www.inaturalist.org/observations/99512137,,https://static.inaturalist.org/sounds/321839.m4a?1635302317,1,0,false,"Tilden Regional Park, Orinda, CA, US",37.8834866318,-122.221543236,5,5,Coyote,Canis latrans,Coyote,Mammalia,42051
99512141,8abd5a9d-1cb5-43af-9775-0ecffdefa2fb,Tue Oct 26 2021 19:05:06 GMT-0700 (PDT),2021-10-26,2021-10-27 02:05:06 UTC,Pacific Time (US & Canada),research,CC-BY-NC,https://www.inaturalist.org/observations/99512141,,https://static.inaturalist.org/sounds/321840.m4a?1635302321,1,0,false,"Tilden Regional Park, Orinda, CA, US",37.8835103059,-122.2215176195,8,8,Coyote,Canis latrans,Coyote,Mammalia,42051
99598826,8e94d6e4-591d-4240-9842-52eb590ba452,Wed Oct 27 2021 19:48:46 GMT-0700 (PDT),2021-10-27,2021-10-28 02:48:46 UTC,Pacific Time (US & Canada),research,CC-BY-NC-SA,https://www.inaturalist.org/observations/99598826,,https://static.inaturalist.org/sounds/322208.m4a?1635389979,1,0,false,"California, US",37.3421501049,-121.9693179186,20,28417,Coyote,Canis latrans,Coyote,Mammalia,42051
99621426,413be719-e857-4695-a84d-40a7a9d92e1f,2021-10-28 05:30:00,2021-10-28,2021-10-28 12:30:00 UTC,Pacific Time (US & Canada),research,CC-BY-NC,https://www.inaturalist.org/observations/99621426,,https://static.inaturalist.org/sounds/322300.wav?1635424260,1,0,false,"Santa Clara County, US-CA, US",37.2029660048,-121.6871596084,5,28417,Coyote,Canis latrans,Coyote,Mammalia,42051
99716038,961e2c1f-c089-40cf-a253-8a97e0597755,Fri Oct 29 2021 09:29:16 GMT-0700 (PDT),2021-10-29,2021-10-29 16:29:16 UTC,Pacific Time (US & Canada),research,,https://www.inaturalist.org/observations/99716038,,https://static.inaturalist.org/sounds/322654.m4a?1635524974,2,0,false,"Sierra National Forest, Bass Lake, CA, US",37.3364094599,-119.5858888609,5,5,Mountain Lion,Puma concolor,Mountain Lion,Mammalia,42007
99839345,504c87cd-483f-4106-bb0f-d0a6b0524edf,Sat Oct 30 2021 17:03:26 GMT-0700 (PDT),2021-10-30,2021-10-31 00:03:26 UTC,Pacific Time (US & Canada),research,CC-BY-NC,https://www.inaturalist.org/observations/99839345,,https://static.inaturalist.org/sounds/323301.m4a?1635644771,4,1,false,"Henry Cowell Redwoods State Park, Felton, CA, US",37.0218843178,-122.0479324133,428,428,Western Gray Squirrel,Sciurus griseus,Western Gray Squirrel,Mammalia,46023
99846385,3ca1d38e-56ba-4ab3-ad31-5a07582628ba,2021/08/12 12:05 PM PDT,2021-08-12,2021-08-12 19:05:00 UTC,Pacific Time (US & Canada),research,CC-BY-NC,https://www.inaturalist.org/observations/99846385,,https://static.inaturalist.org/sounds/323336.mp3?1635651410,1,0,false,"Orange County, CA, USA",33.7965899171,-117.7605709554,2,2,California Ground Squirrel,Otospermophilus beecheyi,California Ground Squirrel,Mammalia,180007
99846390,9a0dfbc4-3c59-4878-b888-193530209365,2021/08/12 12:08 PM PDT,2021-08-12,2021-08-12 19:08:00 UTC,Pacific Time (US & Canada),research,CC-BY-NC,https://www.inaturalist.org/observations/99846390,,https://static.inaturalist.org/sounds/323334.mp3?1635651144,1,0,false,"Orange County, CA, USA",33.7966730717,-117.7601904765,5,5,California Ground Squirrel,Otospermophilus beecheyi,California Ground Squirrel,Mammalia,180007
99948636,5cc0f9f2-5422-4d8d-90b1-b4d729fd7ade,Fri Oct 29 2021 15:19:51 GMT-0700 (PDT),2021-10-29,2021-10-29 22:19:51 UTC,Pacific Time (US & Canada),research,CC-BY,https://www.inaturalist.org/observations/99948636,,https://static.inaturalist.org/sounds/323837.m4a?1635740134,1,0,false,"Tulare County, US-CA, US",35.8351023384,-118.6074635116,4,4,Douglas' Squirrel,Tamiasciurus douglasii,Douglas's Squirrel,Mammalia,46259
99978311,64dd197d-59bd-49b5-a34c-a28bc88d914e,2021/10/30 1:05 AM PDT,2021-10-30,2021-10-30 08:05:00 UTC,Pacific Time (US & Canada),research,CC-BY-NC,https://www.inaturalist.org/observations/99978311,,https://static.inaturalist.org/sounds/323930.m4a?1635777654,1,0,false,"Bobritt Rd, Bonsall, CA, USA",33.2900635959,-117.1859645264,40,40,Coyote,Canis latrans,Coyote,Mammalia,42051
100080167,bddc6d35-2f06-4567-91c5-da6ea9673e33,Tue Nov 02 2021 10:50:10 GMT-0700 (PDT),2021-11-02,2021-11-02 17:50:10 UTC,Pacific Time (US & Canada),research,,https://www.inaturalist.org/observations/100080167,,https://static.inaturalist.org/sounds/324320.m4a?1635875901,2,0,false,"Hahamongna Watershed Park, Pasadena, CA, US",34.2023493117,-118.1654610393,3,3,California Ground Squirrel,Otospermophilus beecheyi,California Ground Squirrel,Mammalia,180007
100081148,e9700dfd-56da-4da2-b401-22cda9009ad0,Tue Nov 02 2021 10:58:17 GMT-0700 (PDT),2021-11-02,2021-11-02 17:58:17 UTC,Pacific Time (US & Canada),research,,https://www.inaturalist.org/observations/100081148,,https://static.inaturalist.org/sounds/327477.m4a?1636490095,2,0,false,"Explorer Rd, Pasadena, CA, US",34.2033529512,-118.1664829419,65,65,California Ground Squirrel,Otospermophilus beecheyi,California Ground Squirrel,Mammalia,180007
100082393,fc21df0d-1040-4e9c-808c-381214d9bc9a,Tue Nov 02 2021 10:49:31 GMT-0700 (PDT),2021-11-02,2021-11-02 17:49:31 UTC,Pacific Time (US & Canada),research,CC-BY,https://www.inaturalist.org/observations/100082393,,https://static.inaturalist.org/sounds/324325.m4a?1635876726,2,0,false,"Hahamongna Watershed Park, Pasadena, CA, US",34.2023495854,-118.1654681486,4,4,California Ground Squirrel,Otospermophilus beecheyi,California Ground Squirrel,Mammalia,180007
100095495,7fa6b75a-015a-49c9-be76-d47af25d6721,Tue Nov 02 2021 14:20:31 GMT-0700 (PDT),2021-11-02,2021-11-02 21:20:31 UTC,Pacific Time (US & Canada),research,,https://www.inaturalist.org/observations/100095495,,https://static.inaturalist.org/sounds/324401.m4a?1635888068,1,0,false,"San Bernardino National Forest, Big Bear City, CA, US",34.2661882332,-116.8372331468,3,3,Western Gray Squirrel,Sciurus griseus,Western Gray Squirrel,Mammalia,46023
100216601,23b7da99-7886-4cee-89bd-3cb91f92126a,2021/11/03 10:28 AM PDT,2021-11-03,2021-11-03 17:28:00 UTC,Pacific Time (US & Canada),research,CC-BY-NC,https://www.inaturalist.org/observations/100216601,https://inaturalist-open-data.s3.amazonaws.com/photos/167230642/medium.jpeg,https://static.inaturalist.org/sounds/325175.wav?1636043339,2,0,false,"Joseph D. Grant County Park, CA, USA",37.354962,-121.692041,,,California Ground Squirrel,Otospermophilus beecheyi,California Ground Squirrel,Mammalia,180007
100249548,263de219-3352-4f6b-8b21-2e74257c92e6,2021/11/03 10:07 AM PDT,2021-11-03,2021-11-03 17:07:00 UTC,Pacific Time (US & Canada),research,CC-BY-NC,https://www.inaturalist.org/observations/100249548,,https://static.inaturalist.org/sounds/325221.wav?1636049259,1,0,false,"Joseph D. Grant County Park, CA, USA",37.350722,-121.6937910001,,,California Ground Squirrel,Otospermophilus beecheyi,California Ground Squirrel,Mammalia,180007
100564383,fdbc8996-24b6-4cac-9327-7977bc02deb0,2021/11/07 2:31 PM PST,2021-11-07,2021-11-07 22:31:00 UTC,Pacific Time (US & Canada),research,CC-BY-NC,https://www.inaturalist.org/observations/100564383,,https://static.inaturalist.org/sounds/326951.wav?1636340562,1,0,false,"San Mateo County, CA, USA",37.3997872695,-122.2630383804,122,122,Western Gray Squirrel,Sciurus griseus,Western Gray Squirrel,Mammalia,46023
100611809,7b9bad6f-eea6-4088-ae46-71b324637e40,Mon Nov 08 2021 09:33:15 GMT-0800 (PST),2021-11-08,2021-11-08 09:33:15 UTC,UTC,research,CC-BY-NC,https://www.inaturalist.org/observations/100611809,https://inaturalist-open-data.s3.amazonaws.com/photos/168288044/medium.jpg,https://static.inaturalist.org/sounds/327851.m4a?1636588170,1,0,false,"Arcata Community Forest, Arcata, CA, US",40.8717280015,-124.0716823189,13,13,Douglas' Squirrel,Tamiasciurus douglasii,Douglas's Squirrel,Mammalia,46259
100611920,aa115f58-e9f9-483f-9c71-da694fd27454,Sun Nov 07 2021 16:10:16 GMT-0800 (PST),2021-11-07,2021-11-08 00:10:16 UTC,Pacific Time (US & Canada),research,CC-BY-NC-SA,https://www.inaturalist.org/observations/100611920,https://inaturalist-open-data.s3.amazonaws.com/photos/167947316/medium.jpg,https://static.inaturalist.org/sounds/327117.m4a?1636394112,2,0,false,"California, US",37.389778717,-121.8717980425,6,28417,Coyote,Canis latrans,Coyote,Mammalia,42051
100708152,9251acc8-ac4c-4688-ba6d-7843a6702820,2021/11/08 10:47 AM PST,2021-11-08,2021-11-08 18:47:00 UTC,Pacific Time (US & Canada),research,CC-BY-NC,https://www.inaturalist.org/observations/100708152,,https://static.inaturalist.org/sounds/327460.wav?1636485004,1,0,false,"Bear Creek Redwoods OSP, CA, USA",37.172808,-122.015286,,,Western Gray Squirrel,Sciurus griseus,Western Gray Squirrel,Mammalia,46023
100812283,75f6da1e-52cb-41c4-acfc-d04245393f0c,Wed Nov 10 2021 16:56:10 GMT-0800 (PST),2021-11-10,2021-11-11 00:56:10 UTC,Pacific Time (US & Canada),research,CC-BY,https://www.inaturalist.org/observations/100812283,,https://static.inaturalist.org/sounds/327887.m4a?1636592187,1,0,false,"Cima Del Rey, Chula Vista, CA, US",32.6445856613,-117.0149826184,9,9,Coyote,Canis latrans,Coyote,Mammalia,42051
100962326,70786cf8-b0a7-47c8-9d59-a98e4d0db00e,Fri Nov 12 2021 15:24:52 GMT-0800 (PST),2021-11-12,2021-11-12 23:24:52 UTC,Pacific Time (US & Canada),research,CC-BY-NC,https://www.inaturalist.org/observations/100962326,https://inaturalist-open-data.s3.amazonaws.com/photos/168561213/medium.jpg,https://static.inaturalist.org/sounds/328894.m4a?1636759514,1,0,false,"Cristo Rey Dr, Cupertino, CA, US",37.3380089382,-122.0893096578,8,8,Eastern Gray Squirrel,Sciurus carolinensis,Eastern Gray Squirrel,Mammalia,46017
101005936,f4a95a6c-cc01-4d91-bd76-97cc2b145f01,Sat Nov 13 2021 08:56:30 GMT-0800 (PST),2021-11-13,2021-11-13 18:56:30 UTC,Hawaii,research,CC-BY-NC,https://www.inaturalist.org/observations/101005936,,https://static.inaturalist.org/sounds/329066.m4a?1636815404,2,0,false,"Lake Tahoe Basin Management Unit, Tahoe Vista, CA, US",39.2294887521,-120.0792451787,10,10,Douglas' Squirrel,Tamiasciurus douglasii,Douglas's Squirrel,Mammalia,46259
101091886,cdf6f9d8-b343-441d-80e4-1ac4d2241e1c,Sat Nov 13 2021 23:29:25 GMT-0800 (PST),2021-11-13,2021-11-14 04:29:25 UTC,Eastern Time (US & Canada),research,CC-BY-NC,https://www.inaturalist.org/observations/101091886,,https://static.inaturalist.org/sounds/329377.m4a?1636896893,1,0,false,"Inyo County, US-CA, US",35.8174136272,-116.1788629542,6,6,Canis latrans,Canis latrans,Coyote,Mammalia,42051
101111107,11ca65f6-f47e-4edd-9ce6-7f85a3d9cbc3,Sun Nov 14 2021 11:08:29 GMT-0800 (PST),2021-11-14,2021-11-14 21:08:29 UTC,Hawaii,research,CC-BY-NC,https://www.inaturalist.org/observations/101111107,,https://static.inaturalist.org/sounds/329426.m4a?1636909833,1,0,false,"Placer County, US-CA, US",39.2327377145,-120.0778393921,1414,1414,Douglas' Squirrel,Tamiasciurus douglasii,Douglas's Squirrel,Mammalia,46259
101144012,9cbb4a15-3139-476f-9392-2d6570aef101,2021-11-14 14:12:43,2021-11-14,2021-11-14 22:12:43 UTC,Pacific Time (US & Canada),research,CC-BY-NC,https://www.inaturalist.org/observations/101144012,,https://static.inaturalist.org/sounds/329499.wav?1636928076,2,0,false,"Cambria, CA, USA",35.5522906501,-121.0791759565,8,8,Western Gray Squirrel,Sciurus griseus,Western Gray Squirrel,Mammalia,46023
101353268,1fc0418e-5381-43a9-b6ed-28323129380b,Sat Feb 06 2021 15:33:00 GMT-0800 (PST),2021-02-06,2021-02-06 15:33:00 UTC,UTC,research,CC-BY-NC,https://www.inaturalist.org/observations/101353268,https://inaturalist-open-data.s3.amazonaws.com/photos/169252962/medium.jpg,https://static.inaturalist.org/sounds/336899.m4a?1639286176,4,0,false,"Henry W. Coe State Park, Gilroy, CA, US",37.0634235021,-121.4417812536,163,163,Bobcat,Lynx rufus,Bobcat,Mammalia,41976
101453205,c9aa79d6-cc32-4ee8-96f4-b519f9eb3ebb,Thu Nov 18 2021 23:51:00 GMT-0800 (PST),2021-11-18,2021-11-19 07:51:00 UTC,Pacific Time (US & Canada),research,CC-BY-NC,https://www.inaturalist.org/observations/101453205,,https://static.inaturalist.org/sounds/330621.m4a?1637309286,1,0,false,"Hidden Mesa Rd, El Cajon, CA, US",32.77238449,-116.9194537613,9,9,Coyote,Canis latrans,Coyote,Mammalia,42051
101458580,cef9acdf-75bd-4004-bd9d-886ef651bccb,2021-11-18 03:30:00-08:00,2021-11-18,2021-11-18 11:30:00 UTC,Pacific Time (US & Canada),research,CC-BY-NC,https://www.inaturalist.org/observations/101458580,,https://static.inaturalist.org/sounds/330763.m4a?1637354671,1,0,false,"Hidden Mesa Rd, El Cajon, CA, US",32.7723647136,-116.9194338524,9,9,Coyote,Canis latrans,Coyote,Mammalia,42051
101506564,d6f03206-c53d-4e95-b416-03271e787bb7,Fri Nov 19 2021 16:53:32 GMT-0800 (PST),2021-11-19,2021-11-19 22:53:32 UTC,Central Time (US & Canada),research,CC-BY-NC,https://www.inaturalist.org/observations/101506564,https://inaturalist-open-data.s3.amazonaws.com/photos/169597775/medium.jpg,https://static.inaturalist.org/sounds/330849.m4a?1637376827,1,0,false,"Oceanside Harbor, Oceanside, CA, US",33.2074408736,-117.3955220997,20,20,California Sea Lion,Zalophus californianus,California Sea Lion,Mammalia,41740
101637143,9475a5b0-7ff4-47aa-b9a3-4d4947294885,Sun Nov 21 2021 10:06:57 GMT-0800 (PST),2021-11-21,2021-11-21 18:06:57 UTC,Pacific Time (US & Canada),research,CC-BY-NC,https://www.inaturalist.org/observations/101637143,,https://static.inaturalist.org/sounds/331348.m4a?1637518050,1,0,false,"Bridge Rd, Hillsborough, CA, US",37.5629392013,-122.3337950513,6,6,Eastern Gray Squirrel,Sciurus carolinensis,Eastern Gray Squirrel,Mammalia,46017
101729848,576bdc9e-4e12-4f31-ad33-51bb16aeb9eb,2021-11-22 14:45:19,2021-11-22,2021-11-22 22:45:19 UTC,Pacific Time (US & Canada),research,CC-BY-NC,https://www.inaturalist.org/observations/101729848,,https://static.inaturalist.org/sounds/331641.wav?1637621440,3,0,false,"Idyllwild Park, Riverside County, US-CA, US",33.74189472,-116.72485814,3,3,Western Gray Squirrel,Sciurus griseus,Western Gray Squirrel,Mammalia,46023
101799454,cd49d164-7616-4f7c-a54e-fbec547fee05,Tue Nov 23 2021 18:43:37 GMT-0800 (PST),2021-11-23,2021-11-24 02:43:37 UTC,Pacific Time (US & Canada),research,CC-BY-NC,https://www.inaturalist.org/observations/101799454,,https://static.inaturalist.org/sounds/331969.m4a?1637721840,1,0,false,"Monterey Harbor, Monterey, CA, US",36.6048926022,-121.8922065739,59,59,California Sea Lion,Zalophus californianus,California Sea Lion,Mammalia,41740
101983949,d4580468-ade8-4116-ad28-bcd39662f15b,2021/11/26 8:26 AM PST,2021-11-26,2021-11-26 16:26:00 UTC,Pacific Time (US & Canada),research,CC-BY-NC,https://www.inaturalist.org/observations/101983949,https://inaturalist-open-data.s3.amazonaws.com/photos/170392073/medium.jpg,https://static.inaturalist.org/sounds/332797.m4a?1637981917,3,0,false,"Montecito, CA 93108, USA",34.450499734,-119.6691512253,24,24,Coyote,Canis latrans,Coyote,Mammalia,42051
102063149,3c0da89c-d2bd-42e4-9979-69afc76b0ce3,Sat Nov 27 2021 21:14:00 GMT-0800 (PST),2021-11-27,2021-11-28 05:14:00 UTC,Pacific Time (US & Canada),research,CC-BY-NC,https://www.inaturalist.org/observations/102063149,,https://static.inaturalist.org/sounds/333136.m4a?1638077863,1,0,false,"Hidden Mesa Rd, El Cajon, CA, US",32.7723876128,-116.9194696238,4,4,Coyote,Canis latrans,Coyote,Mammalia,42051
102128947,52089098-f6c1-4a6e-b33b-4de40023a5e6,Sun Nov 28 2021 10:44:28 GMT-0800 (PST),2021-11-28,2021-11-28 18:44:28 UTC,Pacific Time (US & Canada),research,CC-BY,https://www.inaturalist.org/observations/102128947,,https://static.inaturalist.org/sounds/333354.m4a?1638144174,1,0,false,"Purisima Creek Open Space Preserve, San Mateo County, US-CA, US",37.4326877957,-122.3391255567,4,4,Western Gray Squirrel,Sciurus griseus,Western Gray Squirrel,Mammalia,46023
102276361,ef222c33-cc5f-4e3d-9b97-0adabfd34006,Tue Nov 30 2021 17:40:23 GMT-0800 (PST),2021-11-30,2021-11-30 22:40:23 UTC,Eastern Time (US & Canada),research,CC-BY-NC,https://www.inaturalist.org/observations/102276361,,https://static.inaturalist.org/sounds/334083.m4a?1638324462,1,0,false,"Upper Jordan Trail, Oakland, CA, US",37.8705958586,-122.2313492118,4,4,Canis latrans,Canis latrans,Coyote,Mammalia,42051
102331051,0d00d144-0f59-4cf7-94ac-9fd7b8becbd4,Wed Dec 01 2021 17:11:29 GMT-0800 (PST),2021-12-01,2021-12-02 01:11:29 UTC,Pacific Time (US & Canada),research,CC-BY-NC,https://www.inaturalist.org/observations/102331051,,https://static.inaturalist.org/sounds/334715.m4a?1638407511,2,0,false,"Chabot Park, Oakland, CA, US",37.7412680397,-122.1309910623,3,3,Canis latrans,Canis latrans,Coyote,Mammalia,42051
102331178,ff29f111-5ea0-4f51-ada6-3998f0aa08c0,Wed Dec 01 2021 10:00:04 GMT-0800 (PST),2021-12-01,2021-12-01 18:00:04 UTC,Pacific Time (US & Canada),research,CC-BY-NC,https://www.inaturalist.org/observations/102331178,,https://static.inaturalist.org/sounds/334716.m4a?1638407756,1,0,false,"Lexington Reservoir County Park, Santa Clara County, US-CA, US",37.1847513157,-121.9800022982,23,23,Merriam's Chipmunk,Neotamias merriami,Merriam's Chipmunk,Mammalia,197810
102331184,11c4b635-4a2e-4a83-ae40-3de441c916bd,Wed Dec 01 2021 10:11:35 GMT-0800 (PST),2021-12-01,2021-12-01 18:11:35 UTC,Pacific Time (US & Canada),research,CC-BY-NC,https://www.inaturalist.org/observations/102331184,,https://static.inaturalist.org/sounds/334717.m4a?1638407765,1,0,false,"Santa Clara County, US-CA, US",37.1842465366,-121.9824930148,11,11,Merriam's Chipmunk,Neotamias merriami,Merriam's Chipmunk,Mammalia,197810
102380346,9f2a7d6b-c550-4a80-9a75-4ede8c978197,Thu Dec 02 2021 15:07:00 GMT-0800 (PST),2021-12-02,2021-12-02 23:07:00 UTC,Pacific Time (US & Canada),research,CC-BY-NC,https://www.inaturalist.org/observations/102380346,,https://static.inaturalist.org/sounds/334916.wav?1638486773,1,0,false,"4040 Woodside Rd, Woodside, CA 94062, USA",37.4097789,-122.261658,436,436,Western Gray Squirrel,Sciurus griseus,Western Gray Squirrel,Mammalia,46023
102380544,7f285ae1-1d0b-4f28-b10d-d503ffaebbcc,Thu Dec 02 2021 15:21:00 GMT-0800 (PST),2021-12-02,2021-12-02 23:21:00 UTC,Pacific Time (US & Canada),research,CC-BY-NC,https://www.inaturalist.org/observations/102380544,,https://static.inaturalist.org/sounds/334922.wav?1638487230,1,0,false,"4040 Woodside Rd, Woodside, CA 94062, USA",37.4097789,-122.261658,436,436,Western Gray Squirrel,Sciurus griseus,Western Gray Squirrel,Mammalia,46023
102384256,13c0f674-eada-49d6-8112-a3f56c3692c9,Thu Dec 02 2021 16:52:27 GMT-0800 (PST),2021-12-02,2021-12-02 21:52:27 UTC,Eastern Time (US & Canada),research,CC-BY-NC,https://www.inaturalist.org/observations/102384256,,https://static.inaturalist.org/sounds/334934.m4a?1638492779,1,0,false,"The Westin Mission Hills Golf Resort & Spa, Rancho Mirage, CA, US",33.8012219942,-116.4224035802,9,9,Coyote,Canis latrans,Coyote,Mammalia,42051
102391350,ecada47a-40ef-496c-9271-7052bee8cb9f,2021/11/28 9:07 AM PST,2021-11-28,2021-11-28 17:07:00 UTC,Pacific Time (US & Canada),research,CC-BY-NC,https://www.inaturalist.org/observations/102391350,https://inaturalist-open-data.s3.amazonaws.com/photos/171125012/medium.jpeg,https://static.inaturalist.org/sounds/334925.m4a?1638490640,2,0,false,"San Luis Obispo County, CA, USA",35.1703928069,-120.7550131994,8,8,California Sea Lion,Zalophus californianus,California Sea Lion,Mammalia,41740
102736741,8ef03f97-802a-4a48-99f4-dd6cee7b944c,2021/12/06 12:59 PM PST,2021-12-06,2021-12-06 20:59:00 UTC,Pacific Time (US & Canada),research,CC-BY-NC,https://www.inaturalist.org/observations/102736741,,https://static.inaturalist.org/sounds/336189.wav?1639002647,1,0,false,"Contra Costa County, CA, USA",37.8160802148,-122.1328522416,4,4,Wild Boar,Sus scrofa,Wild Boar,Mammalia,42134
102741481,d4be7f4e-d537-4818-9361-f3edc5a46c47,2021-11-23 12:08:49,2021-11-23,2021-11-23 20:08:49 UTC,Pacific Time (US & Canada),research,,https://www.inaturalist.org/observations/102741481,,https://static.inaturalist.org/sounds/336196.m4a?1639009811,1,0,false,"Channel Islands National Park, Channel Islands, Santa Barbara County, US-CA, US",34.0483412,-119.58875149,3,3,California Sea Lion,Zalophus californianus,California Sea Lion,Mammalia,41740
102773016,3122758a-74d1-48b4-beda-520808a00e26,2021/12/09 8:43 AM PST,2021-12-09,2021-12-09 16:43:00 UTC,Pacific Time (US & Canada),research,CC-BY-NC,https://www.inaturalist.org/observations/102773016,,https://static.inaturalist.org/sounds/336283.mp3?1639068242,1,0,false,"Turtle Rock, Irvine, CA, USA",33.654985193,-117.819735595,488,488,Fox Squirrel,Sciurus niger,Eastern Fox Squirrel,Mammalia,46020
102883034,f2841031-94ca-42d8-9160-e93fb3241348,Sat Dec 11 2021 09:16:33 GMT-0800 (PST),2021-12-11,2021-12-11 17:16:33 UTC,Pacific Time (US & Canada),research,CC-BY-NC,https://www.inaturalist.org/observations/102883034,,https://static.inaturalist.org/sounds/336889.m4a?1639278147,1,0,false,"Cleveland National Forest, Julian, CA, US",32.8457366667,-116.4194333333,4,4,Merriam's Chipmunk,Neotamias merriami,Merriam's Chipmunk,Mammalia,197810
102899792,aab21854-d57f-459d-9df0-d7cb913cd211,Sat Dec 11 2021 16:16:54 GMT-0800 (PST),2021-12-11,2021-12-12 00:16:54 UTC,Pacific Time (US & Canada),research,CC-BY-NC,https://www.inaturalist.org/observations/102899792,https://inaturalist-open-data.s3.amazonaws.com/photos/172107685/medium.jpg,https://static.inaturalist.org/sounds/336809.m4a?1639268260,3,1,false,"Japaul Ln, San Jose, CA, US",37.404268623,-121.853727448,6,6,Fox Squirrel,Sciurus niger,Eastern Fox Squirrel,Mammalia,46020
103211940,21e35866-2e77-48e9-9154-0702c5539e7c,Fri Dec 17 2021 12:45:48 GMT-0800 (PST),2021-12-17,2021-12-17 12:45:48 UTC,UTC,research,CC-BY,https://www.inaturalist.org/observations/103211940,https://inaturalist-open-data.s3.amazonaws.com/photos/172934420/medium.jpg,https://static.inaturalist.org/sounds/338276.m4a?1639773974,1,0,false,"Pillar Point Harbor, CA, US",37.5010485459,-122.4939554407,4,4,California Sea Lion,Zalophus californianus,California Sea Lion,Mammalia,41740
103338617,b41edacc-e31f-405a-a327-b37130651ae0,Sun Dec 19 2021 16:24:16 GMT-0800 (PST),2021-12-19,2021-12-20 00:24:16 UTC,Pacific Time (US & Canada),research,CC-BY-NC,https://www.inaturalist.org/observations/103338617,,https://static.inaturalist.org/sounds/338919.m4a?1639959871,1,0,false,"Calipatria, CA, US",33.1398905302,-115.666263085,5,5,Coyote,Canis latrans,Coyote,Mammalia,42051
103401007,e7821824-5187-4f11-9213-f506644d9113,2021/12/20 4:00 PM PST,2021-12-20,2021-12-21 00:00:00 UTC,Pacific Time (US & Canada),research,CC-BY-NC,https://www.inaturalist.org/observations/103401007,,https://static.inaturalist.org/sounds/339198.wav?1640057583,1,0,false,"San Mateo County, CA, USA",37.3685291041,-122.254663446,31,31,Western Gray Squirrel,Sciurus griseus,Western Gray Squirrel,Mammalia,46023
103439214,45f6af5f-e3e4-4f40-b528-b1046fb0555f,Tue Dec 21 2021 13:48:38 GMT-0800 (PST),2021-12-21,2021-12-21 21:48:38 UTC,Pacific Time (US & Canada),research,CC-BY-NC,https://www.inaturalist.org/observations/103439214,,https://static.inaturalist.org/sounds/339385.wav?1640133507,1,0,false,"Pescadero Creek County Park, San Mateo County, US-CA, US",37.2760477848,-122.2240525444,12,12,Western Gray Squirrel,Sciurus griseus,Western Gray Squirrel,Mammalia,46023
103500194,445017b7-2e57-4e9b-9739-eb0bc9c88527,Wed Dec 22 2021 16:38:55 GMT-0800 (PST),2021-12-22,2021-12-22 16:38:55 UTC,UTC,research,CC-BY,https://www.inaturalist.org/observations/103500194,https://inaturalist-open-data.s3.amazonaws.com/photos/173252157/medium.jpg,https://static.inaturalist.org/sounds/339613.m4a?1640230528,4,0,false,"Golden Gate, San Francisco, CA, US",37.832687744,-122.5148622905,9,9,Coyote,Canis latrans,Coyote,Mammalia,42051
103920591,1669840e-b664-42b5-b98b-4d1619e35fef,2021-12-29 15:49:23,2021-12-29,2021-12-29 15:49:23 UTC,UTC,research,,https://www.inaturalist.org/observations/103920591,https://static.inaturalist.org/photos/174052050/medium.jpeg,https://static.inaturalist.org/sounds/341459.wav?1640822696,1,0,false,"Village of La Jolla, San Diego, CA 92037, USA",32.85086664,-117.27313537,8,8,California Sea Lion,Zalophus californianus,California Sea Lion,Mammalia,41740
104093367,57ff41f8-5844-418a-bba3-1afa6a05f4e6,2021/12/24 3:21 PM PST,2021-12-24,2021-12-24 23:21:00 UTC,Pacific Time (US & Canada),research,CC-BY-NC,https://www.inaturalist.org/observations/104093367,,https://static.inaturalist.org/sounds/342131.mp3?1641030502,1,0,false,"Orange County, CA, USA",33.7968164804,-117.7552726251,27,27,California Ground Squirrel,Otospermophilus beecheyi,California Ground Squirrel,Mammalia,180007
104154790,1d0dcf98-9364-474e-886c-dc9167110130,Sat Jan 01 2022 11:09:00 GMT-0800 (PST),2022-01-01,2022-01-01 11:09:00 UTC,UTC,research,,https://www.inaturalist.org/observations/104154790,,https://static.inaturalist.org/sounds/342458.m4a?1641093036,3,0,false,"Phillip Burton Wilderness, Inverness, CA, US",38.1909221546,-122.9576463698,26,26,Coyote,Canis latrans,Coyote,Mammalia,42051
104238734,f1c2fc63-2210-4226-89c0-f7d22e3c1b36,Sun Jan 02 2022 08:24:17 GMT-0800 (PST),2022-01-02,2022-01-02 16:24:17 UTC,Pacific Time (US & Canada),research,CC-BY-NC,https://www.inaturalist.org/observations/104238734,,https://static.inaturalist.org/sounds/342776.m4a?1641176609,1,0,false,"Sam McDonald County Park, San Mateo County, US-CA, US",37.294119316,-122.2472258013,16,16,Western Gray Squirrel,Sciurus griseus,Western Gray Squirrel,Mammalia,46023
104238840,0619e760-46f3-41f8-9089-8e1c1b51e703,2021/12/30 7:40 PM PST,2021-12-30,2021-12-31 03:40:00 UTC,Pacific Time (US & Canada),research,CC0,https://www.inaturalist.org/observations/104238840,,https://static.inaturalist.org/sounds/342777.m4a?1641176609,2,0,false,"Golden Gate Park, San Francisco, CA, USA",37.7674041047,-122.461491409,50,50,Coyote,Canis latrans,Coyote,Mammalia,42051
104428991,8fa85354-e740-4d19-8278-905af501d46b,2022/01/05 3:33 PM EST,2022-01-05,2022-01-05 20:33:00 UTC,Eastern Time (US & Canada),research,CC-BY-NC,https://www.inaturalist.org/observations/104428991,,https://static.inaturalist.org/sounds/343629.wav?1641421490,1,0,false,"Richmond, CA, USA",37.9642457067,-122.2633465578,31,31,Coyote,Canis latrans,Coyote,Mammalia,42051
104601940,1d94c1da-1c43-46d4-b79c-c2584f5a6ce0,Sat Jan 08 2022 14:09:18 GMT-0800 (PST),2022-01-08,2022-01-08 14:09:18 UTC,UTC,research,CC-BY-NC,https://www.inaturalist.org/observations/104601940,https://inaturalist-open-data.s3.amazonaws.com/photos/175307593/medium.jpg,https://static.inaturalist.org/sounds/344561.m4a?1641679803,2,0,false,"Davie Tennis Stadium, Piedmont, CA, US",37.8167003906,-122.2304591072,5,5,Red Fox,Vulpes vulpes,Red Fox,Mammalia,42069
104784914,94faa3c5-3a6e-4f93-a602-9b4b22a07fec,Tue Jan 11 2022 15:35:13 GMT-0800 (PST),2022-01-11,2022-01-11 23:35:13 UTC,Pacific Time (US & Canada),research,CC-BY-NC,https://www.inaturalist.org/observations/104784914,,https://static.inaturalist.org/sounds/345588.m4a?1641944184,1,0,false,"Bridge Rd, Hillsborough, CA, US",37.5610247054,-122.3369090943,6,6,Eastern Gray Squirrel,Sciurus carolinensis,Eastern Gray Squirrel,Mammalia,46017
104842864,74dd33e1-2fd8-4d4f-b65c-ca0d43332cbb,2022-01-12 02:22:00,2022-01-12,2022-01-12 10:22:00 UTC,Pacific Time (US & Canada),research,CC-BY-NC,https://www.inaturalist.org/observations/104842864,,https://static.inaturalist.org/sounds/345856.m4a?1642038810,2,0,false,"Lake Arrowhead, CA, USA",34.2492962084,-117.1913160011,170,170,Coyote,Canis latrans,Coyote,Mammalia,42051
105016647,e7aaa2d6-718c-4b1c-8c9c-581d93b770fd,Sat Jan 15 2022 21:14:50 GMT-0800 (PST),2022-01-15,2022-01-15 21:14:50 UTC,UTC,research,CC-BY-NC,https://www.inaturalist.org/observations/105016647,,https://static.inaturalist.org/sounds/346791.m4a?1642310203,2,0,false,"San Diego County, US-CA, US",33.0006228799,-117.0058612894,65,29012,Coyote,Canis latrans,Coyote,Mammalia,42051
105070121,e32c0cad-91b0-4fc4-9540-ff281485a780,2022-01-16 16:53:22,2022-01-16,2022-01-17 00:53:22 UTC,Pacific Time (US & Canada),research,CC-BY-SA,https://www.inaturalist.org/observations/105070121,,https://static.inaturalist.org/sounds/347029.wav?1642382504,1,0,false,"Sage, Riverside County, US-CA, US",33.5410733029,-116.9367260858,6,6,Coyote,Canis latrans,Coyote,Mammalia,42051
105106724,a30184b1-19a8-4723-996f-51dbb9bea703,2022-01-17 10:08:01,2022-01-17,2022-01-17 18:08:01 UTC,Pacific Time (US & Canada),research,CC0,https://www.inaturalist.org/observations/105106724,https://inaturalist-open-data.s3.amazonaws.com/photos/176277395/medium.jpeg,https://static.inaturalist.org/sounds/347164.m4a?1642443041,3,0,false,"Burlingame, CA 94010, USA",37.56772528,-122.40239972,9,9,Western Gray Squirrel,Sciurus griseus,Western Gray Squirrel,Mammalia,46023
105123328,268fdb61-5c97-49ee-86d2-e7ee0490a63e,2022/01/14 10:29 AM PST,2022-01-14,2022-01-14 10:29:00 UTC,UTC,research,,https://www.inaturalist.org/observations/105123328,,https://static.inaturalist.org/sounds/347225.mp3?1642460101,1,0,false,"San Luis Obispo County, CA, USA",35.7036382247,-121.3053171701,8,8,Northern Elephant Seal,Mirounga angustirostris,Northern Elephant Seal,Mammalia,41728
105146573,f218ff53-55e6-40b8-ba7b-247332901392,Mon Jan 17 2022 23:00:00 GMT-0800 (PST),2022-01-17,2022-01-17 23:00:00 UTC,UTC,research,,https://www.inaturalist.org/observations/105146573,,https://static.inaturalist.org/sounds/347326.m4a?1642492842,1,0,false,"Grange Rd, Santa Rosa, CA, US",38.3940038877,-122.6353175194,5,5,Coyote,Canis latrans,Coyote,Mammalia,42051
105180645,a9dab577-ea01-41fd-bfc1-ca0778a1717c,Tue Jan 18 2022 15:27:48 GMT-0800 (PST),2022-01-18,2022-01-18 23:27:48 UTC,Pacific Time (US & Canada),research,CC-BY-NC,https://www.inaturalist.org/observations/105180645,,https://static.inaturalist.org/sounds/347587.wav?1642553592,1,0,false,"Normandy Ct, Hillsborough, CA, US",37.5575776079,-122.3342215996,6,6,Eastern Gray Squirrel,Sciurus carolinensis,Eastern Gray Squirrel,Mammalia,46017
105242445,a7a28e2c-6623-4264-b30e-f90c0aef2ec8,Wed Jan 19 2022 14:20:00 GMT-0800 (PST),2022-01-19,2022-01-19 22:20:00 UTC,Pacific Time (US & Canada),research,CC-BY,https://www.inaturalist.org/observations/105242445,,https://static.inaturalist.org/sounds/347860.m4a?1642645749,1,0,false,"Golden Gate Park, San Francisco, CA, USA",37.7709508875,-122.4640045755,15,15,Coyote,Canis latrans,Coyote,Mammalia,42051
105275129,00947b2f-2a86-491a-bb17-41fb42c52c7e,2022-01-20 11:16:01,2022-01-20,2022-01-20 19:16:01 UTC,Pacific Time (US & Canada),research,,https://www.inaturalist.org/observations/105275129,https://static.inaturalist.org/photos/176600448/medium.jpeg,https://static.inaturalist.org/sounds/348068.wav?1642706280,3,0,false,"Fresno, CA 93704, USA",36.76665153,-119.80513471,8,8,Fox Squirrel,Sciurus niger,Eastern Fox Squirrel,Mammalia,46020
105278894,d5c900ad-00ab-458d-91f1-959e95f6ce8c,Tue Jan 18 2022 23:36:00 GMT-0800 (PST),2022-01-18,2022-01-18 23:36:00 UTC,UTC,research,CC-BY-NC,https://www.inaturalist.org/observations/105278894,,https://static.inaturalist.org/sounds/348093.m4a?1642711068,2,0,false,"Sylvan Rd, Monterey, CA, US",36.5794160213,-121.8683803766,9,9,Coyote,Canis latrans,Coyote,Mammalia,42051
105323184,f8021693-41f9-4a76-aaf1-b3db861b76b3,2022-01-21 11:04:05,2022-01-21,2022-01-21 19:04:05 UTC,Pacific Time (US & Canada),research,CC-BY-NC,https://www.inaturalist.org/observations/105323184,,https://static.inaturalist.org/sounds/348316.wav?1642791898,2,0,false,"Moss Landing, CA 95039, USA",36.81402358,-121.77087008,3,3,Northern Elephant Seal,Mirounga angustirostris,Northern Elephant Seal,Mammalia,41728
105336838,75f0cca5-0dc5-415f-8c76-3d9567245038,Fri Jan 21 2022 16:18:58 GMT-0800 (PST),2022-01-21,2022-01-22 00:18:58 UTC,Pacific Time (US & Canada),research,CC-BY-NC,https://www.inaturalist.org/observations/105336838,,https://static.inaturalist.org/sounds/348478.wav?1642834742,1,0,false,"Tournament Dr, Hillsborough, CA, US",37.5474886044,-122.3343445468,6,6,Eastern Gray Squirrel,Sciurus carolinensis,Eastern Gray Squirrel,Mammalia,46017
105462176,f42c8043-77f5-4d8f-a0f5-5e2b25ae6d57,Sun Jan 23 2022 12:59:06 GMT-0800 (PST),2022-01-23,2022-01-23 20:59:06 UTC,Pacific Time (US & Canada),research,CC-BY-NC,https://www.inaturalist.org/observations/105462176,,https://static.inaturalist.org/sounds/349033.wav?1642978741,1,0,false,"Bridge Rd, Hillsborough, CA, US",37.5608172193,-122.3376287299,8,8,Eastern Gray Squirrel,Sciurus carolinensis,Eastern Gray Squirrel,Mammalia,46017
105810574,d95d491a-ec83-404b-a3e3-619f0630816d,Sat Jan 29 2022 14:13:53 GMT-0800 (PST),2022-01-29,2022-01-29 19:13:53 UTC,Eastern Time (US & Canada),research,CC-BY-NC,https://www.inaturalist.org/observations/105810574,,https://static.inaturalist.org/sounds/351556.m4a?1643507881,1,0,false,"Mount Madonna County Park, Santa Clara County, US-CA, US",37.0048565767,-121.6904496629,17,17,Western Gray Squirrel,Sciurus griseus,Western Gray Squirrel,Mammalia,46023
106046488,cb442dd9-dcc6-43c2-a526-c6416bdd101c,2021-09-01 11:18:06,2021-09-01,2021-09-01 18:18:06 UTC,Pacific Time (US & Canada),research,,https://www.inaturalist.org/observations/106046488,,https://static.inaturalist.org/sounds/352978.wav?1643848612,2,0,false,"Broadway & Pennsylvania Av, Escondido, CA 92025, USA",33.12380022,-117.08265082,5,5,California Ground Squirrel,Otospermophilus beecheyi,California Ground Squirrel,Mammalia,180007
106148692,98a91397-1107-4c4b-9b18-06c370156e9b,Fri Feb 04 2022 17:21:46 GMT-0800 (PST),2022-02-04,2022-02-04 22:21:46 UTC,Eastern Time (US & Canada),research,CC-BY,https://www.inaturalist.org/observations/106148692,,https://static.inaturalist.org/sounds/353624.m4a?1644024194,1,0,false,"Carbon Canyon Regional Park, Brea, CA, US",33.9173806552,-117.841820838,4,4,Coyote,Canis latrans,Coyote,Mammalia,42051
106158922,fa86e6e0-849a-4419-ad81-04d188cb3cee,Fri Feb 04 2022 16:58:00 GMT-0800 (PST),2022-02-04,2022-02-05 00:58:00 UTC,Pacific Time (US & Canada),research,CC-BY-NC,https://www.inaturalist.org/observations/106158922,,https://static.inaturalist.org/sounds/353687.m4a?1644045278,1,0,false,"Millar Ranch Rd, Spring Valley, CA, US",32.7141833333,-116.919805,4,4,Coyote,Canis latrans,Coyote,Mammalia,42051
106216279,ebde02f2-fa11-4859-8ba6-7a3e8b87788d,2022/02/05 8:30 AM PST,2022-02-05,2022-02-05 08:30:00 UTC,UTC,research,,https://www.inaturalist.org/observations/106216279,,https://static.inaturalist.org/sounds/354043.mp3?1644114857,2,0,false,"San Luis Obispo County, CA, USA",35.6643030998,-121.2619247099,200,200,Northern Elephant Seal,Mirounga angustirostris,Northern Elephant Seal,Mammalia,41728
106226296,6a60cfe5-d9f7-4edb-8193-8a5bf0643c94,Sat Feb 05 2022 14:39:02 GMT-0800 (PST),2022-02-05,2022-02-05 20:39:02 UTC,Central Time (US & Canada),research,CC-BY-NC,https://www.inaturalist.org/observations/106226296,https://inaturalist-open-data.s3.amazonaws.com/photos/178415174/medium.jpeg,https://static.inaturalist.org/sounds/354152.m4a?1644130707,5,0,false,"Point Reyes National Seashore, Marin County, US-CA, US",37.9974509986,-122.9821294228,4,4,Northern Elephant Seal,Mirounga angustirostris,Northern Elephant Seal,Mammalia,41728
106226329,2e47a861-1d2d-4025-911b-c3b147198da3,Sat Feb 05 2022 15:12:54 GMT-0800 (PST),2022-02-05,2022-02-05 21:12:54 UTC,Central Time (US & Canada),research,CC-BY-NC,https://www.inaturalist.org/observations/106226329,https://inaturalist-open-data.s3.amazonaws.com/photos/178415329/medium.jpeg,https://static.inaturalist.org/sounds/354153.m4a?1644130756,3,0,false,"Point Reyes National Seashore, Marin County, US-CA, US",38.0278985761,-122.9626082071,7,7,Northern Elephant Seal,Mirounga angustirostris,Northern Elephant Seal,Mammalia,41728
106265135,16437ee8-72b2-47e9-8abe-aa9ea7046eb0,Sun Feb 06 2022 12:48:28 GMT-0800 (PST),2022-02-06,2022-02-06 12:48:28 UTC,UTC,research,CC-BY-NC,https://www.inaturalist.org/observations/106265135,,https://static.inaturalist.org/sounds/354465.m4a?1644180549,1,0,false,"Wildwood Regional Park, Thousand Oaks, CA, US",34.2176757616,-118.9089142728,915,915,California Ground Squirrel,Otospermophilus beecheyi,California Ground Squirrel,Mammalia,180007
106318840,975111c2-ea9b-4a44-9929-782cd07816b3,Mon Feb 07 2022 05:19:25 GMT-0800 (PST),2022-02-07,2022-02-07 05:19:25 UTC,UTC,research,CC-BY-NC,https://www.inaturalist.org/observations/106318840,,https://static.inaturalist.org/sounds/355214.m4a?1644377515,1,0,false,"Joshua Tree National Park, Riverside County, US-CA, US",33.9908316232,-116.0625985477,8,8,Coyote,Canis latrans,Coyote,Mammalia,42051
106350061,8c1b30fd-a388-4872-925a-a4b7acbd325b,Mon Feb 07 2022 17:09:00 GMT-0800 (PST),2022-02-07,2022-02-08 01:09:00 UTC,Pacific Time (US & Canada),research,CC-BY-NC,https://www.inaturalist.org/observations/106350061,,https://static.inaturalist.org/sounds/354870.m4a?1644292656,1,0,false,"Spring Valley, CA, US",32.7174626225,-116.9211383867,90,90,Coyote,Canis latrans,Coyote,Mammalia,42051
106366041,ff581b54-d34e-4b04-bdfc-0588321cb012,2022-01-26 11:51:00,2022-01-26,2022-01-26 19:51:00 UTC,Pacific Time (US & Canada),research,CC-BY-NC,https://www.inaturalist.org/observations/106366041,,https://static.inaturalist.org/sounds/354887.wav?1644306864,2,0,false,"Clayton, CA 94517, USA",37.8557981446,-121.7529351264,49,49,California Ground Squirrel,Otospermophilus beecheyi,California Ground Squirrel,Mammalia,180007
106690688,3b38432a-23d9-4472-a61b-0e86179216a2,Sun Feb 13 2022 10:09:10 GMT-0800 (PST),2022-02-13,2022-02-13 18:09:10 UTC,Pacific Time (US & Canada),research,CC-BY-NC,https://www.inaturalist.org/observations/106690688,https://inaturalist-open-data.s3.amazonaws.com/photos/179281813/medium.jpg,https://static.inaturalist.org/sounds/357015.mp3?1644776384,1,0,false,"Balcom Ave, Los Angeles, CA, US",34.1927616667,-118.52088,9,9,Fox Squirrel,Sciurus niger,Eastern Fox Squirrel,Mammalia,46020
106822117,d9348823-3767-4e8e-9791-2df688951818,2021-11-02 18:30:00,2021-11-02,2021-11-03 01:30:00 UTC,Pacific Time (US & Canada),research,CC-BY-NC,https://www.inaturalist.org/observations/106822117,,https://static.inaturalist.org/sounds/357763.m4a?1644963750,1,0,false,Topa Vista rd Santa Paula CA,34.431984,-119.13547,13,13,Coyote,Canis latrans,Coyote,Mammalia,42051
106822725,c501abac-effc-4bbb-93b9-11e5c37f7783,2021-11-02 18:31:00,2021-11-02,2021-11-03 01:31:00 UTC,Pacific Time (US & Canada),research,CC-BY-NC,https://www.inaturalist.org/observations/106822725,,https://static.inaturalist.org/sounds/357771.m4a?1644964403,1,0,false,Topa Vista rd Santa Paula CA,34.430265,-119.135627,69,69,Coyote,Canis latrans,Coyote,Mammalia,42051
106937205,4d4a3318-f0c8-4fa2-899d-8b9d73e5ca35,Thu Feb 17 2022 12:47:48 GMT-0800 (PST),2022-02-17,2022-02-17 20:47:48 UTC,Pacific Time (US & Canada),research,,https://www.inaturalist.org/observations/106937205,,https://static.inaturalist.org/sounds/358433.m4a?1645130883,1,0,false,"Big Morongo Canyon Preserve, Morongo Valley, CA, US",34.0487502806,-116.5718616361,4,4,California Ground Squirrel,Otospermophilus beecheyi,California Ground Squirrel,Mammalia,180007
107009216,c88bc260-6c11-490e-ade1-6bdb7ba33929,2022/02/18 10:33 AM PST,2022-02-18,2022-02-18 18:33:00 UTC,Pacific Time (US & Canada),research,CC-BY-NC,https://www.inaturalist.org/observations/107009216,,https://static.inaturalist.org/sounds/358904.wav?1645235394,1,0,false,"Joseph D. Grant County Park, CA, USA",37.351129,-121.693828,,,California Ground Squirrel,Otospermophilus beecheyi,California Ground Squirrel,Mammalia,180007
107023407,9c184da7-8143-49ce-85a7-d1bac357095b,Fri Feb 18 2022 23:57:32 GMT-0800 (PST),2022-02-18,2022-02-19 07:57:32 UTC,Pacific Time (US & Canada),research,CC-BY-NC,https://www.inaturalist.org/observations/107023407,,https://static.inaturalist.org/sounds/359303.m4a?1645333609,1,0,false,"Caswell Memorial State Park, Manteca, CA, US",37.7017127071,-121.1777446234,5,5,Coyote,Canis latrans,Coyote,Mammalia,42051
107079035,aa3bfcae-ba64-4146-859f-2848cd9b4287,Sat Feb 19 2022 16:05:51 GMT-0800 (PST),2022-02-19,2022-02-20 00:05:51 UTC,Pacific Time (US & Canada),research,CC-BY-NC,https://www.inaturalist.org/observations/107079035,https://inaturalist-open-data.s3.amazonaws.com/photos/180023277/medium.jpg,https://static.inaturalist.org/sounds/359260.m4a?1645321980,1,0,false,"Adelaide Way, Carmichael, CA, US",38.652688656,-121.3420179394,4,4,Western Gray Squirrel,Sciurus griseus,Western Gray Squirrel,Mammalia,46023
107132780,2ff617fb-58b7-4c9d-928c-7cf78d359ba3,2020-09-20 18:30:00,2020-09-20,2020-09-21 01:30:00 UTC,Pacific Time (US & Canada),research,CC-BY-NC,https://www.inaturalist.org/observations/107132780,,https://static.inaturalist.org/sounds/359699.m4a?1645389449,1,0,false,Topa vista rd  Santa Paula CA,34.43004,-119.135444,10,10,Coyote,Canis latrans,Coyote,Mammalia,42051
107202703,e9ad6a8a-ad56-43a9-a65c-4f4764f28b7f,Mon Feb 21 2022 12:14:10 GMT-0800 (PST),2022-02-21,2022-02-21 20:14:10 UTC,Pacific Time (US & Canada),research,CC-BY-NC,https://www.inaturalist.org/observations/107202703,https://inaturalist-open-data.s3.amazonaws.com/photos/180306212/medium.jpg,https://static.inaturalist.org/sounds/360349.m4a?1645494949,2,0,false,"East Basin, Dana Point, CA, US",33.4581611019,-117.6932301619,24,24,California Sea Lion,Zalophus californianus,California Sea Lion,Mammalia,41740
107321318,5887721f-ec79-4576-830f-046b73887940,Wed Feb 23 2022 09:02:23 GMT-0800 (PST),2022-02-23,2022-02-23 17:02:23 UTC,Pacific Time (US & Canada),research,,https://www.inaturalist.org/observations/107321318,,https://static.inaturalist.org/sounds/361015.m4a?1645635803,1,0,false,"West Valley College, Saratoga, CA, US",37.2636306519,-122.0094330983,5,5,Eastern Gray Squirrel,Sciurus carolinensis,Eastern Gray Squirrel,Mammalia,46017
107519672,b3687039-9f18-46d4-8eda-a21579bb5a95,Sat Feb 26 2022 16:48:07 GMT-0800 (PST),2022-02-26,2022-02-27 00:48:07 UTC,Pacific Time (US & Canada),research,CC-BY-NC,https://www.inaturalist.org/observations/107519672,https://inaturalist-open-data.s3.amazonaws.com/photos/180851659/medium.jpg,https://static.inaturalist.org/sounds/362482.m4a?1645922920,2,0,false,"Golden Gate National Recreation Area, Half Moon Bay, CA, US",37.4991924206,-122.4959144368,4,4,California Sea Lion,Zalophus californianus,California Sea Lion,Mammalia,41740
107676027,2cb62b00-e250-40f1-ada9-c133d0ed2b5d,2022/02/17 7:50 PM MST,2022-02-17,2022-02-18 02:50:00 UTC,Mountain Time (US & Canada),research,CC-BY-NC,https://www.inaturalist.org/observations/107676027,,https://static.inaturalist.org/sounds/363592.wav?1646103019,1,0,false,"San Diego County, CA, USA",32.8440908407,-117.282221022,1856,1856,California Sea Lion,Zalophus californianus,California Sea Lion,Mammalia,41740
107715320,065073a2-5de7-4a60-b54d-27c6a5cac0c4,2022/02/28 11:41 AM PST,2022-02-28,2022-02-28 19:41:00 UTC,Pacific Time (US & Canada),research,,https://www.inaturalist.org/observations/107715320,https://static.inaturalist.org/photos/181229832/medium.jpg,https://static.inaturalist.org/sounds/363955.m4a?1646163736,3,0,false,"Los Angeles, CA, USA",34.1194460683,-118.3065235267,37,37,Coyote,Canis latrans,Coyote,Mammalia,42051
107845801,ff018673-7fe7-4f80-86ec-8be34ffaf0dd,Thu Mar 03 2022 13:02:17 GMT-0800 (PST),2022-03-03,2022-03-03 21:02:17 UTC,Pacific Time (US & Canada),research,CC-BY-NC,https://www.inaturalist.org/observations/107845801,,https://static.inaturalist.org/sounds/364986.m4a?1646341409,1,0,false,"California, US",37.2907369745,-122.1476311684,69,28417,California Ground Squirrel,Otospermophilus beecheyi,California Ground Squirrel,Mammalia,180007
107999637,70e83325-ce44-4baa-b682-195ad3cae5d5,Sat Mar 05 2022 19:00:45 GMT-0800 (PST),2022-03-05,2022-03-06 03:00:45 UTC,Pacific Time (US & Canada),research,CC-BY-NC,https://www.inaturalist.org/observations/107999637,,https://static.inaturalist.org/sounds/366166.m4a?1646536153,1,0,false,"Reinhardt Redwood Regional Park, Moraga, CA, US",37.8316622135,-122.17929421,5,5,Coyote,Canis latrans,Coyote,Mammalia,42051
108131113,d371c47c-19d1-4a19-a21e-dd96e0ad1772,2022/03/07 7:37 AM PST,2022-03-07,2022-03-07 15:37:00 UTC,Pacific Time (US & Canada),research,CC-BY-NC,https://www.inaturalist.org/observations/108131113,,https://static.inaturalist.org/sounds/367289.wav?1646685104,1,0,false,"Santa Venetia, CA, USA",38.0082178174,-122.4905146041,150,150,Coyote,Canis latrans,Coyote,Mammalia,42051
108150758,d8656406-13c5-451f-8974-720c84c552b2,Mon Mar 07 2022 18:08:41 GMT-0800 (PST),2022-03-07,2022-03-08 02:08:41 UTC,Pacific Time (US & Canada),research,CC-BY-NC,https://www.inaturalist.org/observations/108150758,,https://static.inaturalist.org/sounds/367438.m4a?1646705338,2,0,false,"W Conover St, Los Angeles, CA, US",34.2735631764,-118.3355956526,5,5,Coyote,Canis latrans,Coyote,Mammalia,42051
108273612,1f8d69b8-b019-45d5-863a-84ee6c3f80fd,2022-03-09 10:37:00,2022-03-09,2022-03-09 17:37:00 UTC,Mountain Time (US & Canada),research,CC-BY-NC,https://www.inaturalist.org/observations/108273612,,https://static.inaturalist.org/sounds/368335.mp3?1646873805,1,0,false,"Marin County, CA, USA",37.9953798065,-123.0083682016,164,164,California Sea Lion,Zalophus californianus,California Sea Lion,Mammalia,41740
108336667,a8e572a2-c633-4975-ab4e-ea46b150836e,2022-03-10 16:28:05,2022-03-10,2022-03-10 16:28:05 UTC,UTC,research,CC-BY-NC,https://www.inaturalist.org/observations/108336667,,https://static.inaturalist.org/sounds/368848.wav?1646958560,1,0,false,"Community Education, Saratoga, CA 95070, USA",37.26584186,-122.01054134,7,7,California Ground Squirrel,Otospermophilus beecheyi,California Ground Squirrel,Mammalia,180007
108563497,c489e22b-dee2-44d5-bee5-d998ffef8a7f,Sun Mar 13 2022 20:05:26 GMT-0700 (PDT),2022-03-13,2022-03-14 03:05:26 UTC,Pacific Time (US & Canada),research,CC-BY-NC,https://www.inaturalist.org/observations/108563497,https://inaturalist-open-data.s3.amazonaws.com/photos/182808908/medium.jpg,https://static.inaturalist.org/sounds/370369.m4a?1647230599,1,0,false,"Guerneville Rd, Santa Rosa, CA, US",38.455653208,-122.7356560269,20,20,Common Raccoon,Procyon lotor,Common Raccoon,Mammalia,41663
108706634,68423a52-9308-457d-a8d0-8157c97e2839,2022/03/15 9:15 PM PDT,2022-03-15,2022-03-16 04:15:00 UTC,Pacific Time (US & Canada),research,CC-BY-NC,https://www.inaturalist.org/observations/108706634,,https://static.inaturalist.org/sounds/371734.wav?1647404151,1,0,false,"Vollmer Peak Trail, Orinda, CA 94563, USA",37.8838185,-122.2247088,191,191,Coyote,Canis latrans,Coyote,Mammalia,42051
108905377,36fde000-922c-438d-8eef-b47bf97c72d5,Thu Mar 17 2022 00:19:21 GMT-0700 (PDT),2022-03-17,2022-03-17 07:19:21 UTC,Pacific Time (US & Canada),research,CC-BY-NC,https://www.inaturalist.org/observations/108905377,,https://static.inaturalist.org/sounds/373763.m4a?1647643350,1,0,false,"Road D, Redwood Valley, CA, US",39.2696527969,-123.1984054728,24,24,Coyote,Canis latrans,Coyote,Mammalia,42051
109287198,d9318363-4659-4753-995c-2f79455935b4,Tue Mar 22 2022 16:46:25 GMT-0700 (PDT),2022-03-22,2022-03-22 23:46:25 UTC,Pacific Time (US & Canada),research,CC-BY-NC,https://www.inaturalist.org/observations/109287198,,https://static.inaturalist.org/sounds/377052.wav?1648046498,1,0,false,"Crystal Springs Rd, Hillsborough, CA, US",37.5614917522,-122.3299022374,8,8,Eastern Gray Squirrel,Sciurus carolinensis,Eastern Gray Squirrel,Mammalia,46017
109330377,39377241-e49e-4b41-bd57-703291fe4a76,2022/03/06 9:30 AM PST,2022-03-06,2022-03-06 17:30:00 UTC,Pacific Time (US & Canada),research,CC-BY,https://www.inaturalist.org/observations/109330377,,https://static.inaturalist.org/sounds/377399.m4a?1648076845,1,0,false,"Alpine, CA, USA",32.8242319319,-116.764663643,102,102,Coyote,Canis latrans,Coyote,Mammalia,42051
109420975,a1da4cbd-7d90-49e4-b0a6-80c8d73bf221,2022/03/24 2:23 PM PDT,2022-03-24,2022-03-24 21:23:00 UTC,Pacific Time (US & Canada),research,CC0,https://www.inaturalist.org/observations/109420975,,https://static.inaturalist.org/sounds/378119.wav?1648171397,1,0,false,Sanborn County park,37.2206849985,-122.0677996427,168,168,Merriam's Chipmunk,Neotamias merriami,Merriam's Chipmunk,Mammalia,197810
109477072,769dc4cf-deb7-4319-bbef-acece7835e2b,2022/03/24 7:03 PM UTC,2022-03-24,2022-03-24 19:03:00 UTC,UTC,research,,https://www.inaturalist.org/observations/109477072,,https://static.inaturalist.org/sounds/378581.mp3?1648235013,1,0,false,"San Benito County, CA, USA",36.474006394,-121.1863567741,128,128,California Ground Squirrel,Otospermophilus beecheyi,California Ground Squirrel,Mammalia,180007
109675131,9bda4ac6-2437-4c8d-9397-91c2ca16eb92,Sun Mar 27 2022 11:41:40 GMT-0700 (PDT),2022-03-27,2022-03-27 18:41:40 UTC,Pacific Time (US & Canada),research,CC-BY-NC,https://www.inaturalist.org/observations/109675131,https://inaturalist-open-data.s3.amazonaws.com/photos/184889429/medium.jpg,https://static.inaturalist.org/sounds/380023.m4a?1648406751,1,0,false,"Glendale, CA, US",34.1902045372,-118.2443338304,5,5,Western Gray Squirrel,Sciurus griseus,Western Gray Squirrel,Mammalia,46023
109770236,f4673a6f-560f-44d1-a616-204b378f644d,Mon Mar 28 2022 09:45:43 GMT-0700 (PDT),2022-03-28,2022-03-28 16:45:43 UTC,Pacific Time (US & Canada),research,CC-BY-NC,https://www.inaturalist.org/observations/109770236,,https://static.inaturalist.org/sounds/380752.m4a?1648497472,1,0,false,"Santa Clara County, US-CA, US",37.1853568282,-121.9788335215,4,4,Merriam's Chipmunk,Neotamias merriami,Merriam's Chipmunk,Mammalia,197810
109780539,fc781b40-f39c-4179-9b49-9b9b936d73ab,2022-03-28 12:52:11,2022-03-28,2022-03-28 19:52:11 UTC,Pacific Time (US & Canada),research,CC0,https://www.inaturalist.org/observations/109780539,https://inaturalist-open-data.s3.amazonaws.com/photos/185087962/medium.jpeg,https://static.inaturalist.org/sounds/380772.wav?1648500075,1,0,false,"Village Homes, Davis, CA 95616, USA",38.5522175,-121.7826296,5,5,Fox Squirrel,Sciurus niger,Eastern Fox Squirrel,Mammalia,46020
109810665,95d22dce-34d1-4b34-81b0-4fd6065e0326,2022-03-28 09:26:14,2022-03-28,2022-03-28 16:26:14 UTC,Pacific Time (US & Canada),research,CC-BY-NC,https://www.inaturalist.org/observations/109810665,https://static.inaturalist.org/photos/185145673/medium.jpeg,https://static.inaturalist.org/sounds/383722.mp3?1648933983,2,0,false,"Monterey, CA, USA",36.6058601,-121.88970295,3,3,California Sea Lion,Zalophus californianus,California Sea Lion,Mammalia,41740
109895034,91d7e7a8-39e0-4904-b608-f31a3f48c656,2022-03-29 05:59:21,2022-03-29,2022-03-29 12:59:21 UTC,Pacific Time (US & Canada),research,CC-BY-NC,https://www.inaturalist.org/observations/109895034,,https://static.inaturalist.org/sounds/383718.mp3?1648933903,1,0,false,"Monterey County, US-CA, US",36.39951501,-121.5765992,8,8,Coyote,Canis latrans,Coyote,Mammalia,42051
110155613,7dd921e2-a635-4b87-a6d5-5c60e390e63e,2022/03/26 12:34 AM PDT,2022-03-26,2022-03-26 07:34:00 UTC,Pacific Time (US & Canada),research,CC-BY-NC-SA,https://www.inaturalist.org/observations/110155613,https://inaturalist-open-data.s3.amazonaws.com/photos/217308657/medium.jpg,https://static.inaturalist.org/sounds/383220.wav?1648879576,1,0,false,United States,32.7574552726,-117.181330203,10,29066,Mexican Free-tailed Bat,Tadarida brasiliensis,Mexican Free-tailed Bat,Mammalia,41301
110211129,959f6f3d-03c0-4282-9618-5b9f95eb848a,Sat Apr 02 2022 11:48:26 GMT-0700 (PDT),2022-04-02,2022-04-02 18:48:26 UTC,Pacific Time (US & Canada),research,CC-BY-NC,https://www.inaturalist.org/observations/110211129,,https://static.inaturalist.org/sounds/383670.m4a?1648931119,1,0,false,"Newbury Park, Thousand Oaks, CA, US",34.2117756029,-118.9471944842,4,4,Coyote,Canis latrans,Coyote,Mammalia,42051
110548750,a5080299-072f-48c9-bbe6-7cdb49fc6320,2022/04/05 4:28 PM PDT,2022-04-05,2022-04-05 23:28:00 UTC,Pacific Time (US & Canada),research,CC-BY-NC,https://www.inaturalist.org/observations/110548750,,https://static.inaturalist.org/sounds/386142.wav?1649217070,1,0,false,"San Mateo County, CA, USA",37.2732547781,-122.2224880487,2,2,Eastern Gray Squirrel,Sciurus carolinensis,Eastern Gray Squirrel,Mammalia,46017
110799766,a7832b55-f5ac-40e9-af85-a8eced977ee0,2022-04-08 17:02:59-07:00,2022-04-08,2022-04-09 00:02:59 UTC,Arizona,research,,https://www.inaturalist.org/observations/110799766,,https://static.inaturalist.org/sounds/388059.m4a?1649462613,1,0,false,"Descanso Gardens, La Cañada Flintridge, CA, US",34.1999940829,-118.2127864276,18,18,California Ground Squirrel,Otospermophilus beecheyi,California Ground Squirrel,Mammalia,180007
110930855,df96d997-7d7d-4681-8ac8-f0b42b6a024a,2022/04/09 7:38 PM PDT,2022-04-09,2022-04-10 02:38:00 UTC,Pacific Time (US & Canada),research,CC-BY,https://www.inaturalist.org/observations/110930855,https://inaturalist-open-data.s3.amazonaws.com/photos/187209741/medium.png,https://static.inaturalist.org/sounds/389036.wav?1649566089,2,0,false,"San Diego County, US-CA, US",33.1509520017,-117.3304478747,25,29012,Mexican Free-tailed Bat,Tadarida brasiliensis,Mexican Free-tailed Bat,Mammalia,41301
111388787,a9e72b53-0c69-443d-8760-acfa019b15c3,2022/04/09 10:40 PM PDT,2022-04-09,2022-04-10 05:40:00 UTC,Pacific Time (US & Canada),research,CC-BY-NC-SA,https://www.inaturalist.org/observations/111388787,https://inaturalist-open-data.s3.amazonaws.com/photos/217561686/medium.jpg,https://static.inaturalist.org/sounds/394620.wav?1650077102,1,0,false,"Marin County, US-CA, US",38.1935057221,-122.7340998178,20,28300,Yuma Myotis,Myotis yumanensis,Yuma Myotis,Mammalia,40325
111674669,e6a1275a-da09-4925-b0e6-81a5b4eaea70,2022/04/15 10:15 AM PDT,2022-04-15,2022-04-15 17:15:00 UTC,Pacific Time (US & Canada),research,CC-BY-NC,https://www.inaturalist.org/observations/111674669,,https://static.inaturalist.org/sounds/395295.m4a?1650132355,1,0,false,"Orange County, CA, USA",33.5452767138,-117.7240900028,36,36,Coyote,Canis latrans,Coyote,Mammalia,42051
111974257,9f966750-5ab8-4234-8b55-d70505959a35,2022/04/17 12:30 PM EDT,2022-04-17,2022-04-17 16:30:00 UTC,Eastern Time (US & Canada),research,CC-BY-NC,https://www.inaturalist.org/observations/111974257,,https://static.inaturalist.org/sounds/398009.wav?1650316277,1,0,false,Stuart Ridge Trail to east and north of Domaine Edan,37.242323,-122.052766,20,20,Merriam's Chipmunk,Neotamias merriami,Merriam's Chipmunk,Mammalia,197810
112434175,3ca0ec8a-7155-4547-b990-6701238459fb,2022-04-22 13:26:32-07:00,2022-04-22,2022-04-22 20:26:32 UTC,Pacific Time (US & Canada),research,,https://www.inaturalist.org/observations/112434175,,https://static.inaturalist.org/sounds/401439.m4a?1650659208,1,0,false,"Joy St, Lake Elsinore, CA, US",33.6788175643,-117.3683922803,5,5,Domestic Cat,Felis catus,Domestic Cat,Mammalia,118552
113059987,fb702cca-cac7-4043-83fb-d02de32fb224,2022-04-26 22:25:26,2022-04-26,2022-04-27 05:25:26 UTC,Pacific Time (US & Canada),research,,https://www.inaturalist.org/observations/113059987,,https://static.inaturalist.org/sounds/406466.wav?1651037265,1,0,false,Jamul,32.7172213985,-116.8761349842,7549,7549,Coyote,Canis latrans,Coyote,Mammalia,42051
113589049,accec570-b083-4936-bccf-22c2eb9179a3,2022-04-29 14:34:03,2022-04-29,2022-04-29 21:34:03 UTC,Pacific Time (US & Canada),research,CC-BY-NC,https://www.inaturalist.org/observations/113589049,,https://static.inaturalist.org/sounds/410418.m4a?1651271862,1,0,false,"Los Angeles County, US-CA, US",33.33301034,-118.31794037,8,8,Catalina Ground Squirrel,Otospermophilus beecheyi nesioticus,Catalina Ground Squirrel,Mammalia,537770
113895262,de5c3eab-dff1-4ac7-a2c4-8fcf6849a678,2022-04-30 11:12:58-07:00,2022-04-30,2022-04-30 18:12:58 UTC,Pacific Time (US & Canada),research,CC-BY-NC,https://www.inaturalist.org/observations/113895262,https://inaturalist-open-data.s3.amazonaws.com/photos/192375769/medium.jpg,https://static.inaturalist.org/sounds/413084.m4a?1651342450,2,0,false,"Shorebird Park Nature Center, Berkeley, CA, US",37.8626887082,-122.3151078635,4,4,California Ground Squirrel,Otospermophilus beecheyi,California Ground Squirrel,Mammalia,180007
114093367,8ac2ad3e-85c5-455c-a79a-d53d4d131bb8,2022-04-30 16:04:07-07:00,2022-04-30,2022-04-30 23:04:07 UTC,Pacific Time (US & Canada),research,CC-BY-NC,https://www.inaturalist.org/observations/114093367,,https://static.inaturalist.org/sounds/415029.m4a?1651377122,1,0,false,"N Arroyo Blvd, Pasadena, CA, US",34.1452353588,-118.1646081806,5,5,California Ground Squirrel,Otospermophilus beecheyi,California Ground Squirrel,Mammalia,180007
114962291,abfb1458-19ae-418f-b259-2d471a375b9e,2022-05-02 17:59:02-07:00,2022-05-02,2022-05-03 00:59:02 UTC,Pacific Time (US & Canada),research,CC-BY-NC,https://www.inaturalist.org/observations/114962291,,https://static.inaturalist.org/sounds/422204.m4a?1651539579,2,0,false,"McAlister Dr, San Jose, CA, US",37.3295385029,-121.9362925049,5,5,Eastern Gray Squirrel,Sciurus carolinensis,Eastern Gray Squirrel,Mammalia,46017
116375492,8c7703c5-6247-473e-90d0-8c6ee52987a9,2022-05-09 20:39:04-07:00,2022-05-09,2022-05-10 03:39:04 UTC,Pacific Time (US & Canada),research,CC-BY-NC,https://www.inaturalist.org/observations/116375492,,https://static.inaturalist.org/sounds/432493.m4a?1652154079,1,0,false,"N Arroyo Blvd, Pasadena, CA, US",34.1504324002,-118.1647965006,50,50,California Ground Squirrel,Otospermophilus beecheyi,California Ground Squirrel,Mammalia,180007
116852878,0a3b7299-a8ac-4963-a5a8-16bb3224a3cc,2022-05-13 09:59:04-07:00,2022-05-13,2022-05-13 16:59:04 UTC,Pacific Time (US & Canada),research,CC-BY-NC,https://www.inaturalist.org/observations/116852878,,https://static.inaturalist.org/sounds/436765.m4a?1652461188,1,0,false,"Golden Gate National Recreation Area, Pacifica, CA, US",37.6158409948,-122.4520768527,4,4,Merriam's Chipmunk,Neotamias merriami,Merriam's Chipmunk,Mammalia,197810
116889608,b8c44356-da84-464b-a303-3b6c476ec727,2022-05-13 11:52:00-07:00,2022-05-13,2022-05-13 18:52:00 UTC,Pacific Time (US & Canada),research,CC-BY-NC,https://www.inaturalist.org/observations/116889608,https://inaturalist-open-data.s3.amazonaws.com/photos/197347058/medium.jpeg,https://static.inaturalist.org/sounds/437034.m4a?1652479341,1,0,false,California Botanic Garden,34.1138020524,-117.7157344453,475,475,Western Gray Squirrel,Sciurus griseus,Western Gray Squirrel,Mammalia,46023
116912649,e2d5d8a7-8b46-4116-8b71-e0e0b4f04817,2022/05/13 10:11 AM,2022-05-13,2022-05-13 17:11:00 UTC,Pacific Time (US & Canada),research,CC-BY-NC,https://www.inaturalist.org/observations/116912649,https://inaturalist-open-data.s3.amazonaws.com/photos/197383030/medium.jpeg,https://static.inaturalist.org/sounds/437181.m4a?1652489353,1,0,false,"Park Pacifica, Pacifica, CA, USA",37.6158199623,-122.4522221496,31,31,Merriam's Chipmunk,Neotamias merriami,Merriam's Chipmunk,Mammalia,197810
117043270,c77a6d95-317d-41f5-b87e-c318940c09f6,2022-05-14 08:05:19,2022-05-14,2022-05-14 15:05:19 UTC,Pacific Time (US & Canada),research,"",https://www.inaturalist.org/observations/117043270,,https://static.inaturalist.org/sounds/438426.wav?1652565663,1,0,false,"Carmel Valley, CA 93924, USA",36.50550945,-121.76717573,4,4,California Ground Squirrel,Otospermophilus beecheyi,California Ground Squirrel,Mammalia,180007
117152245,557b99b9-5a35-48c1-8f9d-65d2a6325c05,2022-05-15 08:45:39-07:00,2022-05-15,2022-05-15 15:45:39 UTC,Pacific Time (US & Canada),research,CC-BY-NC,https://www.inaturalist.org/observations/117152245,https://inaturalist-open-data.s3.amazonaws.com/photos/197903439/medium.jpg,https://static.inaturalist.org/sounds/439865.m4a?1652645648,1,0,false,"Topanga State Park, Los Angeles, CA, US",34.0918636236,-118.5844052445,4,4,California Ground Squirrel,Otospermophilus beecheyi,California Ground Squirrel,Mammalia,180007
117368384,f7452d73-26ff-4654-b7c5-30dce3f11a19,2022-05-16 11:17:33-07:00,2022-05-16,2022-05-16 18:17:33 UTC,Pacific Time (US & Canada),research,CC-BY-NC,https://www.inaturalist.org/observations/117368384,,https://static.inaturalist.org/sounds/441237.m4a?1652737566,1,0,false,"Bonny Doon Ecological Reserve, Santa Cruz County, US-CA, US",37.0484754938,-122.1381060484,4,4,Merriam's Chipmunk,Neotamias merriami,Merriam's Chipmunk,Mammalia,197810
117694738,b236c3b6-c7fc-4019-9f7e-0c4fbac59a19,2022/03/22 2:04 PM,2022-03-22,2022-03-22 21:04:00 UTC,Pacific Time (US & Canada),research,CC-BY-NC,https://www.inaturalist.org/observations/117694738,https://inaturalist-open-data.s3.amazonaws.com/photos/198793832/medium.jpg,https://static.inaturalist.org/sounds/443498.m4a?1652939821,1,0,false,"Alameda County, CA, USA",37.5188669472,-121.7132033179,434,434,California Ground Squirrel,Otospermophilus beecheyi,California Ground Squirrel,Mammalia,180007
118201094,11de5e99-b609-4b0e-a15e-255973fcfdd4,Sun May 22 2022 08:35:21 GMT-0700 (PDT),2022-05-22,2022-05-22 15:35:21 UTC,Pacific Time (US & Canada),research,,https://www.inaturalist.org/observations/118201094,,https://static.inaturalist.org/sounds/447261.m4a?1653233735,2,0,false,"Homewood Dr, San Jose, CA, US",37.3295287761,-121.9451219668,6,6,Eastern Gray Squirrel,Sciurus carolinensis,Eastern Gray Squirrel,Mammalia,46017
118517713,a57d4251-258c-4543-9701-b9fe378ff6a2,2022/05/23 12:14 PM,2022-05-23,2022-05-23 19:14:00 UTC,Pacific Time (US & Canada),research,CC-BY-NC,https://www.inaturalist.org/observations/118517713,,https://static.inaturalist.org/sounds/449664.wav?1653403143,1,0,false,"Joseph D. Grant County Park, CA, USA",37.34020011,-121.7150727899,,,Wild Boar,Sus scrofa,Wild Boar,Mammalia,42134
118822186,fb64ceee-db37-4444-9094-eef7ed1c958e,2022-05-26 12:11:24-07:00,2022-05-26,2022-05-26 19:11:24 UTC,Pacific Time (US & Canada),research,CC-BY-NC,https://www.inaturalist.org/observations/118822186,,https://static.inaturalist.org/sounds/452028.m4a?1653605328,1,0,false,"Rose Hills Memorial Park and Mortuary, Whittier, CA, US",34.0028556324,-118.0219583308,20,20,California Ground Squirrel,Otospermophilus beecheyi,California Ground Squirrel,Mammalia,180007
118976699,8aa5b8c3-d070-4d9e-9584-d96a0c3013b0,2022-05-27 14:56:04-07:00,2022-05-27,2022-05-27 21:56:04 UTC,Pacific Time (US & Canada),research,,https://www.inaturalist.org/observations/118976699,https://static.inaturalist.org/photos/201079400/medium.jpg,https://static.inaturalist.org/sounds/452924.m4a?1653689136,2,0,false,"Monterey Bay Boatworks Boatyard, Monterey, CA, US",36.6092889268,-121.8921707561,7,7,California Sea Lion,Zalophus californianus,California Sea Lion,Mammalia,41740
120089490,e2f5406d-2f99-4ee6-9f43-0fbf98402be0,2022-06-03 17:30:33-07:00,2022-06-03,2022-06-04 00:30:33 UTC,Pacific Time (US & Canada),research,,https://www.inaturalist.org/observations/120089490,,https://static.inaturalist.org/sounds/460448.m4a?1654302642,1,0,false,"San Diego National Wildlife Refuge, Chula Vista, CA, US",32.6745226141,-116.971307723,4,4,Coyote,Canis latrans,Coyote,Mammalia,42051
120199080,2f01721e-40b5-4851-bff0-36e0c555848c,2022-06-04 11:25:06-07:00,2022-06-04,2022-06-04 18:25:06 UTC,Pacific Time (US & Canada),research,CC-BY,https://www.inaturalist.org/observations/120199080,,https://static.inaturalist.org/sounds/461291.m4a?1654367116,1,0,false,"Miller/Knox Regional Shoreline, Richmond, CA, US",37.9143812778,-122.3873364623,4,4,California Ground Squirrel,Otospermophilus beecheyi,California Ground Squirrel,Mammalia,180007
120310689,58155b0c-c5b7-4a7e-822f-42b5f1c7177e,2022-06-05 04:08:00,2022-06-05,2022-06-05 11:08:00 UTC,Pacific Time (US & Canada),research,CC-BY-NC,https://www.inaturalist.org/observations/120310689,,https://static.inaturalist.org/sounds/461988.wav?1654427416,1,0,false,"Pinnacles National Park, San Benito County, US-CA, US",36.4947515896,-121.1449561268,12,12,Coyote,Canis latrans,Coyote,Mammalia,42051
121409224,4129dd18-56c8-40f4-bb1f-a73f934e1be0,2022/06/12 6:52 AM,2022-06-12,2022-06-12 13:52:00 UTC,Pacific Time (US & Canada),research,CC-BY-NC,https://www.inaturalist.org/observations/121409224,https://inaturalist-open-data.s3.amazonaws.com/photos/205443358/medium.jpg,https://static.inaturalist.org/sounds/469144.wav?1655041946,1,0,false,"Turtle Rock, Irvine, CA, USA",33.6544299348,-117.8207915113,15,15,Fox Squirrel,Sciurus niger,Eastern Fox Squirrel,Mammalia,46020
121438746,ad59577f-d027-432d-b64e-1eeda1e66a14,2022-06-12 09:48:15,2022-06-12,2022-06-12 16:48:15 UTC,Pacific Time (US & Canada),research,,https://www.inaturalist.org/observations/121438746,https://static.inaturalist.org/photos/205495859/medium.jpeg,https://static.inaturalist.org/sounds/469351.wav?1655052664,1,0,false,"Moss Landing, CA 95039, USA",36.79080847,-121.79170568,5,5,California Ground Squirrel,Otospermophilus beecheyi,California Ground Squirrel,Mammalia,180007
121554086,73e0ef9f-f813-4d64-bd9e-fff200de5ca1,2022-06-12 20:20:00-07:00,2022-06-12,2022-06-13 03:20:00 UTC,Pacific Time (US & Canada),research,CC-BY-NC,https://www.inaturalist.org/observations/121554086,https://inaturalist-open-data.s3.amazonaws.com/photos/205706784/medium.jpg,https://static.inaturalist.org/sounds/470805.wav?1655174556,1,0,false,"Hidden Rock Ct, El Cajon, CA, US",32.7734096988,-116.9177672096,24,24,Mexican Free-tailed Bat,Tadarida brasiliensis,Mexican Free-tailed Bat,Mammalia,41301
121657767,92aa57c1-cc2a-47b0-bbaa-c7a5c7198ec3,2022/06/13 8:36 AM,2022-06-13,2022-06-13 15:36:00 UTC,Pacific Time (US & Canada),research,CC-BY-NC,https://www.inaturalist.org/observations/121657767,https://inaturalist-open-data.s3.amazonaws.com/photos/205891088/medium.jpg,https://static.inaturalist.org/sounds/470715.m4a?1655166763,1,0,false,"San Mateo County, CA, USA",37.3132236301,-122.1875558089,31,31,Merriam's Chipmunk,Neotamias merriami,Merriam's Chipmunk,Mammalia,197810
121910880,47538def-0cd2-4620-b12c-23e23c37d44e,2020/08/08 1 pm,2020-08-08,2020-08-08 20:00:00 UTC,Pacific Time (US & Canada),research,CC-BY-NC,https://www.inaturalist.org/observations/121910880,,https://static.inaturalist.org/sounds/472675.m4a?1655317562,1,0,false,"San Jose, CA, USA",37.1475538338,-121.7765136406,15,15,California Ground Squirrel,Otospermophilus beecheyi,California Ground Squirrel,Mammalia,180007
121950948,85df9b0f-a91d-4445-87eb-7b9566b34551,2022-06-15 17:26:52-07:00,2022-06-15,2022-06-16 00:26:52 UTC,Pacific Time (US & Canada),research,,https://www.inaturalist.org/observations/121950948,,https://static.inaturalist.org/sounds/472918.m4a?1655339273,1,0,false,"Oak Tree Cir, Murphys, CA, US",38.1424091241,-120.456691063,1126,1126,Coyote,Canis latrans,Coyote,Mammalia,42051
122117606,2117a8d1-85d0-43f8-83cd-b035078da0fc,2022/06/09 11:11 AM,2022-06-09,2022-06-09 18:11:00 UTC,Pacific Time (US & Canada),research,CC-BY,https://www.inaturalist.org/observations/122117606,,https://static.inaturalist.org/sounds/474231.m4a?1655439005,1,0,false,"Rancho San Antonio Open Space Preserve, California, USA",37.3294561,-122.1115304,7,7,Merriam's Chipmunk,Neotamias merriami,Merriam's Chipmunk,Mammalia,197810
122137258,f82795bc-f37e-4792-9c81-5126fe3ed191,2022-06-15 20:44:00-07:00,2022-06-15,2022-06-16 03:44:00 UTC,Pacific Time (US & Canada),research,CC-BY-NC,https://www.inaturalist.org/observations/122137258,https://inaturalist-open-data.s3.amazonaws.com/photos/206763406/medium.jpg,https://static.inaturalist.org/sounds/474334.wav?1655459077,1,0,false,"Mission Trails Regional Park, San Diego, CA, US",32.8324361257,-117.0485558277,24,24,Big Brown Bat,Eptesicus fuscus,Big Brown Bat,Mammalia,40509
122138198,52121ca2-380d-4dbb-8bc4-dc9655185ad7,2022-06-15 20:23:00-07:00,2022-06-15,2022-06-16 03:23:00 UTC,Pacific Time (US & Canada),research,CC-BY-NC,https://www.inaturalist.org/observations/122138198,https://inaturalist-open-data.s3.amazonaws.com/photos/206980708/medium.jpg,https://static.inaturalist.org/sounds/475170.wav?1655525267,1,0,false,"Mission Trails Regional Park, San Diego, CA, US",32.8397230002,-117.0411058352,24,24,Mexican Free-tailed Bat,Tadarida brasiliensis,Mexican Free-tailed Bat,Mammalia,41301
122138210,5695ad6e-1fe5-424b-b644-d3cc77125a25,2022-06-15 20:31:00-07:00,2022-06-15,2022-06-16 03:31:00 UTC,Pacific Time (US & Canada),research,CC-BY-NC,https://www.inaturalist.org/observations/122138210,https://inaturalist-open-data.s3.amazonaws.com/photos/206980757/medium.jpg,https://static.inaturalist.org/sounds/475171.wav?1655525288,1,0,false,"Mission Trails Regional Park, San Diego, CA, US",32.8375935247,-117.0454864902,24,24,Canyon Bat,Parastrellus hesperus,Canyon Bat,Mammalia,183164
122262454,719b9674-200e-4cb0-95b9-16b4be105209,2022-06-17 21:33:30-07:00,2022-06-17,2022-06-18 04:33:30 UTC,Pacific Time (US & Canada),research,,https://www.inaturalist.org/observations/122262454,,https://static.inaturalist.org/sounds/475189.m4a?1655527735,1,0,false,"Mount Diablo State Park, Clayton, CA, US",37.9065835616,-121.9547524956,4,4,Bobcat,Lynx rufus,Bobcat,Mammalia,41976
122275300,1e5ef401-add4-4cdd-9c5e-a2eca2e75104,2022-06-14 20:25:00-07:00,2022-06-14,2022-06-15 03:25:00 UTC,Pacific Time (US & Canada),research,CC-BY-NC,https://www.inaturalist.org/observations/122275300,https://inaturalist-open-data.s3.amazonaws.com/photos/207010621/medium.jpg,https://static.inaturalist.org/sounds/476177.wav?1655626042,1,0,false,"Avocado Summit Dr, El Cajon, CA, US",32.7735932333,-116.9192965072,24,24,Mexican Free-tailed Bat,Tadarida brasiliensis,Mexican Free-tailed Bat,Mammalia,41301
122367683,7a727c3a-bd14-4d66-a3a8-b511172cc237,2022-06-18 13:23:16-07:00,2022-06-18,2022-06-18 20:23:16 UTC,Pacific Time (US & Canada),research,CC-BY-NC,https://www.inaturalist.org/observations/122367683,,https://static.inaturalist.org/sounds/475821.m4a?1655583925,1,0,false,"Hunter Creek Rd, Fairfax, CA, US",38.0096205371,-122.6121729055,4,4,Western Gray Squirrel,Sciurus griseus,Western Gray Squirrel,Mammalia,46023
122399089,3d3b7162-1572-4a25-9b38-85a6c34ff7f2,2022/06/11 19:18 PM,2022-06-11,2022-06-12 02:18:00 UTC,Pacific Time (US & Canada),research,,https://www.inaturalist.org/observations/122399089,,https://static.inaturalist.org/sounds/475953.mp3?1655596169,1,0,false,"Cambria, CA, USA",35.5524663459,-121.0888153364,61,61,Western Gray Squirrel,Sciurus griseus,Western Gray Squirrel,Mammalia,46023
122399090,323b4539-5034-4743-84a8-63ace78b7d4a,2022/06/11 19:22 PM,2022-06-11,2022-06-12 02:22:00 UTC,Pacific Time (US & Canada),research,,https://www.inaturalist.org/observations/122399090,,https://static.inaturalist.org/sounds/475954.mp3?1655596173,1,0,false,"Cambria, CA, USA",35.5523765365,-121.088461201,31,31,Western Gray Squirrel,Sciurus griseus,Western Gray Squirrel,Mammalia,46023
122399092,717f6de7-e424-4b32-a45f-a45ac27a4406,2022/06/11 19:23 PM,2022-06-11,2022-06-12 02:23:00 UTC,Pacific Time (US & Canada),research,,https://www.inaturalist.org/observations/122399092,,https://static.inaturalist.org/sounds/475955.mp3?1655596175,2,0,false,"Cambria, CA, USA",35.5523690693,-121.0883371446,15,15,Western Gray Squirrel,Sciurus griseus,Western Gray Squirrel,Mammalia,46023
122499105,0c2f7468-7a22-4889-8cc1-0ad4d1ac67cc,2022/06/17 9:30 PM,2022-06-17,2022-06-18 04:30:00 UTC,Pacific Time (US & Canada),research,CC-BY-NC,https://www.inaturalist.org/observations/122499105,,https://static.inaturalist.org/sounds/476510.wav?1655654852,1,0,false,"Contra Costa County, CA, USA",37.9067589447,-121.9528193309,61,61,Bobcat,Lynx rufus,Bobcat,Mammalia,41976
122505507,d8c31a8d-361a-47b3-9289-59dc83739cf3,Sun Jun 19 2022 09:51:38 GMT-0700 (PDT),2022-06-19,2022-06-19 16:51:38 UTC,Pacific Time (US & Canada),research,CC-BY-NC,https://www.inaturalist.org/observations/122505507,,https://static.inaturalist.org/sounds/476548.m4a?1655657611,1,0,false,"Coyote Creek Parkway, Morgan Hill, CA, US",37.168418644,-121.6512960849,8,8,California Ground Squirrel,Otospermophilus beecheyi,California Ground Squirrel,Mammalia,180007
122505645,af7f4e6d-aa3d-4925-a583-7f061d6c4cf8,2022-06-19 09:51:46-07:00,2022-06-19,2022-06-19 16:51:46 UTC,Pacific Time (US & Canada),research,,https://www.inaturalist.org/observations/122505645,,https://static.inaturalist.org/sounds/476550.m4a?1655657658,2,0,false,"Coyote Creek Parkway, Morgan Hill, CA, US",37.1684070351,-121.6513991823,8,8,California Ground Squirrel,Otospermophilus beecheyi,California Ground Squirrel,Mammalia,180007
122612013,74d3b0d9-f49a-4aed-92e9-a044a41b9a26,2022-06-19 23:10:24,2022-06-19,2022-06-20 06:10:24 UTC,Pacific Time (US & Canada),research,,https://www.inaturalist.org/observations/122612013,,https://static.inaturalist.org/sounds/477056.wav?1655705587,1,0,false,Phelps Corner,32.7223334607,-116.8105774373,1825,1825,Coyote,Canis latrans,Coyote,Mammalia,42051
122706795,28c7560c-0595-40cd-95ca-acfbe91e617e,2022-06-20 13:38:52-07:00,2022-06-20,2022-06-20 20:38:52 UTC,Pacific Time (US & Canada),research,CC-BY-NC,https://www.inaturalist.org/observations/122706795,,https://static.inaturalist.org/sounds/477765.m4a?1655761641,1,0,false,"Santa Clara County, US-CA, US",37.2890016713,-121.9838430232,7,28417,California Ground Squirrel,Otospermophilus beecheyi,California Ground Squirrel,Mammalia,180007
123005870,9f7eea7a-0c3b-49ee-a15a-fa7f4860e448,2022-06-21 19:41:22,2022-06-21,2022-06-22 02:41:22 UTC,Pacific Time (US & Canada),research,,https://www.inaturalist.org/observations/123005870,https://static.inaturalist.org/photos/208331111/medium.jpeg,https://static.inaturalist.org/sounds/479560.m4a?1655934269,1,0,false,"Twain, CA 95984, USA",40.0135165688,-121.2024509534,39191,39191,Douglas' Squirrel,Tamiasciurus douglasii,Douglas's Squirrel,Mammalia,46259
123293831,725b087e-875c-464b-b6aa-c99471552e4a,2021/08/29 8:00 PM,2021-08-29,2021-08-30 03:00:00 UTC,Pacific Time (US & Canada),research,CC-BY-NC-SA,https://www.inaturalist.org/observations/123293831,https://inaturalist-open-data.s3.amazonaws.com/photos/217289019/medium.jpg,https://static.inaturalist.org/sounds/481344.wav?1656115173,1,0,false,United States,32.7107751561,-116.7293457663,10,29066,Pallid Bat,Antrozous pallidus,Pallid Bat,Mammalia,40614
123294591,f6a8b4e7-1f81-4744-ab41-787f4ccfd8fe,2021/08/29 8:03 PM,2021-08-29,2021-08-30 03:03:00 UTC,Pacific Time (US & Canada),research,CC-BY-NC-SA,https://www.inaturalist.org/observations/123294591,https://inaturalist-open-data.s3.amazonaws.com/photos/217291539/medium.jpg,https://static.inaturalist.org/sounds/481347.wav?1656115714,1,0,false,United States,32.7642058183,-116.6994043683,10,29066,Mexican Free-tailed Bat,Tadarida brasiliensis,Mexican Free-tailed Bat,Mammalia,41301
123302315,e3d26e46-3a28-43b0-82af-dbc0c99a7bc0,2021/09/01 7:54 PM,2021-09-01,2021-09-02 02:54:00 UTC,Pacific Time (US & Canada),research,CC-BY-NC-SA,https://www.inaturalist.org/observations/123302315,https://inaturalist-open-data.s3.amazonaws.com/photos/217292578/medium.jpg,https://static.inaturalist.org/sounds/481394.wav?1656120148,1,0,false,United States,32.6395662678,-116.7526532127,10,29066,Canyon Bat,Parastrellus hesperus,Canyon Bat,Mammalia,183164
123304837,a4a902b8-077c-4a75-a414-342edbddc191,2021/09/01 8:13 PM,2021-09-01,2021-09-02 03:13:00 UTC,Pacific Time (US & Canada),research,CC-BY-NC-SA,https://www.inaturalist.org/observations/123304837,https://inaturalist-open-data.s3.amazonaws.com/photos/217293365/medium.jpg,https://static.inaturalist.org/sounds/481416.wav?1656121742,1,0,false,United States,32.7789761646,-116.7944905613,10,29066,Big Brown Bat,Eptesicus fuscus,Big Brown Bat,Mammalia,40509
123308011,fea677a3-f663-455e-91bb-36f1cde678ee,2021/09/02 8:20 PM,2021-09-02,2021-09-03 03:20:00 UTC,Pacific Time (US & Canada),research,CC-BY-NC-SA,https://www.inaturalist.org/observations/123308011,https://inaturalist-open-data.s3.amazonaws.com/photos/217294506/medium.jpg,https://static.inaturalist.org/sounds/481438.wav?1656123736,1,0,false,United States,32.7832857863,-116.6890805971,11,29066,Canyon Bat,Parastrellus hesperus,Canyon Bat,Mammalia,183164
123310650,b32d238e-e749-4e0d-a870-e6b14e0b58e9,2021/09/03 7:56 PM,2021-09-03,2021-09-04 02:56:00 UTC,Pacific Time (US & Canada),research,CC-BY-NC-SA,https://www.inaturalist.org/observations/123310650,https://inaturalist-open-data.s3.amazonaws.com/photos/217296629/medium.jpg,https://static.inaturalist.org/sounds/481451.wav?1656125502,1,0,false,United States,32.6355197641,-116.7009135361,11,29066,Canyon Bat,Parastrellus hesperus,Canyon Bat,Mammalia,183164
123313491,e7bd3a9d-0f28-47a4-8476-b38f40996422,2021/09/04 8:33 PM,2021-09-04,2021-09-05 03:33:00 UTC,Pacific Time (US & Canada),research,CC-BY-NC-SA,https://www.inaturalist.org/observations/123313491,https://inaturalist-open-data.s3.amazonaws.com/photos/217298699/medium.jpg,https://static.inaturalist.org/sounds/481465.wav?1656127406,1,0,false,United States,32.681239832,-116.6267374436,10,29066,Canyon Bat,Parastrellus hesperus,Canyon Bat,Mammalia,183164
123318110,7fc1b2e0-be1d-40b3-8579-44f034ae62b2,2021/09/06 7:28 PM,2021-09-06,2021-09-07 02:28:00 UTC,Pacific Time (US & Canada),research,CC-BY-NC-SA,https://www.inaturalist.org/observations/123318110,https://inaturalist-open-data.s3.amazonaws.com/photos/217301609/medium.jpg,https://static.inaturalist.org/sounds/481494.wav?1656131032,1,0,false,"San Diego County, US-CA, US",32.7035158667,-116.4610464235,25,29066,Canyon Bat,Parastrellus hesperus,Canyon Bat,Mammalia,183164
123416762,a17f89f3-c48d-4d14-9ede-d678f7da4c10,2021/09/17 7:17 PM,2021-09-17,2021-09-18 02:17:00 UTC,Pacific Time (US & Canada),research,CC-BY-NC-SA,https://www.inaturalist.org/observations/123416762,https://inaturalist-open-data.s3.amazonaws.com/photos/217304269/medium.jpg,https://static.inaturalist.org/sounds/482124.wav?1656187631,1,0,false,United States,32.6951196751,-116.7074280542,11,29066,Canyon Bat,Parastrellus hesperus,Canyon Bat,Mammalia,183164
123566529,ca520458-8e6d-4be1-8c68-6852cd705fc6,2022-06-26 11:00:35-07:00,2022-06-26,2022-06-26 18:00:35 UTC,Pacific Time (US & Canada),research,CC-BY-NC,https://www.inaturalist.org/observations/123566529,,https://static.inaturalist.org/sounds/482985.m4a?1656266754,1,0,false,"Challenger Park, Simi Valley, CA, US",34.2404411106,-118.7776880646,34,34,California Ground Squirrel,Otospermophilus beecheyi,California Ground Squirrel,Mammalia,180007
123862538,31dbaa30-d947-499d-b1bf-9094df99ada9,2022/02/26 7:07 PM,2022-02-26,2022-02-27 03:07:00 UTC,Pacific Time (US & Canada),research,CC-BY-NC-SA,https://www.inaturalist.org/observations/123862538,https://inaturalist-open-data.s3.amazonaws.com/photos/217307424/medium.jpg,https://static.inaturalist.org/sounds/484916.wav?1656439578,1,0,false,"California, US",38.4574521745,-122.0375618257,25,28240,Mexican Free-tailed Bat,Tadarida brasiliensis,Mexican Free-tailed Bat,Mammalia,41301
123863986,cd648b2f-65f6-46bb-b11c-b198017b0ad8,2022/03/24 10:11 PM,2022-03-24,2022-03-25 05:11:00 UTC,Pacific Time (US & Canada),research,CC-BY-NC-SA,https://www.inaturalist.org/observations/123863986,https://inaturalist-open-data.s3.amazonaws.com/photos/217308202/medium.jpg,https://static.inaturalist.org/sounds/484924.wav?1656440350,1,0,false,United States,32.7045790084,-117.0941518487,10,29066,Mexican Free-tailed Bat,Tadarida brasiliensis,Mexican Free-tailed Bat,Mammalia,41301
124138525,75634d44-e67b-4341-8c8f-e950858c0b81,2022-06-30 11:12:07-07:00,2022-06-30,2022-06-30 18:12:07 UTC,Pacific Time (US & Canada),research,CC-BY-NC,https://www.inaturalist.org/observations/124138525,,https://static.inaturalist.org/sounds/486968.m4a?1656613303,1,0,false,"Lincoln Blvd, Los Angeles, CA, US",33.9712539259,-118.4303855051,9,9,California Ground Squirrel,Otospermophilus beecheyi,California Ground Squirrel,Mammalia,180007
124179528,ac60ef3c-3756-48e9-ba27-75f4f8050be2,2022/06/12 11:36 PM,2022-06-12,2022-06-13 06:36:00 UTC,Pacific Time (US & Canada),research,CC-BY-NC,https://www.inaturalist.org/observations/124179528,,https://static.inaturalist.org/sounds/487253.mp3?1656633240,1,0,false,"Live Oak Canyon, Redlands, CA, USA",34.0180084325,-117.1836277471,3,3,Coyote,Canis latrans,Coyote,Mammalia,42051
124257637,ad111a1a-61b3-4dca-a483-3a63da25b562,2022-07-01 08:47:40-07:00,2022-07-01,2022-07-01 15:47:40 UTC,Pacific Time (US & Canada),research,CC-BY,https://www.inaturalist.org/observations/124257637,,https://static.inaturalist.org/sounds/487674.m4a?1656690484,1,0,false,"Coast Blvd, San Diego, CA, US",32.8467139369,-117.2785872036,3,3,California Ground Squirrel,Otospermophilus beecheyi,California Ground Squirrel,Mammalia,180007
124476732,de478ebb-7997-41fa-8856-3e65653150ec,2022/07/02 1:22 AM,2022-07-02,2022-07-02 08:22:00 UTC,Pacific Time (US & Canada),research,CC-BY-NC-SA,https://www.inaturalist.org/observations/124476732,https://inaturalist-open-data.s3.amazonaws.com/photos/217563725/medium.jpg,https://static.inaturalist.org/sounds/488960.wav?1656807001,1,0,false,United States,32.6009557676,-116.3866705773,10,29066,Pallid Bat,Antrozous pallidus,Pallid Bat,Mammalia,40614
124612195,cd329506-b41d-4034-bb37-47f7ed3be60a,2022/04/13 8:17:17am,2022-04-13,2022-04-13 15:17:17 UTC,Pacific Time (US & Canada),research,CC-BY-NC,https://www.inaturalist.org/observations/124612195,,https://static.inaturalist.org/sounds/489877.wav?1656877152,2,0,false,"orange county, ca",33.7535082127,-117.5667922037,61,61,Western Gray Squirrel,Sciurus griseus,Western Gray Squirrel,Mammalia,46023
124693109,181064d9-94b8-4ffe-b55f-645e6cb2a9e5,2022-07-04 00:33:58-07:00,2022-07-04,2022-07-04 07:33:58 UTC,Pacific Time (US & Canada),research,CC-BY,https://www.inaturalist.org/observations/124693109,,https://static.inaturalist.org/sounds/490373.m4a?1656920051,1,0,false,"Sunshine Valley Rd, Moss Beach, CA, US",37.5286662133,-122.5083484599,4,4,Gray Fox,Urocyon cinereoargenteus,Gray Fox,Mammalia,42076
124693190,be1df58a-ed9b-417e-9bda-bb8c8849a6e1,2022-07-04 00:35:34-07:00,2022-07-04,2022-07-04 07:35:34 UTC,Pacific Time (US & Canada),research,CC-BY,https://www.inaturalist.org/observations/124693190,,https://static.inaturalist.org/sounds/490375.m4a?1656920145,1,0,false,"Sunshine Valley Rd, Moss Beach, CA, US",37.5286262175,-122.5083500002,4,4,Gray Fox,Urocyon cinereoargenteus,Gray Fox,Mammalia,42076
125249287,8fbd3b2d-b1c5-4a3d-8530-c42d27e2d679,2022/06/02 9:11 PM,2022-06-02,2022-06-03 04:11:00 UTC,Pacific Time (US & Canada),research,CC-BY-NC,https://www.inaturalist.org/observations/125249287,https://inaturalist-open-data.s3.amazonaws.com/photos/212375788/medium.jpeg,https://static.inaturalist.org/sounds/493821.mp3?1657244323,2,0,false,"San Luis Obispo County, CA, USA",35.2179555556,-119.8972166667,3141,3141,Tule Elk,Cervus canadensis nannodes,Tule Elk,Mammalia,566549
125260749,d5469c44-c49b-45f3-a9c4-a50b8a33bbab,2022-07-07 20:46:01-07:00,2022-07-07,2022-07-08 03:46:01 UTC,Pacific Time (US & Canada),research,CC-BY,https://www.inaturalist.org/observations/125260749,,https://static.inaturalist.org/sounds/493900.m4a?1657252030,1,0,false,"Golden Gate National Recreation Area, Pacifica, CA, US",37.5485244161,-122.509041885,4,4,Coyote,Canis latrans,Coyote,Mammalia,42051
125352736,063a51e3-f10c-44ce-ba9f-f31f30cf038b,2022/07/03 8:28 PM,2022-07-03,2022-07-04 03:28:00 UTC,Pacific Time (US & Canada),research,CC-BY-NC-SA,https://www.inaturalist.org/observations/125352736,https://inaturalist-open-data.s3.amazonaws.com/photos/217567178/medium.jpg,https://static.inaturalist.org/sounds/494457.wav?1657311572,2,0,false,"San Diego County, US-CA, US",32.8906949446,-116.5621504013,10,29039,Big Brown Bat,Eptesicus fuscus,Big Brown Bat,Mammalia,40509
125455042,d9dda9a5-09c6-430e-95b4-090a707ad92f,2022/07/03 8:43 PM,2022-07-03,2022-07-04 03:43:00 UTC,Pacific Time (US & Canada),research,CC-BY-NC-SA,https://www.inaturalist.org/observations/125455042,https://inaturalist-open-data.s3.amazonaws.com/photos/217571919/medium.jpg,https://static.inaturalist.org/sounds/495034.wav?1657379187,1,0,false,"San Diego County, US-CA, US",32.8475040261,-116.5705399849,10,29039,Big Brown Bat,Eptesicus fuscus,Big Brown Bat,Mammalia,40509
125456094,9912da9f-bd49-4c5b-ab40-2704fbbd5b20,2022/07/03 8:47 PM,2022-07-03,2022-07-04 03:47:00 UTC,Pacific Time (US & Canada),research,CC-BY-NC-SA,https://www.inaturalist.org/observations/125456094,https://inaturalist-open-data.s3.amazonaws.com/photos/217572687/medium.jpg,https://static.inaturalist.org/sounds/495039.wav?1657379870,2,0,false,"San Diego County, US-CA, US",32.890787301,-116.5284217557,10,29039,Big Brown Bat,Eptesicus fuscus,Big Brown Bat,Mammalia,40509
125457773,ce3771ef-d840-47a7-bdf6-f4c6a2c5c72b,2022/07/03 8:53 PM,2022-07-03,2022-07-04 03:53:00 UTC,Pacific Time (US & Canada),research,CC-BY-NC-SA,https://www.inaturalist.org/observations/125457773,https://inaturalist-open-data.s3.amazonaws.com/photos/217573777/medium.jpg,https://static.inaturalist.org/sounds/495045.wav?1657380233,1,0,false,"San Diego County, US-CA, US",32.8456290957,-116.4581897753,10,29039,Big Brown Bat,Eptesicus fuscus,Big Brown Bat,Mammalia,40509
125458516,cb20c332-18f0-48c5-a79a-101bbc238941,2022/07/03 8:54 PM,2022-07-03,2022-07-04 03:54:00 UTC,Pacific Time (US & Canada),research,CC-BY-NC-SA,https://www.inaturalist.org/observations/125458516,https://inaturalist-open-data.s3.amazonaws.com/photos/217574213/medium.jpg,https://static.inaturalist.org/sounds/495052.wav?1657380549,1,0,false,"San Diego County, US-CA, US",32.9235906543,-116.5423451467,10,29039,Big Brown Bat,Eptesicus fuscus,Big Brown Bat,Mammalia,40509
125459614,3fd2e2b4-cee3-405f-b4cb-4e010b55f6e3,2022/07/03 8:55 PM,2022-07-03,2022-07-04 03:55:00 UTC,Pacific Time (US & Canada),research,CC-BY-NC-SA,https://www.inaturalist.org/observations/125459614,https://inaturalist-open-data.s3.amazonaws.com/photos/217574910/medium.jpg,https://static.inaturalist.org/sounds/495054.wav?1657380950,2,0,false,"San Diego County, US-CA, US",32.9302449877,-116.4095687039,10,29039,Big Brown Bat,Eptesicus fuscus,Big Brown Bat,Mammalia,40509
125491164,3e2089ef-33aa-4a82-ba48-f0245acc93c5,2022/07/03 9:59 PM,2022-07-03,2022-07-04 04:59:00 UTC,Pacific Time (US & Canada),research,CC-BY-NC-SA,https://www.inaturalist.org/observations/125491164,https://inaturalist-open-data.s3.amazonaws.com/photos/218123884/medium.jpg,https://static.inaturalist.org/sounds/495211.wav?1657393187,1,0,false,"San Diego County, US-CA, US",32.8636667937,-116.4936663929,20,29039,Mexican Free-tailed Bat,Tadarida brasiliensis,Mexican Free-tailed Bat,Mammalia,41301
125857279,7b1f04ab-fb2d-462e-b697-9614320a3b1b,2022-07-11 15:14:25,2022-07-11,2022-07-11 22:14:25 UTC,Pacific Time (US & Canada),research,CC-BY-NC,https://www.inaturalist.org/observations/125857279,https://static.inaturalist.org/photos/213541014/medium.jpg,https://static.inaturalist.org/sounds/504463.mp3?1658452359,2,0,false,"Yosemite National Park, Tuolumne County, US-CA, US",37.8739635,-119.36775061,4,4,Belding's Ground Squirrel,Urocitellus beldingi,Belding's Ground Squirrel,Mammalia,179995
125999551,403d0f60-9047-4797-bbe4-5e75b10eaebc,2022-07-12 11:30:05,2022-07-12,2022-07-12 18:30:05 UTC,Pacific Time (US & Canada),research,CC-BY-NC,https://www.inaturalist.org/observations/125999551,https://static.inaturalist.org/photos/213749121/medium.jpg,https://static.inaturalist.org/sounds/504235.mp3?1658427582,2,0,false,"Yosemite National Park, Tuolumne County, US-CA, US",37.91898777,-119.26839949,11,11,American Pika,Ochotona princeps,American Pika,Mammalia,43188
126007073,5e941c13-1da2-4d95-9c58-67fd98694a79,2022/07/12 10:30 AM,2022-07-12,2022-07-12 17:30:00 UTC,Pacific Time (US & Canada),research,CC-BY-NC,https://www.inaturalist.org/observations/126007073,https://static.inaturalist.org/photos/213750870/medium.jpg,https://static.inaturalist.org/sounds/504236.mp3?1658427602,1,0,false,"Mono County, CA, USA",37.920312323,-119.2641177345,119,119,American Pika,Ochotona princeps,American Pika,Mammalia,43188
126304253,0e7dc592-53aa-4a5c-8c99-7197b6d37a6e,2022/05/21 9:47 PM,2022-05-21,2022-05-22 04:47:00 UTC,Pacific Time (US & Canada),research,CC-BY-NC,https://www.inaturalist.org/observations/126304253,https://inaturalist-open-data.s3.amazonaws.com/photos/214306437/medium.jpg,https://static.inaturalist.org/sounds/499479.wav?1657860503,1,0,false,"Los Angeles County, CA, USA",34.3436410195,-117.9182775652,31,31,Merriam's Chipmunk,Neotamias merriami,Merriam's Chipmunk,Mammalia,197810
126413248,0946767f-24af-4d8e-a750-84c01ef70b50,2022-07-12 06:49:46-07:00,2022-07-12,2022-07-12 13:49:46 UTC,Pacific Time (US & Canada),research,,https://www.inaturalist.org/observations/126413248,,https://static.inaturalist.org/sounds/500152.m4a?1657929636,1,0,false,"South Fork Kings River, Kings Canyon National Park, Sequoia and Kings Canyon National Parks, Fresno County, US-CA, US",36.7910335958,-118.6722042506,5,5,Douglas' Squirrel,Tamiasciurus douglasii,Douglas's Squirrel,Mammalia,46259
126774928,7fa85100-2c41-47c2-81d8-34f82d635958,2022/07/05 6:57 PM,2022-07-05,2022-07-06 01:57:00 UTC,Pacific Time (US & Canada),research,CC-BY,https://www.inaturalist.org/observations/126774928,https://inaturalist-open-data.s3.amazonaws.com/photos/215142862/medium.jpeg,https://static.inaturalist.org/sounds/501954.m4a?1658125536,1,0,false,"Purisima Creek Open Space Preserve, California, USA",37.4464057,-122.3594978,7,7,Merriam's Chipmunk,Neotamias merriami,Merriam's Chipmunk,Mammalia,197810
127010288,53a4c63c-4a5c-41c6-b6a4-81c80c3b8be0,2022-07-19 11:20:38-07:00,2022-07-19,2022-07-19 18:20:38 UTC,Pacific Time (US & Canada),research,CC-BY-NC,https://www.inaturalist.org/observations/127010288,https://inaturalist-open-data.s3.amazonaws.com/photos/215571619/medium.jpg,https://static.inaturalist.org/sounds/503174.m4a?1658265246,1,0,false,"Tulare County, US-CA, US",35.9780381061,-118.5950041563,8,8,Douglas' Squirrel,Tamiasciurus douglasii,Douglas's Squirrel,Mammalia,46259
127091628,7091a648-fdd3-4994-b026-0966d70d60c2,Wed Jul 20 2022 07:12:50 GMT-0700 (PDT),2022-07-20,2022-07-20 14:12:50 UTC,Pacific Time (US & Canada),research,CC-BY-NC,https://www.inaturalist.org/observations/127091628,https://inaturalist-open-data.s3.amazonaws.com/photos/215723794/medium.jpg,https://static.inaturalist.org/sounds/503500.m4a?1658326416,1,0,false,"Valle Vista Dr, Glendale, CA, US",34.1478053465,-118.2054287736,7,7,Coyote,Canis latrans,Coyote,Mammalia,42051
127701643,8c7dd752-e56a-467f-8e22-0b64ce926d0f,2022-04-16 16:36:00-07:00,2022-04-16,2022-04-16 23:36:00 UTC,Pacific Time (US & Canada),research,CC-BY-NC,https://www.inaturalist.org/observations/127701643,,https://static.inaturalist.org/sounds/506379.m4a?1658681687,1,0,false,"Yosemite National Park, Yosemite National Park, CA, US",37.7502826959,-119.5503241664,158,158,Douglas' Squirrel,Tamiasciurus douglasii,Douglas's Squirrel,Mammalia,46259
127768028,afeebf02-ba85-4c26-aeb8-7803d8e643dd,2022-07-24 11:41:02-07:00,2022-07-24,2022-07-24 18:41:02 UTC,Pacific Time (US & Canada),research,,https://www.inaturalist.org/observations/127768028,,https://static.inaturalist.org/sounds/506667.m4a?1658707262,1,0,false,"Humboldt County, US-CA, US",40.7725963417,-124.1243233779,17,27908,Tamiasciurus douglasii,Tamiasciurus douglasii,Douglas's Squirrel,Mammalia,46259
127805072,b6457ee0-445b-4e25-863b-92d5cdf337ae,2022-07-18 14:05:10,2022-07-18,2022-07-18 21:05:10 UTC,Pacific Time (US & Canada),research,CC-BY-NC,https://www.inaturalist.org/observations/127805072,https://inaturalist-open-data.s3.amazonaws.com/photos/217016669/medium.jpeg,https://static.inaturalist.org/sounds/506809.wav?1658728793,1,0,false,"Kings Canyon National Park, Sequoia and Kings Canyon National Parks, Fresno County, US-CA, US",36.8103946668,-118.5482881218,9,9,Douglas' Squirrel,Tamiasciurus douglasii,Douglas's Squirrel,Mammalia,46259
128328650,c2cafe05-bb0d-427b-b0b9-ff04f2d2b905,2022-07-28 10:37:55-07:00,2022-07-28,2022-07-28 17:37:55 UTC,Pacific Time (US & Canada),research,CC-BY-NC,https://www.inaturalist.org/observations/128328650,,https://static.inaturalist.org/sounds/509178.m4a?1659029881,1,0,false,"Balboa Park, San Diego, CA, US",32.7318958252,-117.1569330082,4,4,California Ground Squirrel,Otospermophilus beecheyi,California Ground Squirrel,Mammalia,180007
128328708,3a89de8f-3d72-423f-bdf0-585453d00743,2022-07-28 10:38:21-07:00,2022-07-28,2022-07-28 17:38:21 UTC,Pacific Time (US & Canada),research,CC-BY-NC,https://www.inaturalist.org/observations/128328708,,https://static.inaturalist.org/sounds/509179.m4a?1659029905,2,0,false,"Balboa Park, San Diego, CA, US",32.7318842429,-117.156945233,4,4,California Ground Squirrel,Otospermophilus beecheyi,California Ground Squirrel,Mammalia,180007
128401483,c4ca5238-8c2d-460c-8f12-cbaa09c55c71,2022-07-28 20:28:11,2022-07-28,2022-07-29 03:28:11 UTC,Pacific Time (US & Canada),research,,https://www.inaturalist.org/observations/128401483,,https://static.inaturalist.org/sounds/509521.m4a?1659065410,2,0,false,"Fisherman's Wharf, San Francisco, CA, USA",37.81050273,-122.4111047,3,3,California Sea Lion,Zalophus californianus,California Sea Lion,Mammalia,41740
128564984,da56ee76-6b1a-451c-96ca-e81988506e68,2022/07/23 9:37 PM,2022-07-23,2022-07-24 04:37:00 UTC,Pacific Time (US & Canada),research,CC-BY-NC-SA,https://www.inaturalist.org/observations/128564984,https://inaturalist-open-data.s3.amazonaws.com/photos/218391964/medium.jpg,https://static.inaturalist.org/sounds/510195.wav?1659159353,1,0,false,"California, US",38.522178018,-122.3904744388,10,28240,Canyon Bat,Parastrellus hesperus,Canyon Bat,Mammalia,183164
128715427,e74ca8be-35ba-4352-83a4-13bf4895f0e2,2022/06/29 8:30 AM,2022-06-29,2022-06-29 15:30:00 UTC,Pacific Time (US & Canada),research,CC-BY-NC,https://www.inaturalist.org/observations/128715427,https://inaturalist-open-data.s3.amazonaws.com/photos/218658013/medium.jpg,https://static.inaturalist.org/sounds/510923.wav?1659227723,1,0,false,"Modoc County, CA, USA",41.2785171944,-120.1696976944,,,American Pika,Ochotona princeps,American Pika,Mammalia,43188
128848218,33c33cc9-68bf-4ffb-8792-7fbc5789c5c8,2022-07-31 12:04:43,2022-07-31,2022-07-31 19:04:43 UTC,Pacific Time (US & Canada),research,CC-BY-NC,https://www.inaturalist.org/observations/128848218,https://inaturalist-open-data.s3.amazonaws.com/photos/218893807/medium.jpeg,https://static.inaturalist.org/sounds/511518.m4a?1659294439,2,0,false,"Coyote, CA, USA",37.168314652,-121.7304730064,9,9,Western Gray Squirrel,Sciurus griseus,Western Gray Squirrel,Mammalia,46023
128999116,387cada0-9a2f-46eb-b215-ae3e09982f86,Mon Aug 01 2022 09:16:14 GMT-0700 (PDT),2022-08-01,2022-08-01 16:16:14 UTC,Pacific Time (US & Canada),research,CC-BY,https://www.inaturalist.org/observations/128999116,https://inaturalist-open-data.s3.amazonaws.com/photos/219434602/medium.jpeg,https://static.inaturalist.org/sounds/512139.m4a?1659371786,2,0,false,"Point Dume State Beach, Santa Monica Mountains National Recreation Area, Los Angeles County, US-CA, US",34.0008916939,-118.8062577044,6,6,California Sea Lion,Zalophus californianus,California Sea Lion,Mammalia,41740
129101669,76ee1a94-ca75-4ee6-802e-ed32fb90174d,Mon Aug 01 2022 22:42:18 GMT-0700 (PDT),2022-08-01,2022-08-02 05:42:18 UTC,Pacific Time (US & Canada),research,CC-BY-NC-SA,https://www.inaturalist.org/observations/129101669,,https://static.inaturalist.org/sounds/512666.m4a?1659419000,1,0,false,"California, US",37.376650889,-121.8139586885,9,28417,Coyote,Canis latrans,Coyote,Mammalia,42051
129145977,5c3ec31f-c51c-40ca-9b1f-7358e774057c,2022-08-02 08:03:11,2022-08-02,2022-08-02 15:03:11 UTC,Pacific Time (US & Canada),research,CC-BY,https://www.inaturalist.org/observations/129145977,https://inaturalist-open-data.s3.amazonaws.com/photos/219434130/medium.jpeg,https://static.inaturalist.org/sounds/512903.wav?1659453009,1,0,false,"Tierrasanta, San Diego, CA 92124, USA",32.82107664,-117.08494622,9,9,Fox Squirrel,Sciurus niger,Eastern Fox Squirrel,Mammalia,46020
129750488,e340cd5d-bc53-41ad-aebc-d0450e3d5a38,2022/08/03 3:53 PM,2022-08-03,2022-08-03 22:53:00 UTC,Pacific Time (US & Canada),research,CC-BY-NC,https://www.inaturalist.org/observations/129750488,,https://static.inaturalist.org/sounds/515866.wav?1659826493,1,0,false,"Maple Springs Road @ ""seep"" Cleveland National Forest, Orange County, CA, USA",33.73615429,-117.5457889998,129,129,Western Gray Squirrel,Sciurus griseus,Western Gray Squirrel,Mammalia,46023
130020239,adb53c01-7c31-4b3e-8d66-f1c482804083,2022-08-08 12:37:19-07:00,2022-08-08,2022-08-08 19:37:19 UTC,Pacific Time (US & Canada),research,CC-BY-NC,https://www.inaturalist.org/observations/130020239,https://inaturalist-open-data.s3.amazonaws.com/photos/221048160/medium.jpg,https://static.inaturalist.org/sounds/516962.m4a?1659988027,2,0,false,"US-395 S, Big Pine, CA, US",37.0836305,-118.24617,5,5,Wapiti,Cervus canadensis,Elk,Mammalia,204114
130166872,bcc107de-a2e8-406c-81ff-be8c415f5701,2022-08-09 14:48:24,2022-08-09,2022-08-09 21:48:24 UTC,Pacific Time (US & Canada),research,CC-BY-NC,https://www.inaturalist.org/observations/130166872,https://inaturalist-open-data.s3.amazonaws.com/photos/221321024/medium.jpeg,https://static.inaturalist.org/sounds/517559.m4a?1660081899,3,0,false,"Ventura, CA, USA",34.24843286,-119.26628381,3,3,California Sea Lion,Zalophus californianus,California Sea Lion,Mammalia,41740
130529354,7a8b4720-3709-4c46-bcf8-62a58ee6fb65,2022-08-12 11:35:24-07:00,2022-08-12,2022-08-12 18:35:24 UTC,Pacific Time (US & Canada),research,CC-BY-NC,https://www.inaturalist.org/observations/130529354,,https://static.inaturalist.org/sounds/519174.m4a?1660329340,1,0,false,"Alma Bridge Rd, Los Gatos, CA, US",37.1967660444,-121.9834618487,4,4,Merriam's Chipmunk,Neotamias merriami,Merriam's Chipmunk,Mammalia,197810
130529553,edfbaaf7-6ba8-4732-947e-6be8e72e9283,2022-08-12 11:37:16-07:00,2022-08-12,2022-08-12 18:37:16 UTC,Pacific Time (US & Canada),research,CC-BY-NC,https://www.inaturalist.org/observations/130529553,,https://static.inaturalist.org/sounds/519176.m4a?1660329449,1,0,false,"Alma Bridge Rd, Los Gatos, CA, US",37.1967912852,-121.9834137292,4,4,Merriam's Chipmunk,Neotamias merriami,Merriam's Chipmunk,Mammalia,197810
130541349,010bb110-015d-4ca3-987c-2e3df44aa653,2022-08-12 13:13:14-07:00,2022-08-12,2022-08-12 20:13:14 UTC,Pacific Time (US & Canada),research,CC-BY-NC,https://www.inaturalist.org/observations/130541349,,https://static.inaturalist.org/sounds/519220.m4a?1660335245,1,0,false,"W Sunset Blvd, Los Angeles, CA, US",34.0409384974,-118.5525820851,4,4,California Ground Squirrel,Otospermophilus beecheyi,California Ground Squirrel,Mammalia,180007
130624776,c5ac1c79-6250-40ef-840b-f65e212a3e15,Sat Aug 13 2022 06:38:50 GMT-0700 (PDT),2022-08-13,2022-08-13 13:38:50 UTC,Pacific Time (US & Canada),research,CC-BY-NC-SA,https://www.inaturalist.org/observations/130624776,,https://static.inaturalist.org/sounds/519695.m4a?1660397948,1,0,false,"California, US",37.3939811208,-121.8601760557,4,28417,Coyote,Canis latrans,Coyote,Mammalia,42051
130625913,6594d711-4654-42e5-aaae-f94ba557506b,2022-08-13 06:48:05-07:00,2022-08-13,2022-08-13 13:48:05 UTC,Pacific Time (US & Canada),research,,https://www.inaturalist.org/observations/130625913,,https://static.inaturalist.org/sounds/519707.m4a?1660398570,1,0,false,"Watts Valley Rd, Tollhouse, CA, US",36.90415206,-119.4192435573,5,5,Coyote,Canis latrans,Coyote,Mammalia,42051
130811191,45929f62-bb78-4a57-b996-7cb9448e0a7d,2022-08-14 10:30:35-07:00,2022-08-14,2022-08-14 17:30:35 UTC,Pacific Time (US & Canada),research,CC-BY-NC,https://www.inaturalist.org/observations/130811191,https://inaturalist-open-data.s3.amazonaws.com/photos/222752275/medium.jpg,https://static.inaturalist.org/sounds/520971.m4a?1660575046,1,0,false,"Sue-meg State Park, Trinidad, CA, US",41.1389703126,-124.1588633673,4,4,Douglas' Squirrel,Tamiasciurus douglasii,Douglas's Squirrel,Mammalia,46259
130819719,59db098f-25f8-4da7-b8f3-019fb19437c2,2022-08-14 11:25:06-07:00,2022-08-14,2022-08-14 18:25:06 UTC,Pacific Time (US & Canada),research,CC-BY-NC-ND,https://www.inaturalist.org/observations/130819719,,https://static.inaturalist.org/sounds/520487.m4a?1660501526,1,0,false,"Lake Cunningham Park, San Jose, CA, US",37.337948537,-121.810348236,5,5,California Ground Squirrel,Otospermophilus beecheyi,California Ground Squirrel,Mammalia,180007
130999796,e111f344-86c0-4677-b59f-4588570727bc,Mon Aug 15 2022 15:58:20 GMT-0700 (PDT),2022-08-15,2022-08-15 22:58:20 UTC,Pacific Time (US & Canada),research,CC-BY-NC,https://www.inaturalist.org/observations/130999796,,https://static.inaturalist.org/sounds/521211.m4a?1660604312,2,0,false,"Fisherman's Shoreline Park, Monterey, CA, US",36.6044958914,-121.8941017986,3,3,California Sea Lion,Zalophus californianus,California Sea Lion,Mammalia,41740
131025090,c894f7b7-b6c1-4903-90a8-e5c7677b4152,2022-08-15 13:23:51-07:00,2022-08-15,2022-08-15 20:23:51 UTC,Pacific Time (US & Canada),research,CC-BY-NC,https://www.inaturalist.org/observations/131025090,https://inaturalist-open-data.s3.amazonaws.com/photos/222912214/medium.jpg,https://static.inaturalist.org/sounds/521324.m4a?1660618726,1,0,false,"Kings Canyon/sequoia, Kings Canyon National Park, Sequoia and Kings Canyon National Parks, Fresno County, US-CA, US",36.7466583333,-118.9727783333,5,5,Douglas' Squirrel,Tamiasciurus douglasii,Douglas's Squirrel,Mammalia,46259
131121379,898997d3-6648-4c4d-8a1a-26fecbb1360d,2022-08-16 14:14:58-07:00,2022-08-16,2022-08-16 21:14:58 UTC,Pacific Time (US & Canada),research,CC-BY,https://www.inaturalist.org/observations/131121379,,https://static.inaturalist.org/sounds/521670.m4a?1660684545,1,0,false,"Pacifica, CA, US",37.5686776187,-122.4879373323,4,4,Merriam's Chipmunk,Neotamias merriami,Merriam's Chipmunk,Mammalia,197810
131227100,85211d1c-4333-47cf-98f0-48a276a237a5,2022-08-17 07:29:34,2022-08-17,2022-08-17 14:29:34 UTC,Pacific Time (US & Canada),research,,https://www.inaturalist.org/observations/131227100,https://static.inaturalist.org/photos/223285563/medium.jpeg,https://static.inaturalist.org/sounds/522158.m4a?1660758374,1,0,false,"Shoreline Hwy & Sir Francis Drake Blvd, California 94950, USA",38.04301797,-122.79132507,16,16,Common Raccoon,Procyon lotor,Common Raccoon,Mammalia,41663
131302170,06f53d42-4de8-4441-a125-1df1aad114d8,2022/08/06 10:31 PM,2022-08-06,2022-08-07 05:31:00 UTC,Pacific Time (US & Canada),research,CC-BY-NC-SA,https://www.inaturalist.org/observations/131302170,https://inaturalist-open-data.s3.amazonaws.com/photos/223425819/medium.jpg,https://static.inaturalist.org/sounds/522406.wav?1660804697,1,0,false,"Del Norte County, US-CA, US",41.7330003286,-124.0664696039,10,27754,Mexican Free-tailed Bat,Tadarida brasiliensis,Mexican Free-tailed Bat,Mammalia,41301
131306199,eba913e1-27d0-400d-b09d-deae6de9ea87,2022/08/06 10:54 PM,2022-08-06,2022-08-07 05:54:00 UTC,Pacific Time (US & Canada),research,CC-BY-NC-SA,https://www.inaturalist.org/observations/131306199,https://inaturalist-open-data.s3.amazonaws.com/photos/223432550/medium.jpg,https://static.inaturalist.org/sounds/522425.wav?1660809363,1,0,false,"Del Norte County, US-CA, US",41.6618937584,-124.0817131984,10,27754,Hoary Bat,Lasiurus cinereus,Northern Hoary Bat,Mammalia,40523
131687489,bc2d55e9-07c1-413d-948b-b4dec211aba4,Sat Aug 20 2022 21:29:12 GMT-0700 (PDT),2022-08-20,2022-08-21 04:29:12 UTC,Pacific Time (US & Canada),research,CC-BY-NC-SA,https://www.inaturalist.org/observations/131687489,,https://static.inaturalist.org/sounds/524080.m4a?1661056168,1,0,false,"California, US",37.2470437522,-121.8523681903,4,28417,Coyote,Canis latrans,Coyote,Mammalia,42051
131813126,a8d5748c-3d54-4910-8ebd-122ecf3dfdcd,2022/08/21 6:36 AM,2022-08-21,2022-08-21 13:36:00 UTC,Pacific Time (US & Canada),research,CC-BY-NC,https://www.inaturalist.org/observations/131813126,,https://static.inaturalist.org/sounds/524498.m4a?1661122723,1,0,false,"London Way, Agua Caliente, CA, USA",38.3311628929,-122.4861210365,147,147,Coyote,Canis latrans,Coyote,Mammalia,42051
132223903,1cc031ff-e39c-4c4d-8fb1-62df4876f800,2022-08-24 19:04:03-07:00,2022-08-24,2022-08-25 02:04:03 UTC,Pacific Time (US & Canada),research,CC-BY-NC,https://www.inaturalist.org/observations/132223903,,https://static.inaturalist.org/sounds/526291.m4a?1661393125,2,0,false,"Hillslope Pl, Los Altos, CA, US",37.360690123,-122.1018288142,17,17,Eastern Gray Squirrel,Sciurus carolinensis,Eastern Gray Squirrel,Mammalia,46017
132871059,506ad694-fb31-4395-9264-e893a4e00ad9,2022-08-29 14:04:30-07:00,2022-08-29,2022-08-29 21:04:30 UTC,Pacific Time (US & Canada),research,CC-BY-NC,https://www.inaturalist.org/observations/132871059,https://inaturalist-open-data.s3.amazonaws.com/photos/226239079/medium.jpg,https://static.inaturalist.org/sounds/528430.m4a?1661807768,1,0,false,"W 119th Pl, Inglewood, CA, US",33.9241208454,-118.3727475792,20,20,Fox Squirrel,Sciurus niger,Eastern Fox Squirrel,Mammalia,46020
132903549,bda02b2d-435e-492e-b8a5-a1422543d2e4,2022-08-29 19:27:31,2022-08-29,2022-08-30 02:27:31 UTC,Pacific Time (US & Canada),research,CC-BY-NC,https://www.inaturalist.org/observations/132903549,,https://static.inaturalist.org/sounds/528563.wav?1661826543,1,0,false,"North Fair Oaks, CA, USA",37.47900499,-122.19652184,4,4,Eastern Gray Squirrel,Sciurus carolinensis,Eastern Gray Squirrel,Mammalia,46017
133008693,30e83163-96b3-4cb2-9dbf-b62a4c7ac482,2022/08/30 3:08 PM,2022-08-30,2022-08-30 22:08:00 UTC,Pacific Time (US & Canada),research,,https://www.inaturalist.org/observations/133008693,https://static.inaturalist.org/photos/226495035/medium.jpeg,https://static.inaturalist.org/sounds/528890.m4a?1661897309,1,0,false,"Ventura, CA, USA",34.2616403895,-119.2205891939,31,31,Fox Squirrel,Sciurus niger,Eastern Fox Squirrel,Mammalia,46020
133032102,b5f55b29-53de-48dd-8b5a-9b060b26055d,2022-08-30 09:04:19-07:00,2022-08-30,2022-08-30 16:04:19 UTC,Pacific Time (US & Canada),research,CC-BY-NC,https://www.inaturalist.org/observations/133032102,https://inaturalist-open-data.s3.amazonaws.com/photos/226539237/medium.jpg,https://static.inaturalist.org/sounds/528989.m4a?1661912030,1,0,false,"Lighthouse Ave, Pacific Grove, CA, US",36.6298333333,-121.9307333333,4,4,Fox Squirrel,Sciurus niger,Eastern Fox Squirrel,Mammalia,46020
133553442,919c72ea-7746-410b-8f15-ee681d826d4c,2022-09-03 07:58:17-07:00,2022-09-03,2022-09-03 14:58:17 UTC,Pacific Time (US & Canada),research,,https://www.inaturalist.org/observations/133553442,https://static.inaturalist.org/photos/227504420/medium.jpg,https://static.inaturalist.org/sounds/530572.m4a?1662255928,2,0,false,"Heather Farm Park, Walnut Creek, CA, US",37.9198159456,-122.043189023,90,90,North American River Otter,Lontra canadensis,North American River Otter,Mammalia,41777
133970540,102b24c3-43a6-40f5-856a-fbffd9be2f7b,2022-09-06 15:28:07-07:00,2022-09-06,2022-09-06 22:28:07 UTC,Pacific Time (US & Canada),research,CC-BY-NC,https://www.inaturalist.org/observations/133970540,,https://static.inaturalist.org/sounds/531871.m4a?1662503304,1,0,false,"The Marketplace at Redwood Shores, Redwood City, CA, US",37.5230410835,-122.2508073506,4,4,California Ground Squirrel,Otospermophilus beecheyi,California Ground Squirrel,Mammalia,180007
133986498,92f22cf0-aefe-47df-bc17-cf15a2ab6400,2022-09-06 18:02:48-07:00,2022-09-06,2022-09-07 01:02:48 UTC,Pacific Time (US & Canada),research,CC-BY-NC,https://www.inaturalist.org/observations/133986498,,https://static.inaturalist.org/sounds/531921.m4a?1662512801,2,1,false,"E 16th St, Arcata, CA, US",40.8714531224,-124.0755782772,66,66,Douglas's Ground Squirrel,Otospermophilus douglasii,Douglas's Ground Squirrel,Mammalia,1511713
134457761,2a2374ee-48d9-4668-a5e2-9ecfd231f670,2022-09-10 10:47:10,2022-09-10,2022-09-10 17:47:10 UTC,Pacific Time (US & Canada),research,CC-BY-NC,https://www.inaturalist.org/observations/134457761,,https://static.inaturalist.org/sounds/533653.wav?1662833258,2,0,false,"Edenvale, San Jose, CA, USA",37.26424245,-121.79227716,5,5,California Ground Squirrel,Otospermophilus beecheyi,California Ground Squirrel,Mammalia,180007
134784163,24147ea1-e04a-421a-a8d2-382b43893a34,2022-09-12 11:09:50-07:00,2022-09-12,2022-09-12 18:09:50 UTC,Pacific Time (US & Canada),research,CC-BY-NC,https://www.inaturalist.org/observations/134784163,https://inaturalist-open-data.s3.amazonaws.com/photos/229883990/medium.jpeg,https://static.inaturalist.org/sounds/534755.m4a?1663018308,1,0,false,"San Mateo County, US-CA, US",37.3792027771,-122.375008807,4,4,Merriam's Chipmunk,Neotamias merriami,Merriam's Chipmunk,Mammalia,197810
134822977,0c1fd986-d21a-461a-9f4f-e6dc0929d1cc,2022-09-12 15:35:00,2022-09-12,2022-09-12 22:35:00 UTC,Pacific Time (US & Canada),research,CC-BY-NC,https://www.inaturalist.org/observations/134822977,https://inaturalist-open-data.s3.amazonaws.com/photos/229873729/medium.jpeg,https://static.inaturalist.org/sounds/534979.wav?1663042133,2,0,false,"Kentfield, CA, USA",37.93814779,-122.56247713,9,9,Sonoma Chipmunk,Neotamias sonomae,Sonoma Chipmunk,Mammalia,225754
135051820,82218998-4bac-49cd-bf31-e61309759fdf,2022-09-10,2022-09-10,,Pacific Time (US & Canada),research,,https://www.inaturalist.org/observations/135051820,,https://static.inaturalist.org/sounds/535873.mp3?1663196347,1,0,false,Arcata Community Forest,40.8748553376,-124.0504288673,784,784,Douglas' Squirrel,Tamiasciurus douglasii,Douglas's Squirrel,Mammalia,46259
135172154,8f8d0148-60c0-42d9-9b28-65bde364178b,2022-09-15 13:59:44,2022-09-15,2022-09-15 20:59:44 UTC,Pacific Time (US & Canada),research,"",https://www.inaturalist.org/observations/135172154,https://static.inaturalist.org/photos/230510251/medium.jpeg,https://static.inaturalist.org/sounds/536292.wav?1663276821,2,0,false,"Trinidad, CA 95570, USA",41.06948202,-124.13884441,7,7,Douglas' Squirrel,Tamiasciurus douglasii,Douglas's Squirrel,Mammalia,46259
135439486,817d23d5-02c0-45e5-affb-a2ad4c12a507,2022-09-17 13:44:26-07:00,2022-09-17,2022-09-17 20:44:26 UTC,Pacific Time (US & Canada),research,CC-BY-NC,https://www.inaturalist.org/observations/135439486,,https://static.inaturalist.org/sounds/537286.m4a?1663452146,1,0,false,"Long Ridge Open Space Preserve, San Mateo County, US-CA, US",37.2677530727,-122.1637763322,4,4,Western Gray Squirrel,Sciurus griseus,Western Gray Squirrel,Mammalia,46023
135445680,ffcf7d73-f280-434c-b766-602f1c1cbd6e,2022/09/16 9:50 PM,2022-09-16,2022-09-17 04:50:00 UTC,Pacific Time (US & Canada),research,CC-BY-NC,https://www.inaturalist.org/observations/135445680,,https://static.inaturalist.org/sounds/537319.mp3?1663455342,1,0,false,"Anaheim Hills, Anaheim, CA, USA",33.841058945,-117.7595726997,58,58,Coyote,Canis latrans,Coyote,Mammalia,42051
136306201,c6de133d-f0cd-4a8a-bd1f-82c8db450d19,2022-09-24 10:13:04-07:00,2022-09-24,2022-09-24 17:13:04 UTC,Pacific Time (US & Canada),research,CC-BY,https://www.inaturalist.org/observations/136306201,https://static.inaturalist.org/photos/232608539/medium.jpg,https://static.inaturalist.org/sounds/540505.m4a?1664041034,1,0,false,"Garin/Dry Creek Regional Park, Alameda County, US-CA, US",37.6265716745,-122.029272394,5,5,California Ground Squirrel,Otospermophilus beecheyi,California Ground Squirrel,Mammalia,180007
136379010,8709009c-15bb-483a-b0fd-fe9f1ae502f2,2022/09/24 11:30 AM,2022-09-24,2022-09-24 18:30:00 UTC,Pacific Time (US & Canada),research,CC-BY,https://www.inaturalist.org/observations/136379010,,https://static.inaturalist.org/sounds/540820.wav?1664076182,1,0,false,"Fresno County, CA, USA",37.2942756101,-119.0885621139,50,50,American Pika,Ochotona princeps,American Pika,Mammalia,43188
136655919,4555b35c-2e36-450f-8a87-7f6d3e3da3df,2022-09-26 21:08:43-07:00,2022-09-26,2022-09-27 04:08:43 UTC,Pacific Time (US & Canada),research,CC-BY-NC,https://www.inaturalist.org/observations/136655919,,https://static.inaturalist.org/sounds/541747.m4a?1664251753,1,0,false,"Deer Hill Rd, Lafayette, CA, US",37.9015738327,-122.0995918876,35,35,Coyote,Canis latrans,Coyote,Mammalia,42051
136657169,b06e3c66-c8d4-4914-b760-39702f3ec623,2022/09/26 9:29 PM,2022-09-26,2022-09-27 04:29:00 UTC,Pacific Time (US & Canada),research,CC-BY-NC,https://www.inaturalist.org/observations/136657169,,https://static.inaturalist.org/sounds/541758.mp3?1664252965,1,0,false,"Turtle Rock, Irvine, CA, USA",33.6550682494,-117.8209606442,122,122,Coyote,Canis latrans,Coyote,Mammalia,42051
136962229,4006ec36-fbdb-4dac-9797-b18aff6f1133,2022-09-29 14:42:11-07:00,2022-09-29,2022-09-29 21:42:11 UTC,Pacific Time (US & Canada),research,CC-BY,https://www.inaturalist.org/observations/136962229,,https://static.inaturalist.org/sounds/542843.m4a?1664487750,1,0,false,"UC Riverside, Riverside, CA, US",33.9700915101,-117.327183335,8,8,California Ground Squirrel,Otospermophilus beecheyi,California Ground Squirrel,Mammalia,180007
137171877,09f09070-bc5a-41cd-829e-4125bca40700,2022-10-01 10:40:12-07:00,2022-10-01,2022-10-01 17:40:12 UTC,Pacific Time (US & Canada),research,CC-BY-NC,https://www.inaturalist.org/observations/137171877,https://inaturalist-open-data.s3.amazonaws.com/photos/234272199/medium.jpg,https://static.inaturalist.org/sounds/543855.m4a?1664658923,4,0,false,"Malibu Creek State Park, Calabasas, CA, US",34.0992241127,-118.7026587785,9,9,Coyote,Canis latrans,Coyote,Mammalia,42051
137186994,62d6f50e-2b4a-48fd-bd85-47ebae489bef,2022-10-01 12:35:00-07:00,2022-10-01,2022-10-01 19:35:00 UTC,Pacific Time (US & Canada),research,CC-BY-NC,https://www.inaturalist.org/observations/137186994,https://inaturalist-open-data.s3.amazonaws.com/photos/234249902/medium.jpg,https://static.inaturalist.org/sounds/543829.m4a?1664652991,1,0,false,"Los Gatos Almaden Rd, San Jose, CA, US",37.2434344562,-121.915052198,8,8,Eastern Gray Squirrel,Sciurus carolinensis,Eastern Gray Squirrel,Mammalia,46017
137325259,f283e60f-7afc-49c9-a05c-b6405a9856e9,2022-10-02 10:16:35-07:00,2022-10-02,2022-10-02 17:16:35 UTC,Pacific Time (US & Canada),research,CC-BY-NC,https://www.inaturalist.org/observations/137325259,,https://static.inaturalist.org/sounds/544281.m4a?1664740810,2,0,false,"Coyote Lake Harvey Bear Ranch County Park, Gilroy, CA, US",37.0709381427,-121.5253823901,5,5,California Ground Squirrel,Otospermophilus beecheyi,California Ground Squirrel,Mammalia,180007
137502514,589d968e-a786-47e2-8a8c-05046229a60f,2022-10-04 01:27:29-07:00,2022-10-04,2022-10-04 08:27:29 UTC,Pacific Time (US & Canada),research,CC-BY-NC,https://www.inaturalist.org/observations/137502514,,https://static.inaturalist.org/sounds/544807.m4a?1664872141,1,0,false,"Los Angeles County, US-CA, US",34.0157547129,-118.3439941215,14,28874,Coyote,Canis latrans,Coyote,Mammalia,42051
137605852,789ef007-c26e-4132-9c4c-8bcc4b40f06a,2022/09/04 8:50 PM,2022-09-04,2022-09-05 03:50:00 UTC,Pacific Time (US & Canada),research,CC-BY-NC-SA,https://www.inaturalist.org/observations/137605852,https://inaturalist-open-data.s3.amazonaws.com/photos/235048618/medium.jpg,https://static.inaturalist.org/sounds/545129.wav?1664947949,1,0,false,"Marin County, US-CA, US",38.0185110344,-122.8557200406,10,28300,Mexican Free-tailed Bat,Tadarida brasiliensis,Mexican Free-tailed Bat,Mammalia,41301
138071059,62231e31-a7bf-4fff-9637-656e704ef06e,2022/10/08 3:50 PM,2022-10-08,2022-10-08 22:50:00 UTC,Pacific Time (US & Canada),research,CC-BY-NC,https://www.inaturalist.org/observations/138071059,https://inaturalist-open-data.s3.amazonaws.com/photos/235923019/medium.jpg,https://static.inaturalist.org/sounds/546998.wav?1665286014,1,0,false,"Placer County, CA, USA",39.153437,-120.154698,,,Douglas' Squirrel,Tamiasciurus douglasii,Douglas's Squirrel,Mammalia,46259
138789300,8fdd7ee2-71e1-40a0-a357-5daa77f5ba58,2022-10-14 07:03:54,2022-10-14,2022-10-14 14:03:54 UTC,Pacific Time (US & Canada),research,,https://www.inaturalist.org/observations/138789300,,https://static.inaturalist.org/sounds/549597.wav?1665799541,1,0,false,"Lake Tahoe Basin Management Unit USFS, El Dorado County, US-CA, US",38.93542359,-120.05509276,4,4,Coyote,Canis latrans,Coyote,Mammalia,42051
138978292,94acf525-96c8-4db5-82c2-b1405145c0cc,2022-10-14 07:00:19-07:00,2022-10-14,2022-10-14 14:00:19 UTC,Pacific Time (US & Canada),research,CC-BY-NC-SA,https://www.inaturalist.org/observations/138978292,,https://static.inaturalist.org/sounds/550530.m4a?1665932810,1,0,false,"Lake Tahoe Basin Management Unit USFS, El Dorado County, US-CA, US",38.9353513453,-120.0551402756,9,9,Coyote,Canis latrans,Coyote,Mammalia,42051
139194240,4c15656b-5ff3-4ceb-8e9b-78f32b915d29,Mon Oct 17 2022 20:31:33 GMT-0700 (PDT),2022-10-17,2022-10-18 03:31:33 UTC,Pacific Time (US & Canada),research,CC-BY-NC-SA,https://www.inaturalist.org/observations/139194240,,https://static.inaturalist.org/sounds/551251.m4a?1666063997,1,0,false,"California, US",37.2925696209,-121.8389654935,5,28417,Coyote,Canis latrans,Coyote,Mammalia,42051
139573013,7e5a41f2-b9bf-4cb3-a665-9acf326bda2e,2022-10-21 15:08:10-07:00,2022-10-21,2022-10-21 22:08:10 UTC,Pacific Time (US & Canada),research,,https://www.inaturalist.org/observations/139573013,,https://static.inaturalist.org/sounds/552649.m4a?1666393407,1,0,false,"Humboldt County, US-CA, US",40.5682438386,-124.2549031585,4,4,Douglas' Squirrel,Tamiasciurus douglasii,Douglas's Squirrel,Mammalia,46259
139944988,da851817-50d0-46fb-aec6-c7d3ece28bf0,2022-10-24 19:31:00,2022-10-24,2022-10-25 02:31:00 UTC,Pacific Time (US & Canada),research,CC-BY-NC,https://www.inaturalist.org/observations/139944988,,https://static.inaturalist.org/sounds/554240.m4a?1666684655,1,0,false,"Rancho Peñasquitos, San Diego, CA, USA",32.9417097092,-117.1357738227,16,16,Coyote,Canis latrans,Coyote,Mammalia,42051
139970607,8745abd1-752c-4d3c-9e8c-8c0fd457d030,2022-10-25 04:28:00-07:00,2022-10-25,2022-10-25 11:28:00 UTC,Pacific Time (US & Canada),research,,https://www.inaturalist.org/observations/139970607,,https://static.inaturalist.org/sounds/554366.m4a?1666711801,1,0,false,"Lomitas Ave, Santa Rosa, CA, US",38.465726783,-122.7162221682,8,8,Gray Fox,Urocyon cinereoargenteus,Gray Fox,Mammalia,42076
140000737,d112334c-6247-4e4d-9fdc-d339ae87829e,2022-10-25 08:44:21-07:00,2022-10-25,2022-10-25 15:44:21 UTC,Pacific Time (US & Canada),research,CC-BY-NC,https://www.inaturalist.org/observations/140000737,https://static.inaturalist.org/photos/239569687/medium.jpg,https://static.inaturalist.org/sounds/554494.m4a?1666731531,2,0,false,"Griffith Park, Los Angeles, CA, US",34.1172379162,-118.2966455353,3,3,Coyote,Canis latrans,Coyote,Mammalia,42051
140032806,c552ec7b-ecff-4ea8-aed7-01fbd3a04214,2022-10-24 19:14:03-07:00,2022-10-24,2022-10-25 02:14:03 UTC,Pacific Time (US & Canada),research,CC-BY,https://www.inaturalist.org/observations/140032806,,https://static.inaturalist.org/sounds/554643.m4a?1666760475,1,0,false,"Japanese Tea Garden, San Francisco, CA, US",37.7697966015,-122.4708180596,8,8,Coyote,Canis latrans,Coyote,Mammalia,42051
140045866,d6b1d1ef-f404-4a7d-9995-01f83b1640a7,2022-10-26 03:39:41-07:00,2022-10-26,2022-10-26 10:39:41 UTC,Pacific Time (US & Canada),research,CC-BY-NC,https://www.inaturalist.org/observations/140045866,,https://static.inaturalist.org/sounds/554738.m4a?1666780816,2,0,false,"Terrace Rd, San Carlos, CA, US",37.4855746299,-122.2668534697,5,5,Coyote,Canis latrans,Coyote,Mammalia,42051
140542860,6316b3ff-f114-4329-a4fb-de059fbc76ab,2022/10/27 11:22 AM,2022-10-27,2022-10-27 18:22:00 UTC,Pacific Time (US & Canada),research,CC-BY-NC,https://www.inaturalist.org/observations/140542860,https://inaturalist-open-data.s3.amazonaws.com/photos/240582118/medium.jpeg,https://static.inaturalist.org/sounds/556779.mp3?1667151463,1,0,false,"Monterey County, CA, USA",36.2829194444,-121.849875,,,Merriam's Chipmunk,Neotamias merriami,Merriam's Chipmunk,Mammalia,197810
141095167,40bcc821-3480-4612-83da-99f623f2d227,2022/11/04 10:40 AM,2022-11-04,2022-11-04 17:40:00 UTC,Pacific Time (US & Canada),research,CC-BY-NC,https://www.inaturalist.org/observations/141095167,https://inaturalist-open-data.s3.amazonaws.com/photos/241633085/medium.jpg,https://static.inaturalist.org/sounds/559130.wav?1667591857,3,0,false,"North Arroyo, Pasadena, CA, USA",34.2001921995,-118.1647316749,31,31,California Ground Squirrel,Otospermophilus beecheyi,California Ground Squirrel,Mammalia,180007
141201766,3215940a-6843-45ca-bae3-24dcc939609b,2022-11-05 15:01:30-07:00,2022-11-05,2022-11-05 22:01:30 UTC,Pacific Time (US & Canada),research,CC-BY-NC,https://www.inaturalist.org/observations/141201766,,https://static.inaturalist.org/sounds/559622.m4a?1667685719,2,0,false,"N Arroyo Blvd, Pasadena, CA, US",34.1452582692,-118.1645981281,23,23,California Ground Squirrel,Otospermophilus beecheyi,California Ground Squirrel,Mammalia,180007
141285052,05970bc5-b3a3-49c7-ab50-80765e27b659,2022-11-06 09:46:35-08:00,2022-11-06,2022-11-06 17:46:35 UTC,Pacific Time (US & Canada),research,CC-BY-NC-SA,https://www.inaturalist.org/observations/141285052,https://inaturalist-open-data.s3.amazonaws.com/photos/242005789/medium.jpg,https://static.inaturalist.org/sounds/559978.m4a?1667757014,1,0,false,"California, US",36.5696577299,-121.8494509498,9,28534,Western Gray Squirrel,Sciurus griseus,Western Gray Squirrel,Mammalia,46023
141343940,f8a625f1-8bc4-42cc-8dae-9bc85667db7e,2022-11-06 12:26:26-08:00,2022-11-06,2022-11-06 20:26:26 UTC,Pacific Time (US & Canada),research,CC-BY-NC,https://www.inaturalist.org/observations/141343940,,https://static.inaturalist.org/sounds/560185.m4a?1667796474,1,0,false,"Monterey County, US-CA, US",36.2058948412,-121.7176886392,7,7,California Ground Squirrel,Otospermophilus beecheyi,California Ground Squirrel,Mammalia,180007
141431425,465175cf-d046-40ed-9705-d496ee9f65ad,2022-11-07 16:44:19,2022-11-07,2022-11-08 00:44:19 UTC,Pacific Time (US & Canada),research,,https://www.inaturalist.org/observations/141431425,,https://static.inaturalist.org/sounds/560662.wav?1667881980,1,0,false,"El Escorpion Park, Los Angeles County, US-CA, US",34.19533943,-118.66393785,4,4,Coyote,Canis latrans,Coyote,Mammalia,42051
141431426,a95b6d36-9eb8-410a-b916-7700419bbef6,2022-11-07 16:45:52,2022-11-07,2022-11-08 00:45:52 UTC,Pacific Time (US & Canada),research,,https://www.inaturalist.org/observations/141431426,,https://static.inaturalist.org/sounds/560663.wav?1667881983,1,0,false,"El Escorpion Park, Los Angeles County, US-CA, US",34.19546498,-118.66318006,6,6,Coyote,Canis latrans,Coyote,Mammalia,42051
141754111,b4343a0c-1592-4b46-9d63-309dc3915c8f,2022/11/11 3:18 PM,2022-11-11,2022-11-11 23:18:00 UTC,Pacific Time (US & Canada),research,CC-BY-NC,https://www.inaturalist.org/observations/141754111,https://inaturalist-open-data.s3.amazonaws.com/photos/242912514/medium.jpeg,https://static.inaturalist.org/sounds/562324.wav?1668225310,2,0,false,"Contra Costa County, CA, USA",37.8621934915,-121.7031785026,31,31,Coyote,Canis latrans,Coyote,Mammalia,42051
141861910,6b0d65bc-cf53-43fa-8b99-8468f15f6388,2022-10-15 23:09:18-07:00,2022-10-15,2022-10-16 06:09:18 UTC,Pacific Time (US & Canada),research,CC-BY-NC,https://www.inaturalist.org/observations/141861910,,https://static.inaturalist.org/sounds/562823.m4a?1668320293,1,0,false,"Mendocino National Forest, US-CA, US",39.4425929727,-122.954028072,20,20,Tule Elk,Cervus canadensis nannodes,Tule Elk,Mammalia,566549
141948640,01dfc18c-f740-41ec-b2c9-f9926259e148,2022/09/04 10:13 PM,2022-09-04,2022-09-05 05:13:00 UTC,Pacific Time (US & Canada),research,CC-BY-NC-SA,https://www.inaturalist.org/observations/141948640,https://inaturalist-open-data.s3.amazonaws.com/photos/243283477/medium.png,https://static.inaturalist.org/sounds/563171.wav?1668388879,1,0,false,"Marin County, US-CA, US",38.0944116084,-122.6829501294,10,28300,Mexican Free-tailed Bat,Tadarida brasiliensis,Mexican Free-tailed Bat,Mammalia,41301
141951255,f7bae990-5ecc-4a07-80a1-665b68eeefd3,2022/09/04 10:49 PM,2022-09-04,2022-09-05 05:49:00 UTC,Pacific Time (US & Canada),research,CC-BY-NC-SA,https://www.inaturalist.org/observations/141951255,https://inaturalist-open-data.s3.amazonaws.com/photos/243288804/medium.png,https://static.inaturalist.org/sounds/563185.wav?1668390689,1,0,false,"Marin County, US-CA, US",38.1131942973,-122.7515462056,10,28300,Big Brown Bat,Eptesicus fuscus,Big Brown Bat,Mammalia,40509
141952137,ec1690ea-ccb6-4d2c-9111-12339b699f94,2022/09/04 10:51 PM,2022-09-04,2022-09-05 05:51:00 UTC,Pacific Time (US & Canada),research,CC-BY-NC-SA,https://www.inaturalist.org/observations/141952137,https://inaturalist-open-data.s3.amazonaws.com/photos/243290161/medium.png,https://static.inaturalist.org/sounds/563188.wav?1668391154,1,0,false,"Marin County, US-CA, US",38.0004641409,-122.7195297012,10,28300,Big Brown Bat,Eptesicus fuscus,Big Brown Bat,Mammalia,40509
141952640,9371bf89-3b70-46a0-88a3-453453375c8d,2022/09/04 6:06 PM,2022-09-04,2022-09-05 01:06:00 UTC,Pacific Time (US & Canada),research,CC-BY-NC-SA,https://www.inaturalist.org/observations/141952640,https://inaturalist-open-data.s3.amazonaws.com/photos/243291560/medium.png,https://static.inaturalist.org/sounds/563190.wav?1668391618,1,0,false,"Marin County, US-CA, US",38.0163344652,-122.765436249,10,28300,Big Brown Bat,Eptesicus fuscus,Big Brown Bat,Mammalia,40509
141996940,d81c74fc-cd76-438d-9323-dccd4daf8a9d,2022-11-14 07:58:47-08:00,2022-11-14,2022-11-14 15:58:47 UTC,Pacific Time (US & Canada),research,CC-BY,https://www.inaturalist.org/observations/141996940,https://inaturalist-open-data.s3.amazonaws.com/photos/243374974/medium.jpg,https://static.inaturalist.org/sounds/563420.m4a?1668444051,2,0,false,"Santa Cruz Wharf, Santa Cruz, CA, US",36.9575092426,-122.0173162045,4,4,California Sea Lion,Zalophus californianus,California Sea Lion,Mammalia,41740
142112347,9b3d57e4-34a6-42b5-9544-87c6f09efe53,2022-11-15 17:42:04-08:00,2022-11-15,2022-11-16 01:42:04 UTC,Pacific Time (US & Canada),research,CC-BY-NC,https://www.inaturalist.org/observations/142112347,,https://static.inaturalist.org/sounds/563869.m4a?1668563002,1,0,false,"Shell Dr, Watsonville, CA, US",36.8845104689,-121.8276585306,4,4,Coyote,Canis latrans,Coyote,Mammalia,42051
142259993,d2be9281-92ac-436e-b3af-832cd1c7e807,2022/11/17 5:41 PM,2022-11-17,2022-11-18 01:41:00 UTC,Pacific Time (US & Canada),research,CC-BY-NC,https://www.inaturalist.org/observations/142259993,,https://static.inaturalist.org/sounds/564508.mp3?1668735687,1,0,false,"University Town Center, Irvine, CA 92612, USA",33.6550664631,-117.8282562553,244,244,Coyote,Canis latrans,Coyote,Mammalia,42051
142323447,894dca46-87fd-40ff-81fa-f8e3ecad4bcd,2022-11-18 13:18:24-08:00,2022-11-18,2022-11-18 21:18:24 UTC,Pacific Time (US & Canada),research,CC-BY-NC,https://www.inaturalist.org/observations/142323447,,https://static.inaturalist.org/sounds/564725.m4a?1668812046,1,0,false,"Dry Creek Pioneer Regional Park, Alameda County, US-CA, US",37.6074706109,-121.9984763269,26,26,California Ground Squirrel,Otospermophilus beecheyi,California Ground Squirrel,Mammalia,180007
142326834,f0b3f7c0-ada8-4736-9842-3f534a6b2652,2022/11/18 9:15 AM,2022-11-18,2022-11-18 17:15:00 UTC,Pacific Time (US & Canada),research,CC-BY-NC,https://www.inaturalist.org/observations/142326834,https://inaturalist-open-data.s3.amazonaws.com/photos/243985331/medium.jpg,https://static.inaturalist.org/sounds/564742.wav?1668815809,4,0,false,"Millard Canyon Creek, Altadena, CA, USA",34.2174542091,-118.1447961212,15,15,Western Gray Squirrel,Sciurus griseus,Western Gray Squirrel,Mammalia,46023
142582917,ca9f7dd3-2dbf-4123-b762-5136f2416007,2022/11/21 5:00 PM,2022-11-21,2022-11-22 01:00:00 UTC,Pacific Time (US & Canada),research,CC-BY-NC,https://www.inaturalist.org/observations/142582917,,https://static.inaturalist.org/sounds/565780.wav?1669092917,1,0,false,"South Arroyo, Pasadena, CA, USA",34.1396460453,-118.167358373,195,195,Coyote,Canis latrans,Coyote,Mammalia,42051
142956073,d7e52ed2-c0d6-4549-8d4e-78b9381b7dcf,2022-11-26 13:01:47-08:00,2022-11-26,2022-11-26 21:01:47 UTC,Pacific Time (US & Canada),research,CC-BY-NC,https://www.inaturalist.org/observations/142956073,,https://static.inaturalist.org/sounds/567456.m4a?1669496647,1,0,false,"South Coast Botanic Garden, Palos Verdes Peninsula, CA, US",33.7841603221,-118.3425070167,7,7,California Ground Squirrel,Otospermophilus beecheyi,California Ground Squirrel,Mammalia,180007
143369832,df6fa750-1677-44ba-acf6-81118b87a03e,2022-11-30 10:47:17,2022-11-30,2022-11-30 18:47:17 UTC,Pacific Time (US & Canada),research,CC0,https://www.inaturalist.org/observations/143369832,,https://static.inaturalist.org/sounds/568769.wav?1669834841,1,0,false,"Village Homes, Davis, CA 95616, USA",38.55257748,-121.78261812,7,7,Fox Squirrel,Sciurus niger,Eastern Fox Squirrel,Mammalia,46020
143700040,77f36291-d552-4e8d-b69a-95f7abf8ca46,2022/12/04 5:25pm,2022-12-04,2022-12-05 01:25:00 UTC,Pacific Time (US & Canada),research,CC-BY-NC,https://www.inaturalist.org/observations/143700040,,https://static.inaturalist.org/sounds/570083.m4a?1670212174,1,0,false,"Monterey County, CA, USA",36.637853801,-121.7382897827,206,206,Coyote,Canis latrans,Coyote,Mammalia,42051
143976936,0cd38fef-0a75-4ec7-9c52-2e6648c8ec36,2022-12-08 18:18:06-08:00,2022-12-08,2022-12-09 02:18:06 UTC,Pacific Time (US & Canada),research,CC-BY-NC,https://www.inaturalist.org/observations/143976936,,https://static.inaturalist.org/sounds/571303.m4a?1670552314,1,0,false,"Embarcadero, Morro Bay, CA, US",35.3651130366,-120.8533485259,9,9,California Sea Lion,Zalophus californianus,California Sea Lion,Mammalia,41740
143976989,680e4c9b-8758-461b-8d7d-35c118ec55fc,2022-12-08 18:19:24-08:00,2022-12-08,2022-12-09 02:19:24 UTC,Pacific Time (US & Canada),research,CC-BY-NC,https://www.inaturalist.org/observations/143976989,,https://static.inaturalist.org/sounds/571304.m4a?1670552391,1,0,false,"Embarcadero, Morro Bay, CA, US",35.3650746619,-120.8533721984,9,9,California Sea Lion,Zalophus californianus,California Sea Lion,Mammalia,41740
143977224,c0326e53-a245-4434-baca-f2fd66f3078d,2022-12-08 18:23:38,2022-12-08,2022-12-09 02:23:38 UTC,Pacific Time (US & Canada),research,CC-BY-NC,https://www.inaturalist.org/observations/143977224,,https://static.inaturalist.org/sounds/571306.wav?1670552686,1,0,false,"Embarcadero at Pacific, Morro Bay, CA 93442, USA",35.3650022,-120.8533799,13,13,California Sea Lion,Zalophus californianus,California Sea Lion,Mammalia,41740
143977450,e0e2f26f-7a1d-40a7-8b1e-5ce3197481f6,2022-12-08 18:31:00,2022-12-08,2022-12-09 02:31:00 UTC,Pacific Time (US & Canada),research,CC-BY-NC,https://www.inaturalist.org/observations/143977450,,https://static.inaturalist.org/sounds/571307.m4a?1670553044,1,0,false,"Embarcadero at Pacific, Morro Bay, CA 93442, USA",35.3650559516,-120.8534995839,9,9,California Sea Lion,Zalophus californianus,California Sea Lion,Mammalia,41740
144082918,0297cca7-0e23-4bd6-a5be-49db7e86cb14,2022-12-02 12:30:00,2022-12-02,2022-12-02 20:30:00 UTC,Pacific Time (US & Canada),research,CC-BY-NC,https://www.inaturalist.org/observations/144082918,,https://static.inaturalist.org/sounds/571729.wav?1670691040,1,0,false,"North Arroyo, Pasadena, CA, USA",34.2044516335,-118.1658369675,193,193,California Ground Squirrel,Otospermophilus beecheyi,California Ground Squirrel,Mammalia,180007
144326668,ec72909a-7b18-4f72-b00d-8ebe6c64385d,2022-12-13 15:57:32-08:00,2022-12-13,2022-12-13 23:57:32 UTC,Pacific Time (US & Canada),research,CC-BY,https://www.inaturalist.org/observations/144326668,https://inaturalist-open-data.s3.amazonaws.com/photos/247708509/medium.jpeg,https://static.inaturalist.org/sounds/572721.m4a?1670975857,1,0,false,"Sibley Volcanic Regional Preserve, Oakland, CA, US",37.8555480491,-122.1965093117,4,4,Coyote,Canis latrans,Coyote,Mammalia,42051
144326859,c71e6eb6-168a-4a37-9c19-0879836ab164,2022-12-13 16:00:42-08:00,2022-12-13,2022-12-14 00:00:42 UTC,Pacific Time (US & Canada),research,CC-BY,https://www.inaturalist.org/observations/144326859,https://inaturalist-open-data.s3.amazonaws.com/photos/247708394/medium.jpeg,https://static.inaturalist.org/sounds/572722.m4a?1670976050,1,0,false,"Sibley Volcanic Regional Preserve, Oakland, CA, US",37.85564602,-122.195503208,6,6,Coyote,Canis latrans,Coyote,Mammalia,42051
144345981,5fd7736f-e304-4ecf-b600-c0cc22ba6481,2022-12-13 23:04:39-08:00,2022-12-13,2022-12-14 07:04:39 UTC,Pacific Time (US & Canada),research,CC-BY-NC,https://www.inaturalist.org/observations/144345981,,https://static.inaturalist.org/sounds/572797.m4a?1671001508,1,0,false,"Los Angeles Zoo, Los Angeles, CA, US",34.1471958899,-118.2865790702,24,24,Coyote,Canis latrans,Coyote,Mammalia,42051
144403688,f074885b-3cb6-484f-bbb2-ce50742fd447,2022/12/14 4:55 PM,2022-12-14,2022-12-15 00:55:00 UTC,Pacific Time (US & Canada),research,CC-BY,https://www.inaturalist.org/observations/144403688,,https://static.inaturalist.org/sounds/573096.m4a?1671083416,1,0,false,"Golden Gate Park, San Francisco, CA, USA",37.7694633551,-122.4615690672,8,8,Coyote,Canis latrans,Coyote,Mammalia,42051
144498972,e7446d7b-7958-463b-a513-dde2ba8b712e,2022-12-16 14:10:11-08:00,2022-12-16,2022-12-16 22:10:11 UTC,Pacific Time (US & Canada),research,CC-BY,https://www.inaturalist.org/observations/144498972,,https://static.inaturalist.org/sounds/573564.m4a?1671228745,1,0,false,"Tamarind St, Pacifica, CA, US",37.5449854927,-122.5063486119,3,3,Western Gray Squirrel,Sciurus griseus,Western Gray Squirrel,Mammalia,46023
144505992,ff9a13f0-26b2-4461-8589-3e7b8e674f51,2022-12-16 13:17:17-08:00,2022-12-16,2022-12-16 21:17:17 UTC,Pacific Time (US & Canada),research,,https://www.inaturalist.org/observations/144505992,,https://static.inaturalist.org/sounds/573631.m4a?1671237001,2,0,false,"Sanborn County Park, Saratoga, CA, US",37.2346008104,-122.0609505383,9,9,Merriam's Chipmunk,Neotamias merriami,Merriam's Chipmunk,Mammalia,197810
144512501,e956ed79-23c4-41ec-9384-331f78414cef,2022-12-16 18:58:19-08:00,2022-12-16,2022-12-17 02:58:19 UTC,Pacific Time (US & Canada),research,,https://www.inaturalist.org/observations/144512501,,https://static.inaturalist.org/sounds/573668.m4a?1671245917,2,0,false,"Golden Gate Park, San Francisco, CA, US",37.7697225969,-122.4639937348,5,5,Coyote,Canis latrans,Coyote,Mammalia,42051
144658126,41d3692f-3466-44b5-a4ab-db034b20799d,2022/12/18 10:15 AM,2022-12-18,2022-12-18 18:15:00 UTC,Pacific Time (US & Canada),research,CC-BY-NC,https://www.inaturalist.org/observations/144658126,,https://static.inaturalist.org/sounds/574274.wav?1671443130,1,0,false,"California, US",37.4643083,-121.87510621,,,Coyote,Canis latrans,Coyote,Mammalia,42051
144658351,1d775117-0e3d-473f-937c-2c6951672d1f,2022/12/18 9:06 AM,2022-12-18,2022-12-18 17:06:00 UTC,Pacific Time (US & Canada),research,CC-BY-NC,https://www.inaturalist.org/observations/144658351,,https://static.inaturalist.org/sounds/574281.wav?1671443534,1,0,false,"Ed R. Levin County Park, CA, USA",37.4647198899,-121.87535607,,,Coyote,Canis latrans,Coyote,Mammalia,42051
144703960,00f80a94-fbee-44fc-a77d-1fa375af4214,2022/12/19 9:15 AM,2022-12-19,2022-12-19 17:15:00 UTC,Pacific Time (US & Canada),research,CC-BY-NC,https://www.inaturalist.org/observations/144703960,,https://static.inaturalist.org/sounds/574519.wav?1671500790,1,0,false,"San Mateo County, CA, USA",37.3666015484,-122.2545378244,31,31,Western Gray Squirrel,Sciurus griseus,Western Gray Squirrel,Mammalia,46023
144959752,17f4f5f0-8df5-4891-a9f2-553e672a686e,2022/12/23 6:53 PM,2022-12-23,2022-12-24 02:53:00 UTC,Pacific Time (US & Canada),research,CC-BY-NC,https://www.inaturalist.org/observations/144959752,,https://static.inaturalist.org/sounds/575748.mp3?1671850441,1,0,false,"Turtle Rock, Irvine, CA, USA",33.655389866,-117.8212201278,130,130,Coyote,Canis latrans,Coyote,Mammalia,42051
145279394,6fb73a62-d996-40fe-a8e5-23d3bb92bf64,2022/12/28 10:42 AM,2022-12-28,2022-12-28 18:42:00 UTC,Pacific Time (US & Canada),research,CC-BY-NC,https://www.inaturalist.org/observations/145279394,https://inaturalist-open-data.s3.amazonaws.com/photos/249530843/medium.jpg,https://static.inaturalist.org/sounds/577801.mp3?1672256049,2,0,false,"Reseda, Los Angeles, CA, USA",34.1929535759,-118.5203901844,21,21,Fox Squirrel,Sciurus niger,Eastern Fox Squirrel,Mammalia,46020
145694445,50f9cdcd-8d5e-444c-8908-16a242a7cba8,2023/01/02 8:39 AM,2023-01-02,2023-01-02 16:39:00 UTC,Pacific Time (US & Canada),research,CC-BY-NC,https://www.inaturalist.org/observations/145694445,,https://static.inaturalist.org/sounds/580203.wav?1672693235,1,0,false,"Santa Cruz, CA, USA",36.9526037566,-122.0296469415,15,15,California Sea Lion,Zalophus californianus,California Sea Lion,Mammalia,41740
145868221,2a4b27f8-716b-4e43-90a0-6d2dc7cbe826,2023/01/03 1:38PM,2023-01-03,2023-01-03 21:38:00 UTC,Pacific Time (US & Canada),research,CC-BY,https://www.inaturalist.org/observations/145868221,https://inaturalist-open-data.s3.amazonaws.com/photos/250650921/medium.gif,https://static.inaturalist.org/sounds/581289.mp3?1672886470,4,0,false,"Ventura County, US-CA, US",34.159875,-119.222381,,,California Sea Lion,Zalophus californianus,California Sea Lion,Mammalia,41740
146066813,ac0b6a02-ffb1-40e5-a062-ddb007b260f0,2023-01-07 13:22:11,2023-01-07,2023-01-07 21:22:11 UTC,Pacific Time (US & Canada),research,CC0,https://www.inaturalist.org/observations/146066813,,https://static.inaturalist.org/sounds/582299.wav?1673126648,1,0,false,"Merced, CA, US",37.18392004,-120.6012717,9,9,Otospermophilus beecheyi,Otospermophilus beecheyi,California Ground Squirrel,Mammalia,180007
146242578,525e483e-6daa-4144-aaee-8ffdcdbee912,2023-01-09,2023-01-09,,Pacific Time (US & Canada),research,CC-BY,https://www.inaturalist.org/observations/146242578,https://inaturalist-open-data.s3.amazonaws.com/photos/251384403/medium.jpeg,https://static.inaturalist.org/sounds/583150.wav?1673314529,1,0,false,Walker Creek Ranch and Conference Center,38.1735686837,-122.814113237,186,186,Gray Fox,Urocyon cinereoargenteus,Gray Fox,Mammalia,42076
146312198,2e19ba70-6459-49ba-9335-56f7797c04dc,2023/01/08 4:57 PM,2023-01-08,2023-01-09 00:57:00 UTC,Pacific Time (US & Canada),research,CC-BY-NC,https://www.inaturalist.org/observations/146312198,https://inaturalist-open-data.s3.amazonaws.com/photos/251517541/medium.jpeg,https://static.inaturalist.org/sounds/583502.m4a?1673407476,2,0,false,"Monterey County, CA, USA",36.6336964462,-121.7510314735,4,4,Coyote,Canis latrans,Coyote,Mammalia,42051
146312622,0f23007e-2814-400c-a4c5-50dcad619729,2023/01/08 5:01 PM,2023-01-08,2023-01-09 01:01:00 UTC,Pacific Time (US & Canada),research,CC-BY-NC,https://www.inaturalist.org/observations/146312622,https://inaturalist-open-data.s3.amazonaws.com/photos/251518661/medium.jpeg,https://static.inaturalist.org/sounds/583503.m4a?1673407524,2,0,false,"Monterey County, CA, USA",36.6324394441,-121.7504789385,4,4,Coyote,Canis latrans,Coyote,Mammalia,42051
146795481,c122128b-92c8-4ade-b8ad-5752d2d94786,2023-01-17 16:59:23,2023-01-17,2023-01-18 00:59:23 UTC,Pacific Time (US & Canada),research,CC-BY-NC,https://www.inaturalist.org/observations/146795481,,https://static.inaturalist.org/sounds/585869.wav?1674003597,1,0,false,"Golden Gate Park, San Francisco, CA, USA",37.7702266667,-122.4608266667,8,8,Coyote,Canis latrans,Coyote,Mammalia,42051
146993902,7336d924-2b28-48ac-8d92-b1a0614e8325,2023-01-20 17:08:22-08:00,2023-01-20,2023-01-21 01:08:22 UTC,Pacific Time (US & Canada),research,CC-BY-NC,https://www.inaturalist.org/observations/146993902,,https://static.inaturalist.org/sounds/586881.m4a?1674274850,1,0,false,"Millar Ranch Rd, Spring Valley, CA, US",32.7156114948,-116.9236196464,4,4,Coyote,Canis latrans,Coyote,Mammalia,42051
147191688,e72f6451-721d-4556-bb77-1c91e1741ca0,2023-01-23 05:10:51,2023-01-23,2023-01-23 13:10:51 UTC,Pacific Time (US & Canada),research,CC-BY-NC,https://www.inaturalist.org/observations/147191688,,https://static.inaturalist.org/sounds/587925.wav?1674479566,1,0,false,"Orcutt, CA 93455, USA",34.89118701,-120.49852303,5,5,Coyote,Canis latrans,Coyote,Mammalia,42051
147355775,6e485533-85ac-471d-85bb-f26a1d5be59a,2021/10/06 11:20 AM,2021-10-06,2021-10-06 18:20:00 UTC,Pacific Time (US & Canada),research,CC-BY,https://www.inaturalist.org/observations/147355775,https://inaturalist-open-data.s3.amazonaws.com/photos/253546027/medium.jpeg,https://static.inaturalist.org/sounds/588980.m4a?1674694174,1,0,false,"Hendy Woods State Park, California, USA",39.0779710999,-123.475311,7,7,Western Gray Squirrel,Sciurus griseus,Western Gray Squirrel,Mammalia,46023
147361672,2112a959-222a-45ae-bfdd-7476a98a6ef0,2021/10/06 11:10 AM,2021-10-06,2021-10-06 18:10:00 UTC,Pacific Time (US & Canada),research,CC-BY,https://www.inaturalist.org/observations/147361672,https://inaturalist-open-data.s3.amazonaws.com/photos/253557744/medium.jpeg,https://static.inaturalist.org/sounds/588983.m4a?1674694307,2,0,false,"Hendy Woods State Park, California, USA",39.0767875,-123.4759283,7,7,Yellow-cheeked Chipmunk,Neotamias ochrogenys,Yellow-cheeked Chipmunk,Mammalia,225745
147402639,d28f8306-a10e-4f4a-b93c-00f574287c8f,2023-01-26 09:24:54-08:00,2023-01-26,2023-01-26 17:24:54 UTC,Pacific Time (US & Canada),research,CC-BY-NC,https://www.inaturalist.org/observations/147402639,,https://static.inaturalist.org/sounds/589156.m4a?1674753920,1,0,false,"Alma Bridge Rd, Los Gatos, CA, US",37.1809140513,-121.9849990963,4,4,Merriam's Chipmunk,Neotamias merriami,Merriam's Chipmunk,Mammalia,197810
147588874,990a1cc3-1234-4772-971e-90e715f36fd0,2023-01-28 21:05:05-08:00,2023-01-28,2023-01-29 05:05:05 UTC,Pacific Time (US & Canada),research,CC-BY-NC,https://www.inaturalist.org/observations/147588874,,https://static.inaturalist.org/sounds/590528.m4a?1675035788,1,0,false,"Santa Rosa and San Jacinto Mountains National Monument, Palm Desert, CA, US",33.6696777446,-116.4052399917,4,4,Coyote,Canis latrans,Coyote,Mammalia,42051
147879407,4f80fab6-5c9c-424c-b889-b55e75ee2bdf,2023-02-02 01:31:06,2023-02-02,2023-02-02 09:31:06 UTC,Pacific Time (US & Canada),research,CC-BY-NC,https://www.inaturalist.org/observations/147879407,,https://static.inaturalist.org/sounds/591822.m4a?1675330329,1,0,false,"University City, San Diego, CA, USA",32.8746867,-117.2224867,22,22,Coyote,Canis latrans,Coyote,Mammalia,42051
147906236,181c645a-88aa-424b-aa0c-c85009925a90,2023-02-02 12:04:07-08:00,2023-02-02,2023-02-02 20:04:07 UTC,Pacific Time (US & Canada),research,CC-BY-NC,https://www.inaturalist.org/observations/147906236,,https://static.inaturalist.org/sounds/592010.m4a?1675368303,1,0,false,"Bridgewood, Irvine, CA, US",33.6805277602,-117.7981545627,4,4,Fox Squirrel,Sciurus niger,Eastern Fox Squirrel,Mammalia,46020
148000957,0240b2f7-c1f4-4761-8fe1-727908a27cdd,2023-02-03 22:27:43-08:00,2023-02-03,2023-02-04 06:27:43 UTC,Pacific Time (US & Canada),research,,https://www.inaturalist.org/observations/148000957,,https://static.inaturalist.org/sounds/592486.m4a?1675492088,1,0,false,"Chablis Way, Cloverdale, CA, US",38.7930409145,-123.0270414174,9,9,Coyote,Canis latrans,Coyote,Mammalia,42051
148085813,5ce40f82-270a-4764-a634-a356fb8ede5f,2023-01-27 21:56:32-08:00,2023-01-27,2023-01-28 05:56:32 UTC,Pacific Time (US & Canada),research,CC-BY-NC,https://www.inaturalist.org/observations/148085813,,https://static.inaturalist.org/sounds/593036.m4a?1675587682,1,0,false,"Road D, Redwood Valley, CA, US",39.2694345396,-123.1982660015,6,6,Coyote,Canis latrans,Coyote,Mammalia,42051
148253219,805d0629-0589-433f-a8b4-51273529f8d4,2023-02-07 07:02:41-08:00,2023-02-07,2023-02-07 15:02:41 UTC,Pacific Time (US & Canada),research,CC-BY-NC,https://www.inaturalist.org/observations/148253219,,https://static.inaturalist.org/sounds/594046.m4a?1675782352,1,0,false,"Irvine Regional Park, Orange, CA, US",33.7939355011,-117.7427795498,6,6,Coyote,Canis latrans,Coyote,Mammalia,42051
148657779,4f7ba179-1070-481f-9328-ca99b8ee4372,2023-02-12 13:48:20-08:00,2023-02-12,2023-02-12 21:48:20 UTC,Pacific Time (US & Canada),research,CC-BY-NC,https://www.inaturalist.org/observations/148657779,,https://static.inaturalist.org/sounds/596891.m4a?1676252586,1,0,false,"Chino Hills, Chino Hills State Park, Orange County, US-CA, US",33.9140945301,-117.7891958133,3,3,California Ground Squirrel,Otospermophilus beecheyi,California Ground Squirrel,Mammalia,180007
148776393,b6d1927d-215c-4923-95cc-dd3b472a4f8e,2023-02-14 11:06:41-08:00,2023-02-14,2023-02-14 19:06:41 UTC,Pacific Time (US & Canada),research,CC-BY-NC,https://www.inaturalist.org/observations/148776393,https://inaturalist-open-data.s3.amazonaws.com/photos/256264492/medium.jpg,https://static.inaturalist.org/sounds/597729.m4a?1676401802,3,0,false,"Regents Park Cir, Santa Clarita, CA, US",34.4013972875,-118.5595848589,5,5,California Ground Squirrel,Otospermophilus beecheyi,California Ground Squirrel,Mammalia,180007
148804611,569a0ddd-0ed9-4feb-808b-740507f28334,2023-02-14 17:23:09-08:00,2023-02-14,2023-02-15 01:23:09 UTC,Pacific Time (US & Canada),research,CC-BY-NC,https://www.inaturalist.org/observations/148804611,https://inaturalist-open-data.s3.amazonaws.com/photos/256318101/medium.jpg,https://static.inaturalist.org/sounds/597889.m4a?1676432073,1,0,false,"Griffith Park, Los Angeles, CA, US",34.133732915,-118.2896134538,4,4,Fox Squirrel,Sciurus niger,Eastern Fox Squirrel,Mammalia,46020
149092946,12397027-79a9-4a51-a562-f26a4f1ade17,2023-02-18 17:28:34,2023-02-18,2023-02-19 01:28:34 UTC,Pacific Time (US & Canada),research,CC-BY-NC,https://www.inaturalist.org/observations/149092946,https://inaturalist-open-data.s3.amazonaws.com/photos/256857524/medium.jpeg,https://static.inaturalist.org/sounds/600062.wav?1676770407,3,0,false,"Village of La Jolla, San Diego, CA 92037, USA",32.85060129,-117.27407542,3,3,California Sea Lion,Zalophus californianus,California Sea Lion,Mammalia,41740
149347060,ce28e6cc-a40d-49e1-95a1-9b6d7134c630,2023/02/20 5:29 PM,2023-02-20,2023-02-21 01:29:00 UTC,Pacific Time (US & Canada),research,CC-BY-NC,https://www.inaturalist.org/observations/149347060,,https://static.inaturalist.org/sounds/601965.m4a?1677009699,1,0,false,"Sycamore Canyon Park, Riverside, CA, USA",33.9368428046,-117.31320831,52,52,Coyote,Canis latrans,Coyote,Mammalia,42051
149437488,43fc179b-5b28-459c-b484-b8f87a10e2dd,2022/11/01 1:06 PM,2022-11-01,2022-11-01 20:06:00 UTC,Pacific Time (US & Canada),research,CC-BY-NC,https://www.inaturalist.org/observations/149437488,,https://static.inaturalist.org/sounds/602638.wav?1677107209,1,0,false,"San Diego County, US-CA, US",32.8559825466,-117.2951177627,4,29039,Coyote,Canis latrans,Coyote,Mammalia,42051
149467501,0d9af1db-56c5-465a-b1f1-da7df3f5b2f0,2023/02/18 12:44 PM,2023-02-18,2023-02-18 20:44:00 UTC,Pacific Time (US & Canada),research,CC-BY,https://www.inaturalist.org/observations/149467501,https://inaturalist-open-data.s3.amazonaws.com/photos/257562725/medium.png,https://static.inaturalist.org/sounds/602863.m4a?1677148231,1,0,false,"Almaden Quicksilver County Park, San Jose, California, USA",37.213747,-121.879851,105,105,California Ground Squirrel,Otospermophilus beecheyi,California Ground Squirrel,Mammalia,180007
149599777,61dcc743-30c2-40b7-9c2a-080ef692a7b9,2023-02-24 17:28:22-08:00,2023-02-24,2023-02-25 01:28:22 UTC,Pacific Time (US & Canada),research,CC-BY-NC,https://www.inaturalist.org/observations/149599777,,https://static.inaturalist.org/sounds/603860.m4a?1677288519,1,0,false,"George Miller Trail, Martinez, CA, US",38.0348978311,-122.1756396865,4,4,Coyote,Canis latrans,Coyote,Mammalia,42051
149676992,bf186fce-7b7b-4268-b852-a136e8824cc9,2022/03/31 1:31 PM,2022-03-31,2022-03-31 20:31:00 UTC,Pacific Time (US & Canada),research,CC-BY-NC,https://www.inaturalist.org/observations/149676992,,https://static.inaturalist.org/sounds/604466.wav?1677366305,1,0,false,Jack's Peak,36.562635,-121.87069,2,2,Western Gray Squirrel,Sciurus griseus,Western Gray Squirrel,Mammalia,46023
150208620,ed80dcf5-90ff-41b2-a6fe-c0f71d48b5bd,2023-03-04 05:54:42-08:00,2023-03-04,2023-03-04 13:54:42 UTC,Pacific Time (US & Canada),research,CC-BY-NC,https://www.inaturalist.org/observations/150208620,,https://static.inaturalist.org/sounds/608168.m4a?1677938154,2,0,false,"Rango Way, Borrego Springs, CA, US",33.2269474336,-116.3351610454,4,4,Coyote,Canis latrans,Coyote,Mammalia,42051
150231590,7b7d9c60-4cae-4686-9d67-4ee67905bc2b,2023-03-04 10:43:10-08:00,2023-03-04,2023-03-04 18:43:10 UTC,Pacific Time (US & Canada),research,CC-BY,https://www.inaturalist.org/observations/150231590,,https://static.inaturalist.org/sounds/608333.m4a?1677955399,1,0,false,"Sequoia High School, Redwood City, CA, US",37.4844521843,-122.2384877132,3,3,California Ground Squirrel,Otospermophilus beecheyi,California Ground Squirrel,Mammalia,180007
150286291,3d27d52a-2770-4cdf-8514-dc385aaf05b9,2023-03-04 18:20:23-08:00,2023-03-04,2023-03-05 02:20:23 UTC,Pacific Time (US & Canada),research,,https://www.inaturalist.org/observations/150286291,,https://static.inaturalist.org/sounds/608769.m4a?1678000057,1,0,false,"Point Reyes National Seashore, Marin County, US-CA, US",37.9974325268,-122.9822282241,4,4,Northern Elephant Seal,Mirounga angustirostris,Northern Elephant Seal,Mammalia,41728
150554882,37e51c07-bc21-4a65-80ed-55bd0643275a,2023/03/05 6:02 PM,2023-03-05,2023-03-06 02:02:00 UTC,Pacific Time (US & Canada),research,CC-BY-NC,https://www.inaturalist.org/observations/150554882,,https://static.inaturalist.org/sounds/610843.m4a?1678258845,1,0,false,"Live Oak Canyon, Redlands, CA, USA",34.0056,-117.1241,,,Coyote,Canis latrans,Coyote,Mammalia,42051
150611297,ee143e7c-1ce2-4da5-96d3-97eb1b190387,2023-03-08 14:58:08-08:00,2023-03-08,2023-03-08 22:58:08 UTC,Pacific Time (US & Canada),research,,https://www.inaturalist.org/observations/150611297,https://static.inaturalist.org/photos/259736523/medium.jpg,https://static.inaturalist.org/sounds/611270.m4a?1678317114,1,0,false,"Lafayette Reservoir, Lafayette, CA, US",37.877853712,-122.1456153651,4,4,North American River Otter,Lontra canadensis,North American River Otter,Mammalia,41777
150621952,b83f92fc-71e1-408a-9d77-b604618de21a,2023-03-08 18:01:13-08:00,2023-03-08,2023-03-09 02:01:13 UTC,Pacific Time (US & Canada),research,CC-BY-NC,https://www.inaturalist.org/observations/150621952,,https://static.inaturalist.org/sounds/611368.m4a?1678336444,1,0,false,"Jamul Dr, Jamul, CA, US",32.729520262,-116.872272919,4,4,Coyote,Canis latrans,Coyote,Mammalia,42051
150703939,4314cbf3-f0b4-4fc7-a1ce-84a1527d9937,2023-03-09 18:33:03,2023-03-09,2023-03-10 02:33:03 UTC,Pacific Time (US & Canada),research,,https://www.inaturalist.org/observations/150703939,,https://static.inaturalist.org/sounds/611967.m4a?1678415808,1,0,false,"Los Angeles County, US-CA, US",34.1726653,-118.04614956,5,5,Coyote,Canis latrans,Coyote,Mammalia,42051
150789369,82e43d5b-e50f-41c2-a13c-25bd067e433f,2023-03-10 14:50:48-08:00,2023-03-10,2023-03-10 22:50:48 UTC,Pacific Time (US & Canada),research,CC-BY-NC,https://www.inaturalist.org/observations/150789369,https://inaturalist-open-data.s3.amazonaws.com/photos/260076719/medium.jpg,https://static.inaturalist.org/sounds/613254.m4a?1678595614,2,0,false,"Otay Mesa, San Diego, CA, US",32.5614366667,-117.0168138333,,,California Ground Squirrel,Otospermophilus beecheyi,California Ground Squirrel,Mammalia,180007
151033483,d42a5a97-b512-49a7-a59a-6e2bd375b9cb,2023-03-13 06:45:53-07:00,2023-03-13,2023-03-13 13:45:53 UTC,Pacific Time (US & Canada),research,CC-BY-NC,https://www.inaturalist.org/observations/151033483,,https://static.inaturalist.org/sounds/614190.m4a?1678715225,1,0,false,"Irvine Regional Park, Orange, CA, US",33.7985385724,-117.7574605217,20,20,Coyote,Canis latrans,Coyote,Mammalia,42051
151892125,89a9ab31-30ca-4abe-9199-a922c506ca40,2022/12/03 7:22 PM,2022-12-03,2022-12-04 03:22:00 UTC,Pacific Time (US & Canada),research,CC-BY-ND,https://www.inaturalist.org/observations/151892125,,https://static.inaturalist.org/sounds/620447.mp3?1679452003,1,0,false,"Humboldt County, CA, USA",40.1338948582,-123.8286604293,15,15,Douglas' Squirrel,Tamiasciurus douglasii,Douglas's Squirrel,Mammalia,46259
151953978,4604248f-75e6-4dbe-9d79-3cea9aa07c5b,2023-03-22 12:31:07-07:00,2023-03-22,2023-03-22 19:31:07 UTC,Pacific Time (US & Canada),research,CC-BY,https://www.inaturalist.org/observations/151953978,,https://static.inaturalist.org/sounds/621087.m4a?1679513490,2,0,false,"Balboa Park, San Diego, CA, US",32.7334596729,-117.1575867199,5,5,California Ground Squirrel,Otospermophilus beecheyi,California Ground Squirrel,Mammalia,180007
152300671,971310fe-ffff-4ea5-977d-4553c6e82ddf,2023-03-24 10:36:39,2023-03-24,2023-03-24 17:36:39 UTC,Pacific Time (US & Canada),research,CC-BY-NC,https://www.inaturalist.org/observations/152300671,https://inaturalist-open-data.s3.amazonaws.com/photos/262895839/medium.jpeg,https://static.inaturalist.org/sounds/623933.m4a?1679783153,2,0,false,"San Diego County, US-CA, US",33.34671389,-116.26481558,9,9,Coyote,Canis latrans,Coyote,Mammalia,42051
152323965,f8532781-298d-44eb-81b4-612a2f10d44a,2023-03-25 17:15:00,2023-03-25,2023-03-26 00:15:00 UTC,Pacific Time (US & Canada),research,CC-BY-NC,https://www.inaturalist.org/observations/152323965,,https://static.inaturalist.org/sounds/624053.m4a?1679797551,1,0,false,"California, US",38.6986222555,-121.4477194802,16,28210,North American River Otter,Lontra canadensis,North American River Otter,Mammalia,41777
153255678,e8f0ddf1-41ce-422b-9b91-bfb210b4ebd5,2023-04-02 16:30:02,2023-04-02,2023-04-02 23:30:02 UTC,Pacific Time (US & Canada),research,,https://www.inaturalist.org/observations/153255678,,https://static.inaturalist.org/sounds/630490.m4a?1680478269,1,0,false,"Southridge Village, Fontana, CA 92337, USA",34.0403967,-117.4638975,899,899,California Ground Squirrel,Otospermophilus beecheyi,California Ground Squirrel,Mammalia,180007
154457392,dde4dc2a-1783-4f35-9412-190136557259,2023-04-11 11:49:40-07:00,2023-04-11,2023-04-11 18:49:40 UTC,Pacific Time (US & Canada),research,CC-BY-NC,https://www.inaturalist.org/observations/154457392,https://inaturalist-open-data.s3.amazonaws.com/photos/266885099/medium.jpg,https://static.inaturalist.org/sounds/639903.m4a?1681239020,1,0,false,"Stanford University, Stanford, CA, US",37.4235522934,-122.1744541639,7,7,California Ground Squirrel,Otospermophilus beecheyi,California Ground Squirrel,Mammalia,180007
154668939,f7a99cd0-1781-41b3-8544-b001561ba01a,Wed Apr 12 2023 23:55:07 GMT-0700 (PDT),2023-04-12,2023-04-13 06:55:07 UTC,Pacific Time (US & Canada),research,,https://www.inaturalist.org/observations/154668939,,https://static.inaturalist.org/sounds/641495.m4a?1681368927,2,0,false,"Coyote Rd, Santa Barbara, CA, US",34.4490239148,-119.6704564661,5,5,Coyote,Canis latrans,Coyote,Mammalia,42051
154753917,9c4c4e48-93cb-42ae-a899-d4d7e05e2872,2023/04/13 2:49 PM,2023-04-13,2023-04-13 21:49:00 UTC,Pacific Time (US & Canada),research,CC-BY-ND,https://www.inaturalist.org/observations/154753917,,https://static.inaturalist.org/sounds/642294.mpga?1681422600,1,0,false,"Humboldt County, CA, USA",40.1274968852,-123.824842078,8,8,Western Gray Squirrel,Sciurus griseus,Western Gray Squirrel,Mammalia,46023
154771021,686020d7-2266-4806-9c34-2bb5c7972f9f,2023-04-13 17:16:57-07:00,2023-04-13,2023-04-14 00:16:57 UTC,Pacific Time (US & Canada),research,,https://www.inaturalist.org/observations/154771021,https://static.inaturalist.org/photos/267457222/medium.jpg,https://static.inaturalist.org/sounds/642453.m4a?1681431450,1,0,false,"Coast Blvd, San Diego, CA, US",32.8500236983,-117.2719478601,9,9,California Sea Lion,Zalophus californianus,California Sea Lion,Mammalia,41740
155065162,dfb9008a-ad8e-483d-b964-56df1469fcd4,2023-04-15 13:39:57-07:00,2023-04-15,2023-04-15 20:39:57 UTC,Pacific Time (US & Canada),research,CC-BY-NC-SA,https://www.inaturalist.org/observations/155065162,,https://static.inaturalist.org/sounds/644855.m4a?1681601228,2,0,false,"Coyote Valley Open Space Preserve, San Jose, CA, US",37.1690283683,-121.7319986458,4,4,California Ground Squirrel,Otospermophilus beecheyi,California Ground Squirrel,Mammalia,180007
155417314,91b01441-9434-413d-b16b-fec4854a9623,2022-09-03 12:19:09,2022-09-03,2022-09-03 19:19:09 UTC,Pacific Time (US & Canada),research,,https://www.inaturalist.org/observations/155417314,https://static.inaturalist.org/photos/268650390/medium.jpeg,https://static.inaturalist.org/sounds/647510.m4a?1681785165,2,0,false,"Scotts Valley, CA 95060, USA",36.9897972222,-122.0868944444,,,Western Gray Squirrel,Sciurus griseus,Western Gray Squirrel,Mammalia,46023
156022135,33e1fd05-52f7-4888-a977-05696995a951,2020/10/09 12:59 PM,2020-10-09,2020-10-09 19:59:00 UTC,Pacific Time (US & Canada),research,CC-BY-NC,https://www.inaturalist.org/observations/156022135,,https://static.inaturalist.org/sounds/652063.mp3?1682160083,1,0,false,"Orange County, CA, USA",33.7948444222,-117.7494436338,9,9,California Ground Squirrel,Otospermophilus beecheyi,California Ground Squirrel,Mammalia,180007
156290623,80bd242d-a5be-4dca-9d68-d436bc21d746,2023-04-23 12:22:46-07:00,2023-04-23,2023-04-23 19:22:46 UTC,Pacific Time (US & Canada),research,CC-BY-NC,https://www.inaturalist.org/observations/156290623,,https://static.inaturalist.org/sounds/654115.m4a?1682281650,1,0,false,"Redwood City, CA, US",37.4078677776,-122.2372541396,5,5,Merriam's Chipmunk,Neotamias merriami,Merriam's Chipmunk,Mammalia,197810
156302336,9af28dd6-86f3-4b32-91d9-4b306bd3ce5b,2023-04-23 13:26:34,2023-04-23,2023-04-23 20:26:34 UTC,Pacific Time (US & Canada),research,CC-BY-NC,https://www.inaturalist.org/observations/156302336,,https://static.inaturalist.org/sounds/654114.m4a?1682281631,1,0,false,"Coyote, CA, USA",37.1693973815,-121.7391343314,7,7,Western Gray Squirrel,Sciurus griseus,Western Gray Squirrel,Mammalia,46023
156343078,8f12cc37-551d-4c6d-bc65-78d81e251e14,2023-04-23 17:43:01-07:00,2023-04-23,2023-04-24 00:43:01 UTC,Pacific Time (US & Canada),research,,https://www.inaturalist.org/observations/156343078,,https://static.inaturalist.org/sounds/654333.m4a?1682297061,1,0,false,"Ferndale, CA, US",40.57123057,-124.2593400663,5,5,Douglas' Squirrel,Tamiasciurus douglasii,Douglas's Squirrel,Mammalia,46259
156726081,6941f1ab-dbd3-46ab-bfdc-b6e505d11f44,2023-04-25 21:09:01-07:00,2023-04-25,2023-04-26 04:09:01 UTC,Pacific Time (US & Canada),research,CC-BY-NC,https://www.inaturalist.org/observations/156726081,https://inaturalist-open-data.s3.amazonaws.com/photos/271037895/medium.jpg,https://static.inaturalist.org/sounds/656899.m4a?1682514398,1,0,false,"Santa Catalina Island, Avalon, CA, US",33.3291837514,-118.3395373439,4,4,Santa Catalina Island Fox,Urocyon littoralis catalinae,Santa Catalina Island Fox,Mammalia,179951
156992659,0de9d528-c4fd-4699-9f38-97c4426a3734,2023-04-27 15:05:11,2023-04-27,2023-04-27 22:05:11 UTC,Pacific Time (US & Canada),research,,https://www.inaturalist.org/observations/156992659,https://static.inaturalist.org/photos/271510811/medium.jpeg,https://static.inaturalist.org/sounds/658824.wav?1682649080,1,0,false,"North Arroyo, Pasadena, CA, USA",34.19163722,-118.17656523,5,5,California Ground Squirrel,Otospermophilus beecheyi,California Ground Squirrel,Mammalia,180007
156992726,50edfa7e-2626-4a0e-b553-5c78bb39aaab,2023-04-27 15:08:11,2023-04-27,2023-04-27 22:08:11 UTC,Pacific Time (US & Canada),research,,https://www.inaturalist.org/observations/156992726,,https://static.inaturalist.org/sounds/658825.m4a?1682649085,1,0,false,"North Arroyo, Pasadena, CA, USA",34.19157839,-118.17649641,5,5,California Ground Squirrel,Otospermophilus beecheyi,California Ground Squirrel,Mammalia,180007
157366525,c0d24702-d975-42e7-ac2a-978346a33e43,2023-04-28 17:11:05-07:00,2023-04-28,2023-04-29 00:11:05 UTC,Pacific Time (US & Canada),research,CC-BY-NC,https://www.inaturalist.org/observations/157366525,,https://static.inaturalist.org/sounds/662228.m4a?1682727078,2,0,false,"Calero County Park, San Jose, CA, US",37.1509448799,-121.7908176037,9,9,Merriam's Chipmunk,Neotamias merriami,Merriam's Chipmunk,Mammalia,197810
157960317,d4d27288-5d99-42c9-8f8a-1440117533f0,2023/04/29 9:19 AM,2023-04-29,2023-04-29 16:19:00 UTC,Pacific Time (US & Canada),research,CC-BY-NC,https://www.inaturalist.org/observations/157960317,,https://static.inaturalist.org/sounds/667484.wav?1682831442,1,0,false,"Farm Hills, Redwood City, CA, USA",37.472546026,-122.2830665934,31,31,Eastern Gray Squirrel,Sciurus carolinensis,Eastern Gray Squirrel,Mammalia,46017
158124365,6cbcc9dc-afd4-4d54-956f-29763065dd0e,2023-04-30 08:11:31-07:00,2023-04-30,2023-04-30 15:11:31 UTC,Pacific Time (US & Canada),research,,https://www.inaturalist.org/observations/158124365,https://static.inaturalist.org/photos/273314433/medium.jpg,https://static.inaturalist.org/sounds/669346.m4a?1682867541,1,0,false,"Oak Park Cemetery, Claremont, CA, US",34.0861544246,-117.7102392075,5,5,Eastern Fox Squirrel,Sciurus niger,Eastern Fox Squirrel,Mammalia,46020
158342878,4410eaf9-ca0d-4b2b-a21f-a8e24fb20704,2023-04-30 15:24:36-07:00,2023-04-30,2023-04-30 22:24:36 UTC,Pacific Time (US & Canada),research,,https://www.inaturalist.org/observations/158342878,https://static.inaturalist.org/photos/273667622/medium.jpg,https://static.inaturalist.org/sounds/671378.m4a?1682895225,2,0,false,"Santa Cruz Wharf, Santa Cruz, CA, US",36.9575421557,-122.0173716826,4,4,California Sea Lion,Zalophus californianus,California Sea Lion,Mammalia,41740
158503266,fbc0a31e-5140-4c70-a8fb-811400d1f36f,2023/04/30 7:25 PM,2023-04-30,2023-05-01 02:25:00 UTC,Pacific Time (US & Canada),research,CC-BY-NC,https://www.inaturalist.org/observations/158503266,,https://static.inaturalist.org/sounds/672358.mp3?1682919246,1,0,false,"Loma Linda, CA, USA",34.0374877843,-117.2644085869,25,25,Coyote,Canis latrans,Coyote,Mammalia,42051
159000871,4e4b694c-f9ff-4dfd-92f5-a34bc15da680,2023-05-01 12:50:37-07:00,2023-05-01,2023-05-01 19:50:37 UTC,Pacific Time (US & Canada),research,CC-BY-NC,https://www.inaturalist.org/observations/159000871,https://static.inaturalist.org/photos/274711360/medium.jpg,https://static.inaturalist.org/sounds/675923.m4a?1682992616,2,0,false,"Año Nuevo Coast Natural Preserve, Pescadero, CA, US",37.1163270437,-122.3305193336,6,6,Northern Elephant Seal,Mirounga angustirostris,Northern Elephant Seal,Mammalia,41728
159548348,ab95fe0d-df56-4f02-a08a-ec1a0f8e7236,2023-05-03 14:22:59-07:00,2023-05-03,2023-05-03 21:22:59 UTC,Pacific Time (US & Canada),research,,https://www.inaturalist.org/observations/159548348,,https://static.inaturalist.org/sounds/679837.m4a?1683159330,1,0,false,"Conejo Creek North Park, Thousand Oaks, CA, US",34.2022983182,-118.8533738243,120,120,California Ground Squirrel,Otospermophilus beecheyi,California Ground Squirrel,Mammalia,180007
160481256,08f88cad-a9f0-4006-9370-78308319ae13,2023-05-07 15:39:00,2023-05-07,2023-05-07 22:39:00 UTC,Pacific Time (US & Canada),research,CC-BY-NC,https://www.inaturalist.org/observations/160481256,,https://static.inaturalist.org/sounds/687286.wav?1683513412,1,0,false,Blue Oaks Park,38.7856551101,-121.3348303735,171,171,California Ground Squirrel,Otospermophilus beecheyi,California Ground Squirrel,Mammalia,180007
161093657,95244952-bcc1-4e31-a076-a65aa039743f,2023-05-11 09:23:56-07:00,2023-05-11,2023-05-11 16:23:56 UTC,Pacific Time (US & Canada),research,CC-BY-NC,https://www.inaturalist.org/observations/161093657,https://inaturalist-open-data.s3.amazonaws.com/photos/278444819/medium.jpg,https://static.inaturalist.org/sounds/692554.m4a?1683827103,2,0,false,"Golden Gate National Recreation Area, Pacifica, CA, US",37.6114482852,-122.4961704669,5,5,California Ground Squirrel,Otospermophilus beecheyi,California Ground Squirrel,Mammalia,180007
161897691,dd3f610a-9196-4f3d-8679-eaf6036fe7b6,2023-05-15 17:21:48-07:00,2023-05-15,2023-05-16 00:21:48 UTC,Pacific Time (US & Canada),research,,https://www.inaturalist.org/observations/161897691,,https://static.inaturalist.org/sounds/699121.m4a?1684196522,2,0,false,"University of California, Davis, CA, US",38.5286501935,-121.7617894338,3,3,Douglas's Ground Squirrel,Otospermophilus douglasii,Douglas's Ground Squirrel,Mammalia,1511713
162181531,17b98bf5-9671-4d49-987b-7bde67c82500,2023/05/17 8:26 AM,2023-05-17,2023-05-17 15:26:00 UTC,Pacific Time (US & Canada),research,CC-BY-NC,https://www.inaturalist.org/observations/162181531,,https://static.inaturalist.org/sounds/701293.wav?1684350834,2,0,false,"Riverside County, CA, USA",33.7570247176,-116.5454383732,217,217,White-tailed Antelope Squirrel,Ammospermophilus leucurus,White-tailed Antelope Squirrel,Mammalia,46255
162204117,e4a35a32-d0d9-4676-ac86-079a12b6fa01,2023-05-17 09:41:38-07:00,2023-05-17,2023-05-17 16:41:38 UTC,Pacific Time (US & Canada),research,CC-BY-NC,https://www.inaturalist.org/observations/162204117,,https://static.inaturalist.org/sounds/701446.m4a?1684359943,1,0,false,"San Bernardino National Forest, Anza, CA, US",33.5571784553,-116.5798162283,4,4,California Ground Squirrel,Otospermophilus beecheyi,California Ground Squirrel,Mammalia,180007
162331127,3b491a65-b731-4ef3-abe4-e653da29823a,2023-05-18 08:16:07-07:00,2023-05-18,2023-05-18 15:16:07 UTC,Pacific Time (US & Canada),research,CC-BY,https://www.inaturalist.org/observations/162331127,,https://static.inaturalist.org/sounds/702439.m4a?1684428554,1,0,false,"Heavenly Ridge Ln, Richmond, CA, US",37.9684480264,-122.2698629289,30,30,Eastern Fox Squirrel,Sciurus niger,Eastern Fox Squirrel,Mammalia,46020
163238557,74226e7d-612e-4551-abd3-7dbc78a9a7c2,2023-05-22 18:48:09-07:00,2023-05-22,2023-05-23 01:48:09 UTC,Pacific Time (US & Canada),research,CC-BY-NC,https://www.inaturalist.org/observations/163238557,,https://static.inaturalist.org/sounds/709007.m4a?1684806502,2,0,false,"Rosemary Hill Ranch Rd, Ukiah, CA, US",39.1170592513,-123.1493924652,9,9,Douglas's Ground Squirrel,Otospermophilus douglasii,Douglas's Ground Squirrel,Mammalia,1511713
163564309,f627f07b-38f8-4a65-86b3-a4a6a2bb226a,2023-05-24 16:16:28-07:00,2023-05-24,2023-05-24 23:16:28 UTC,Pacific Time (US & Canada),research,CC-BY-NC,https://www.inaturalist.org/observations/163564309,,https://static.inaturalist.org/sounds/711187.m4a?1684970288,1,0,false,"UCLA, Los Angeles, CA, US",34.073995349,-118.455090947,16,16,California Ground Squirrel,Otospermophilus beecheyi,California Ground Squirrel,Mammalia,180007
163717439,f7d9dbb3-1e27-477b-9eff-100ac1e37f12,2023-05-23 22:21:18-07:00,2023-05-23,2023-05-24 05:21:18 UTC,Pacific Time (US & Canada),research,CC-BY-NC,https://www.inaturalist.org/observations/163717439,https://inaturalist-open-data.s3.amazonaws.com/photos/283194534/medium.jpg,https://static.inaturalist.org/sounds/712273.wav?1685052961,1,0,false,"Anza-Borrego Desert State Park, Borrego Springs, CA, US",33.2892508859,-116.1048614522,24,24,Canyon Bat,Parastrellus hesperus,Canyon Bat,Mammalia,183164
163717479,9819de27-6302-4ca9-9ad1-5222866f9e55,2023-05-23 22:23:06-07:00,2023-05-23,2023-05-24 05:23:06 UTC,Pacific Time (US & Canada),research,CC-BY-NC,https://www.inaturalist.org/observations/163717479,https://inaturalist-open-data.s3.amazonaws.com/photos/283201348/medium.jpg,https://static.inaturalist.org/sounds/712286.wav?1685053941,1,0,false,"Anza-Borrego Desert State Park, Borrego Springs, CA, US",33.288493821,-116.1044182309,24,24,Canyon Bat,Parastrellus hesperus,Canyon Bat,Mammalia,183164
165858223,37c79c2f-d279-4bfd-9238-d099fcd22f9c,2023-06-03 14:17:04-07:00,2023-06-03,2023-06-03 21:17:04 UTC,Pacific Time (US & Canada),research,CC-BY-NC,https://www.inaturalist.org/observations/165858223,,https://static.inaturalist.org/sounds/727372.m4a?1686034737,1,0,false,"California, US",37.9910062865,-121.9114061823,4,28329,Otospermophilus beecheyi,Otospermophilus beecheyi,California Ground Squirrel,Mammalia,180007
165921082,4162ea7a-3f00-4f03-ba8c-28cf6031339d,Tue Jun 06 2023 06:51:24 GMT-0700 (PDT),2023-06-06,2023-06-06 13:51:24 UTC,Pacific Time (US & Canada),research,CC-BY-NC,https://www.inaturalist.org/observations/165921082,,https://static.inaturalist.org/sounds/732382.m4a?1686375100,2,0,false,"Calaveras Big Trees, Calveras Big Trees State Park, Calaveras County, US-CA, US",38.2732220879,-120.2884071787,9,9,Douglas's Squirrel,Tamiasciurus douglasii,Douglas's Squirrel,Mammalia,46259
165957708,d57a7a4a-a49a-473c-ad2d-2ca1f3fb555a,2023-06-06 13:08:35-07:00,2023-06-06,2023-06-06 20:08:35 UTC,Pacific Time (US & Canada),research,CC-BY-NC,https://www.inaturalist.org/observations/165957708,,https://static.inaturalist.org/sounds/728179.m4a?1686082147,1,0,false,"San José State University, San Jose, CA, US",37.3357543303,-121.8832126168,4,4,California Ground Squirrel,Otospermophilus beecheyi,California Ground Squirrel,Mammalia,180007
166022298,bd029acc-a388-452e-b30f-cc860c889260,2023-06-06 21:42:01-07:00,2023-06-06,2023-06-07 04:42:01 UTC,Pacific Time (US & Canada),research,CC-BY,https://www.inaturalist.org/observations/166022298,,https://static.inaturalist.org/sounds/728732.m4a?1686112951,1,0,false,"Monterey Bay Boatworks Boatyard, Monterey, CA, US",36.6091419803,-121.8940907345,256,256,California Sea Lion,Zalophus californianus,California Sea Lion,Mammalia,41740
166726858,82cbd568-aa14-47a1-96b0-bb6de9b418ff,2023-06-10 20:18:30-07:00,2023-06-10,2023-06-11 03:18:30 UTC,Pacific Time (US & Canada),research,CC-BY-NC,https://www.inaturalist.org/observations/166726858,,https://static.inaturalist.org/sounds/733621.m4a?1686453521,1,0,false,"Penn Way, Los Gatos, CA, US",37.2491493589,-121.9522176557,5,5,Eastern Gray Squirrel,Sciurus carolinensis,Eastern Gray Squirrel,Mammalia,46017
166834988,29fd3ec7-1c9b-4acb-adeb-107685d21900,2023-06-11 09:51:29-07:00,2023-06-11,2023-06-11 16:51:29 UTC,Pacific Time (US & Canada),research,CC-BY-NC,https://www.inaturalist.org/observations/166834988,,https://static.inaturalist.org/sounds/734437.m4a?1686502299,2,0,false,"Coyote Creek Parkway, San Jose, CA, US",37.2676426877,-121.7956116672,4,4,California Ground Squirrel,Otospermophilus beecheyi,California Ground Squirrel,Mammalia,180007
167780606,81906790-c059-4886-8b46-6535c2de35f8,2023-06-16 13:17:27-07:00,2023-06-16,2023-06-16 20:17:27 UTC,Pacific Time (US & Canada),research,CC-BY-NC,https://www.inaturalist.org/observations/167780606,https://inaturalist-open-data.s3.amazonaws.com/photos/290692575/medium.jpg,https://static.inaturalist.org/sounds/741004.m4a?1686954936,1,0,false,"Rock Springs Trail, Mill Valley, CA, US",37.918628302,-122.6001057691,591,591,Western Gray Squirrel,Sciurus griseus,Western Gray Squirrel,Mammalia,46023
167925105,ac288b84-f2af-4480-96cb-b0219823db69,2023-06-17 11:03:01-07:00,2023-06-17,2023-06-17 18:03:01 UTC,Pacific Time (US & Canada),research,CC-BY-NC,https://www.inaturalist.org/observations/167925105,,https://static.inaturalist.org/sounds/742203.m4a?1687025103,4,1,false,"Balboa Park, San Diego, CA, US",32.7299693646,-117.1572423914,7,7,California Ground Squirrel,Otospermophilus beecheyi,California Ground Squirrel,Mammalia,180007
168514364,ea6c2522-51f0-4a53-b193-a67b3d74ca27,2023-06-20 10:07:39,2023-06-20,2023-06-20 17:07:39 UTC,Pacific Time (US & Canada),research,CC-BY-NC,https://www.inaturalist.org/observations/168514364,,https://static.inaturalist.org/sounds/745700.m4a?1687281009,2,0,false,"Santa Cruz, CA, USA",36.95427659,-122.02815248,5,5,California Ground Squirrel,Otospermophilus beecheyi,California Ground Squirrel,Mammalia,180007
168599617,4d2a2015-20fb-4bd7-8281-540adf51bc99,2023-06-20 20:11:06-07:00,2023-06-20,2023-06-21 03:11:06 UTC,Pacific Time (US & Canada),research,CC-BY-NC,https://www.inaturalist.org/observations/168599617,,https://static.inaturalist.org/sounds/746145.m4a?1687318151,1,0,false,"Hidden Mesa Rd, El Cajon, CA, US",32.77240772,-116.9194734448,10,10,Coyote,Canis latrans,Coyote,Mammalia,42051
169026876,e6b3c18f-ff4b-4a1c-a32b-8073877a5557,2023-06-23 10:13:17-07:00,2023-06-23,2023-06-23 17:13:17 UTC,Pacific Time (US & Canada),research,CC-BY-NC,https://www.inaturalist.org/observations/169026876,https://inaturalist-open-data.s3.amazonaws.com/photos/293002621/medium.jpg,https://static.inaturalist.org/sounds/748693.m4a?1687540498,1,0,false,"Portola Ave, Indian Wells, CA, US",33.7034012433,-116.3697702139,8,8,California Ground Squirrel,Otospermophilus beecheyi,California Ground Squirrel,Mammalia,180007
169348005,8a8ea739-4f80-4fff-b26e-b14c01d106fc,2023-06-25 02:43:27-07:00,2023-06-25,2023-06-25 09:43:27 UTC,Pacific Time (US & Canada),research,,https://www.inaturalist.org/observations/169348005,,https://static.inaturalist.org/sounds/750798.m4a?1687686292,1,0,false,"San Diego County, US-CA, US",33.092484044,-117.0720232174,61,29012,Coyote,Canis latrans,Coyote,Mammalia,42051
169348238,adf44284-52f9-4c07-909c-03bb621f5acd,2023-06-25 02:47:27-07:00,2023-06-25,2023-06-25 09:47:27 UTC,Pacific Time (US & Canada),research,,https://www.inaturalist.org/observations/169348238,,https://static.inaturalist.org/sounds/750801.m4a?1687686463,1,0,false,"San Diego County, US-CA, US",33.0246794737,-117.1752363807,54,29012,Coyote,Canis latrans,Coyote,Mammalia,42051
170146447,fd35d100-a157-43fc-855e-aa8e2eb28b2d,2023-06-29 11:02:25-07:00,2023-06-29,2023-06-29 18:02:25 UTC,Pacific Time (US & Canada),research,CC-BY-NC,https://www.inaturalist.org/observations/170146447,https://inaturalist-open-data.s3.amazonaws.com/photos/295398303/medium.jpg,https://static.inaturalist.org/sounds/755248.m4a?1688061948,1,0,false,"St. Joseph's Hill Open Space, Los Gatos, CA, US",37.2079803111,-121.9862602209,6,6,Merriam's Chipmunk,Neotamias merriami,Merriam's Chipmunk,Mammalia,197810
170279419,db5f3581-65f1-4149-936d-5aa4a108bd22,2023-06-30 07:35:52,2023-06-30,2023-06-30 14:35:52 UTC,Pacific Time (US & Canada),research,CC-BY-NC,https://www.inaturalist.org/observations/170279419,https://inaturalist-open-data.s3.amazonaws.com/photos/295313794/medium.jpeg,https://static.inaturalist.org/sounds/756004.wav?1688135856,2,0,false,"Village of La Jolla, San Diego, CA 92037, USA",32.8505944997,-117.2732824997,,,California Sea Lion,Zalophus californianus,California Sea Lion,Mammalia,41740
170463771,0e61752d-4259-4f4f-b0ae-13c1f8a0fb09,2023-07-01 08:43:12-07:00,2023-07-01,2023-07-01 15:43:12 UTC,Pacific Time (US & Canada),research,CC-BY-NC,https://www.inaturalist.org/observations/170463771,,https://static.inaturalist.org/sounds/756866.m4a?1688226278,2,0,false,"Robinson Rd, Sebastopol, CA, US",38.3955739023,-122.8317355305,6,6,Western Gray Squirrel,Sciurus griseus,Western Gray Squirrel,Mammalia,46023
170750702,25a07464-bccd-4208-89af-ec31f0487f50,2023/06/13 11:51 AM,2023-06-13,2023-06-13 18:51:00 UTC,Pacific Time (US & Canada),research,CC-BY-NC,https://www.inaturalist.org/observations/170750702,https://inaturalist-open-data.s3.amazonaws.com/photos/296200476/medium.jpeg,https://static.inaturalist.org/sounds/758083.m4a?1688341409,1,0,false,"Sequoia National Park, CA, USA",36.6123205193,-118.7009614567,99,99,Yellow-bellied Marmot,Marmota flaviventris,Yellow-bellied Marmot,Mammalia,46086
170868319,3c8779ac-5cfb-4fe4-9b08-de532a263a65,2023-07-02 19:05:00-07:00,2023-07-02,2023-07-03 02:05:00 UTC,Pacific Time (US & Canada),research,CC-BY,https://www.inaturalist.org/observations/170868319,,https://static.inaturalist.org/sounds/758765.wav?1688404686,1,0,false,"Inverness, CA, US",37.9973933551,-122.9822092985,70,70,Northern Elephant Seal,Mirounga angustirostris,Northern Elephant Seal,Mammalia,41728
171518684,81493ae0-1b40-4c66-866b-5bf2c3bf964b,2023-07-07 00:28:38,2023-07-07,2023-07-07 07:28:38 UTC,Pacific Time (US & Canada),research,CC-BY-SA,https://www.inaturalist.org/observations/171518684,,https://static.inaturalist.org/sounds/762023.wav?1688715019,1,0,false,"Sage, CA 92544, USA",33.5407558479,-116.9368373975,4,4,Coyote,Canis latrans,Coyote,Mammalia,42051
171951357,4237da69-ba83-4b55-8b94-d4d64e33f8df,2023-07-09 07:00:47-07:00,2023-07-09,2023-07-09 14:00:47 UTC,Pacific Time (US & Canada),research,CC-BY-NC,https://www.inaturalist.org/observations/171951357,https://inaturalist-open-data.s3.amazonaws.com/photos/298446360/medium.jpg,https://static.inaturalist.org/sounds/764391.m4a?1688911352,1,0,false,"San Bernardino National Forest, Pine Cove, CA, US",33.7487725541,-116.6954530032,9,9,Western Gray Squirrel,Sciurus griseus,Western Gray Squirrel,Mammalia,46023
172009621,0b128096-6d09-4501-8a43-38dab89b405f,2023-07-09 11:52:37-07:00,2023-07-09,2023-07-09 18:52:37 UTC,Pacific Time (US & Canada),research,,https://www.inaturalist.org/observations/172009621,,https://static.inaturalist.org/sounds/764617.m4a?1688928779,1,0,false,"Glen Canyon Park, San Francisco, CA, US",37.7405843789,-122.4442392683,133,133,Coyote,Canis latrans,Coyote,Mammalia,42051
172367710,5413a878-1e77-44ad-81a0-707f02cea67f,2023/07/11 10:33 AM,2023-07-11,2023-07-11 17:33:00 UTC,Pacific Time (US & Canada),research,CC-BY-NC,https://www.inaturalist.org/observations/172367710,,https://static.inaturalist.org/sounds/766279.wav?1689096838,1,0,false,"Turtle Rock, Irvine, CA, USA",33.6548875351,-117.8209174705,92,92,Coyote,Canis latrans,Coyote,Mammalia,42051
172438877,568e9638-363d-4c53-83c4-a35225f41aa7,2023-07-11 18:26:22-07:00,2023-07-11,2023-07-12 01:26:22 UTC,Pacific Time (US & Canada),research,CC-BY-NC,https://www.inaturalist.org/observations/172438877,,https://static.inaturalist.org/sounds/766567.m4a?1689125366,1,0,false,"Spar Dr, Redwood City, CA, US",37.522107352,-122.2483280021,4,4,California Ground Squirrel,Otospermophilus beecheyi,California Ground Squirrel,Mammalia,180007
172593392,bdc09ea1-b3db-4f9f-95f3-bb40fca288be,2023-07-12 16:52:37-07:00,2023-07-12,2023-07-12 23:52:37 UTC,Pacific Time (US & Canada),research,CC-BY-NC,https://www.inaturalist.org/observations/172593392,,https://static.inaturalist.org/sounds/767397.m4a?1689206055,2,0,false,"Ventura, CA, US",34.3547664565,-119.2630321042,22217,22217,California Ground Squirrel,Otospermophilus beecheyi,California Ground Squirrel,Mammalia,180007
173517844,55d16232-a580-46a1-ad81-d1495c2841f7,2023/06/04 5:48 PM,2023-06-04,2023-06-05 00:48:00 UTC,Pacific Time (US & Canada),research,CC0,https://www.inaturalist.org/observations/173517844,,https://static.inaturalist.org/sounds/771917.mp3?1689641926,1,0,false,"Orange County, CA, USA",33.7935097887,-117.7416841481,4,4,California Ground Squirrel,Otospermophilus beecheyi,California Ground Squirrel,Mammalia,180007
173955297,a2d92fd5-1c77-4130-bfcb-25207581eedf,2023/07/20 9:13 AM,2023-07-20,2023-07-20 16:13:00 UTC,Pacific Time (US & Canada),research,CC-BY-NC,https://www.inaturalist.org/observations/173955297,,https://static.inaturalist.org/sounds/773923.mp3?1689869644,2,0,false,"Turtle Rock, Irvine, CA, USA",33.6545392416,-117.8208745551,134,134,Coyote,Canis latrans,Coyote,Mammalia,42051
175229909,c23616d0-d5b1-4f52-b038-74e4f04b216b,2023-07-27 09:36:14-07:00,2023-07-27,2023-07-27 16:36:14 UTC,Pacific Time (US & Canada),research,CC-BY-NC,https://www.inaturalist.org/observations/175229909,,https://static.inaturalist.org/sounds/779349.m4a?1690475833,1,0,false,"California, US",34.0252298061,-118.8137392796,237,28874,Gray Fox,Urocyon cinereoargenteus,Gray Fox,Mammalia,42076
176420820,02d90518-2eee-4e35-842d-d74fbe2c1ecf,2023-08-03 05:25:20-07:00,2023-08-03,2023-08-03 12:25:20 UTC,Pacific Time (US & Canada),research,CC-BY-NC,https://www.inaturalist.org/observations/176420820,,https://static.inaturalist.org/sounds/784620.m4a?1691065771,2,0,false,"Diamond Back Way, Grass Valley, CA, US",39.1656520115,-121.0361184668,4,4,Gray Fox,Urocyon cinereoargenteus,Gray Fox,Mammalia,42076
176483054,25ba7593-23ad-4d78-984d-a928bf8d0c00,2023-08-03 12:19:13,2023-08-03,2023-08-03 19:19:13 UTC,Pacific Time (US & Canada),research,CC-BY-NC,https://www.inaturalist.org/observations/176483054,https://inaturalist-open-data.s3.amazonaws.com/photos/306827485/medium.jpeg,https://static.inaturalist.org/sounds/784910.wav?1691090561,2,0,false,"Catherine Way at Descanso Beach, Avalon, CA 90704, USA",33.35070953,-118.33217592,7,7,Catalina Ground Squirrel,Otospermophilus beecheyi nesioticus,Catalina Ground Squirrel,Mammalia,537770
176872654,be1d374f-3f63-4e36-bb3f-6a4012581c0b,2023-08-05 16:48:08-07:00,2023-08-05,2023-08-05 23:48:08 UTC,Pacific Time (US & Canada),research,,https://www.inaturalist.org/observations/176872654,,https://static.inaturalist.org/sounds/786458.m4a?1691279307,1,0,false,"Cijon St, San Diego, CA, US",32.950157446,-117.1104106381,4,4,California Ground Squirrel,Otospermophilus beecheyi,California Ground Squirrel,Mammalia,180007
177068760,e3130543-7db8-44e3-ae98-b9c6707a6bf3,2023-08-06 16:00:05,2023-08-06,2023-08-06 23:00:05 UTC,Pacific Time (US & Canada),research,CC-BY-NC,https://www.inaturalist.org/observations/177068760,https://inaturalist-open-data.s3.amazonaws.com/photos/307917296/medium.jpeg,https://static.inaturalist.org/sounds/787196.wav?1691362846,2,0,false,"Santa Cruz, CA 95062, USA",36.98020731,-122.00001466,3,3,Eastern Gray Squirrel,Sciurus carolinensis,Eastern Gray Squirrel,Mammalia,46017
177204687,f7522d26-e9fa-4517-915d-3a742f0f1ee4,2023-08-07 10:30:09-07:00,2023-08-07,2023-08-07 17:30:09 UTC,Pacific Time (US & Canada),research,,https://www.inaturalist.org/observations/177204687,,https://static.inaturalist.org/sounds/787738.m4a?1691430600,1,0,false,"California, US",37.7177283925,-121.8828019505,6,28359,California Ground Squirrel,Otospermophilus beecheyi,California Ground Squirrel,Mammalia,180007
177422852,9be284d7-4679-47bf-afca-c8b924bb1164,2023-08-08 16:10:20-07:00,2023-08-08,2023-08-08 23:10:20 UTC,Pacific Time (US & Canada),research,CC-BY-NC-ND,https://www.inaturalist.org/observations/177422852,,https://static.inaturalist.org/sounds/788635.m4a?1691536276,1,0,false,"MacKerricher State Park, Mendocino County, US-CA, US",39.4541013876,-123.8119284001,4,4,Douglas's Ground Squirrel,Otospermophilus douglasii,Douglas's Ground Squirrel,Mammalia,1511713
177477080,4eddc74c-d4a9-4657-b3a6-f7f298b2add6,2023-08-09 02:30:12-07:00,2023-08-09,2023-08-09 09:30:12 UTC,Pacific Time (US & Canada),research,,https://www.inaturalist.org/observations/177477080,,https://static.inaturalist.org/sounds/788869.m4a?1691573441,1,0,false,"San Diego County, US-CA, US",33.141340913,-117.056901559,74,29012,Coyote,Canis latrans,Coyote,Mammalia,42051
177757313,8f573102-2f27-43b5-8345-8b6c4ede37fe,2023-08-10 13:51:47-07:00,2023-08-10,2023-08-10 20:51:47 UTC,Pacific Time (US & Canada),research,,https://www.inaturalist.org/observations/177757313,,https://static.inaturalist.org/sounds/789969.m4a?1691716097,2,0,false,"W Olive Ave, Sunnyvale, CA, US",37.1601579467,-121.8999608045,87,87,Merriam's Chipmunk,Neotamias merriami,Merriam's Chipmunk,Mammalia,197810
177869179,e5af59d0-f4b6-4ba4-8ed3-e614539c8893,2023-08-11 11:56:55-07:00,2023-08-11,2023-08-11 18:56:55 UTC,Pacific Time (US & Canada),research,,https://www.inaturalist.org/observations/177869179,,https://static.inaturalist.org/sounds/790445.m4a?1691780245,2,0,false,"Sierra National Forest, Shaver Lake, CA, US",37.1212452437,-119.312689087,16,16,California Ground Squirrel,Otospermophilus beecheyi,California Ground Squirrel,Mammalia,180007
177892807,302bf77e-829a-4ed6-baa6-c2557ea9297e,2023-08-11 11:22:29,2023-08-11,2023-08-11 18:22:29 UTC,Pacific Time (US & Canada),research,,https://www.inaturalist.org/observations/177892807,,https://static.inaturalist.org/sounds/790518.wav?1691789515,2,0,false,"West Covina, CA 91792, USA",34.0394332,-117.9134348,15,15,California Ground Squirrel,Otospermophilus beecheyi,California Ground Squirrel,Mammalia,180007
178056402,fba3cd2c-588c-4662-95b2-6bd620cd7bf4,2023-08-12 13:26:14-07:00,2023-08-12,2023-08-12 20:26:14 UTC,Pacific Time (US & Canada),research,CC-BY-NC,https://www.inaturalist.org/observations/178056402,,https://static.inaturalist.org/sounds/791268.m4a?1691872229,1,0,false,"Pierce Point Rd, Inverness, CA, US",38.1873640218,-122.9532466489,321,321,Tule Elk,Cervus canadensis nannodes,Tule Elk,Mammalia,566549
178079796,2acb20eb-93d2-47f6-ab13-41bbd1b7239f,2023-08-12 15:54:14-07:00,2023-08-12,2023-08-12 22:54:14 UTC,Pacific Time (US & Canada),research,,https://www.inaturalist.org/observations/178079796,,https://static.inaturalist.org/sounds/791387.m4a?1691880877,2,0,false,"Evans Rd, Los Angeles, CA, US",34.056001911,-118.5068495014,8,8,California Ground Squirrel,Otospermophilus beecheyi,California Ground Squirrel,Mammalia,180007
178237496,08407fa9-2d44-426c-9f18-0b300750dc9f,2023-08-13 10:02:16,2023-08-13,2023-08-13 17:02:16 UTC,Pacific Time (US & Canada),research,CC0,https://www.inaturalist.org/observations/178237496,,https://static.inaturalist.org/sounds/792031.wav?1691954595,1,0,false,"Santa Clarita Woodlands Park, Los Angeles County, US-CA, US",34.34303267,-118.54687236,6,6,California Ground Squirrel,Otospermophilus beecheyi,California Ground Squirrel,Mammalia,180007
178325937,3a2312f4-0c1a-4d75-9cf7-e6ed4d5b78b2,2023-08-13 23:31:06-07:00,2023-08-13,2023-08-14 06:31:06 UTC,Pacific Time (US & Canada),research,,https://www.inaturalist.org/observations/178325937,,https://static.inaturalist.org/sounds/792367.m4a?1691994713,1,0,false,"San Diego County, US-CA, US",33.0855540777,-117.065594376,22,29012,Coyote,Canis latrans,Coyote,Mammalia,42051
178384219,13636df8-b130-4f5e-b2fc-cc2f44653e89,2023-08-14 09:03:06-07:00,2023-08-14,2023-08-14 16:03:06 UTC,Pacific Time (US & Canada),research,,https://www.inaturalist.org/observations/178384219,,https://static.inaturalist.org/sounds/792601.m4a?1692029006,1,0,false,"Henry Cowell Redwoods State Park, Felton, CA, US",37.0385313565,-122.0628194797,5,5,Western Gray Squirrel,Sciurus griseus,Western Gray Squirrel,Mammalia,46023
178945516,c44c9698-7c2d-4091-a7f1-8d0ef4194afc,2023/08/17 9:47 PM,2023-08-17,2023-08-18 04:47:00 UTC,Pacific Time (US & Canada),research,CC-BY-NC,https://www.inaturalist.org/observations/178945516,,https://static.inaturalist.org/sounds/794908.wav?1692334034,1,0,false,"Claremont Ave, Berkeley, CA 94705",37.8664817,-122.2355778,567,567,Coyote,Canis latrans,Coyote,Mammalia,42051
179400348,67c6f908-0dcd-4547-9769-8cf9a33e5396,2023-08-20 12:29:55-07:00,2023-08-20,2023-08-20 19:29:55 UTC,Pacific Time (US & Canada),research,CC-BY-NC,https://www.inaturalist.org/observations/179400348,,https://static.inaturalist.org/sounds/796680.m4a?1692559811,2,0,false,"Sycamore Ln, Davis, CA, US",38.5484342,-121.7622787,5385,5385,Douglas's Ground Squirrel,Otospermophilus douglasii,Douglas's Ground Squirrel,Mammalia,1511713
179729533,30c839ef-a897-4e0c-a9c4-788b5bd3be68,2023-08-22 13:09:35-07:00,2023-08-22,2023-08-22 20:09:35 UTC,Pacific Time (US & Canada),research,,https://www.inaturalist.org/observations/179729533,,https://static.inaturalist.org/sounds/798152.m4a?1692763029,2,0,false,"Arcata, CA, US",40.8739249678,-124.0700575785,9,9,Gray Fox,Urocyon cinereoargenteus,Gray Fox,Mammalia,42076
180149949,7e8ada6d-80a3-48bd-9897-86635a8341dc,2023-08-25 11:04:58-07:00,2023-08-25,2023-08-25 18:04:58 UTC,Pacific Time (US & Canada),research,CC-BY-NC,https://www.inaturalist.org/observations/180149949,,https://static.inaturalist.org/sounds/799784.m4a?1692986712,1,0,false,"McKinleyville, CA, US",40.9613515201,-124.0793370302,4,4,Douglas' Squirrel,Tamiasciurus douglasii,Douglas's Squirrel,Mammalia,46259
180699189,7ffe6d0f-5c20-4ec3-9340-668a9074b1b7,2023/08/28,2023-08-28,,Pacific Time (US & Canada),research,CC-BY-NC,https://www.inaturalist.org/observations/180699189,,https://static.inaturalist.org/sounds/802098.mp3?1693267027,1,0,false,Filmore Street,36.6126036811,-121.9134536365,64,64,Fox Squirrel,Sciurus niger,Eastern Fox Squirrel,Mammalia,46020
181697891,1857502d-8e7e-4ad7-b4dd-b51b338d99a2,2023/09/03 3:47 PM,2023-09-03,2023-09-03 22:47:00 UTC,Pacific Time (US & Canada),research,CC-BY-NC,https://www.inaturalist.org/observations/181697891,https://inaturalist-open-data.s3.amazonaws.com/photos/316660037/medium.jpeg,https://static.inaturalist.org/sounds/806184.m4a?1693805018,1,0,false,"Claremont, CA, USA",34.1140672254,-117.715262008,17,17,California Ground Squirrel,Otospermophilus beecheyi,California Ground Squirrel,Mammalia,180007
181797871,6d8f8c8d-155c-4833-856a-653a35031257,2023/09/04 1:10 AM,2023-09-04,2023-09-04 08:10:00 UTC,Pacific Time (US & Canada),research,CC-BY-NC,https://www.inaturalist.org/observations/181797871,,https://static.inaturalist.org/sounds/806643.wav?1693858232,1,0,false,"University City, San Diego, CA, USA",32.8693149271,-117.2200548642,114,114,Coyote,Canis latrans,Coyote,Mammalia,42051
181990241,80e9ba9a-5a43-41ef-adb4-e3c230b377a2,2023-09-05 17:59:26-07:00,2023-09-05,2023-09-06 00:59:26 UTC,Pacific Time (US & Canada),research,,https://www.inaturalist.org/observations/181990241,https://static.inaturalist.org/photos/317226826/medium.jpg,https://static.inaturalist.org/sounds/807367.m4a?1693962083,2,0,false,"Marshall Gold Discovery State Historic Park, Coloma, CA, US",38.8004254179,-120.892099098,4,4,California Ground Squirrel,Otospermophilus beecheyi,California Ground Squirrel,Mammalia,180007
182045591,b8c00992-cce9-4e82-a83b-6d65eedc1f11,2023/09/06 6:05 AM,2023-09-06,2023-09-06 13:05:00 UTC,Pacific Time (US & Canada),research,CC-BY-NC,https://www.inaturalist.org/observations/182045591,https://inaturalist-open-data.s3.amazonaws.com/photos/317334158/medium.jpg,https://static.inaturalist.org/sounds/807568.mp3?1694006674,1,0,false,"El Dorado County, CA, USA",38.8633642314,-120.034052828,13,13,Coyote,Canis latrans,Coyote,Mammalia,42051
182178957,50574172-43a8-48e2-acaf-ca3c4fdb7662,2023-09-07 06:21:36-07:00,2023-09-07,2023-09-07 13:21:36 UTC,Pacific Time (US & Canada),research,CC-BY-NC,https://www.inaturalist.org/observations/182178957,,https://static.inaturalist.org/sounds/808123.m4a?1694092913,1,0,false,"Mission Trails Regional Park, San Diego, CA, US",32.8397079232,-117.0417530091,3,3,Coyote,Canis latrans,Coyote,Mammalia,42051
182234564,5fdf4f14-59e3-47f2-a5c0-5cabcc502d80,2023-09-07 13:23:10-07:00,2023-09-07,2023-09-07 20:23:10 UTC,Pacific Time (US & Canada),research,CC-BY-NC,https://www.inaturalist.org/observations/182234564,https://inaturalist-open-data.s3.amazonaws.com/photos/317696756/medium.jpg,https://static.inaturalist.org/sounds/810112.m4a?1694384348,1,0,false,"Santa Cruz Wharf, Santa Cruz, CA, US",36.9575303793,-122.0175111574,5,5,California Sea Lion,Zalophus californianus,California Sea Lion,Mammalia,41740
182279456,3b153573-c3b7-4025-89e0-c13c6a93bc75,2023-09-07 20:53:28-07:00,2023-09-07,2023-09-08 03:53:28 UTC,Pacific Time (US & Canada),research,,https://www.inaturalist.org/observations/182279456,,https://static.inaturalist.org/sounds/808444.m4a?1694145415,1,0,false,"The Resort At Pelican Hill, Newport Beach, CA, US",33.5943462155,-117.8489786284,4,4,Coyote,Canis latrans,Coyote,Mammalia,42051
182720318,a22d47b9-403f-4463-a314-54d315d6ce51,2023-09-10 15:39:51-07:00,2023-09-10,2023-09-10 22:39:51 UTC,Pacific Time (US & Canada),research,CC-BY-NC,https://www.inaturalist.org/observations/182720318,,https://static.inaturalist.org/sounds/810116.m4a?1694385622,4,1,false,"Alvin St, Mountain View, CA, US",37.4104916957,-122.0985008777,4,4,Eastern Gray Squirrel,Sciurus carolinensis,Eastern Gray Squirrel,Mammalia,46017
182847986,86a66e7d-f70d-4e34-b8be-7cec573032a9,2023-09-11 12:21:29,2023-09-11,2023-09-11 19:21:29 UTC,Pacific Time (US & Canada),research,,https://www.inaturalist.org/observations/182847986,https://static.inaturalist.org/photos/318906045/medium.jpeg,https://static.inaturalist.org/sounds/810609.m4a?1694460526,1,0,false,"Point Reyes Station, CA 94956, USA",38.04019908,-122.79577281,4,4,Western Gray Squirrel,Sciurus griseus,Western Gray Squirrel,Mammalia,46023
183030606,80d5e499-743e-43b0-915a-926beb5eba61,2023-09-12 18:20:45-07:00,2023-09-12,2023-09-13 01:20:45 UTC,Pacific Time (US & Canada),research,CC-BY-NC,https://www.inaturalist.org/observations/183030606,,https://static.inaturalist.org/sounds/811410.m4a?1694570408,2,0,false,"Davidson Rd, Placerville, CA, US",38.6786067579,-120.8802620788,4,4,California Ground Squirrel,Otospermophilus beecheyi,California Ground Squirrel,Mammalia,180007
183173800,a6eb296c-8427-4a3a-86f3-2f55cf97cc9a,2023-09-13 21:06:55-07:00,2023-09-13,2023-09-14 04:06:55 UTC,Pacific Time (US & Canada),research,CC-BY-NC,https://www.inaturalist.org/observations/183173800,,https://static.inaturalist.org/sounds/812006.m4a?1694664446,1,0,false,"Humboldt County, US-CA, US",41.1658808164,-124.1116821583,4,27847,Gray Fox,Urocyon cinereoargenteus,Gray Fox,Mammalia,42076
183229673,b1d7f539-a79a-453f-9972-2636fe77cbb4,2023-09-14 09:10:32-07:00,2023-09-14,2023-09-14 16:10:32 UTC,Pacific Time (US & Canada),research,CC-BY-NC,https://www.inaturalist.org/observations/183229673,,https://static.inaturalist.org/sounds/812308.m4a?1694707885,1,0,false,"Sunol, CA, US",37.5783959105,-121.8098831265,176,176,Coyote,Canis latrans,Coyote,Mammalia,42051
183563545,02569eec-924b-4109-863d-3e3c3d42f919,2023/08/23 9:54 AM,2023-08-23,2023-08-23 16:54:00 UTC,Pacific Time (US & Canada),research,CC-BY-NC,https://www.inaturalist.org/observations/183563545,https://inaturalist-open-data.s3.amazonaws.com/photos/320198855/medium.jpeg,https://static.inaturalist.org/sounds/813663.m4a?1694893265,2,0,false,"San Luis Obispo County, CA, USA",35.6626147972,-121.2585592579,114,114,Northern Elephant Seal,Mirounga angustirostris,Northern Elephant Seal,Mammalia,41728
183723771,7ee9ffa6-4f0b-44cd-8c89-8644ab97243b,2023-09-17 12:41:08-07:00,2023-09-17,2023-09-17 19:41:08 UTC,Pacific Time (US & Canada),research,CC-BY-NC,https://www.inaturalist.org/observations/183723771,,https://static.inaturalist.org/sounds/814399.m4a?1694979691,1,0,false,"Glenwood Open Space Preserve, Scotts Valley, CA, US",37.0745078347,-121.9993204446,7,7,California Ground Squirrel,Otospermophilus beecheyi,California Ground Squirrel,Mammalia,180007
183740152,540f0a55-8879-426a-b93f-97652a840618,2023-09-17 14:18:46-07:00,2023-09-17,2023-09-17 21:18:46 UTC,Pacific Time (US & Canada),research,,https://www.inaturalist.org/observations/183740152,,https://static.inaturalist.org/sounds/814463.m4a?1694985543,1,0,false,"Newhall Community Park, Concord, CA, US",37.9567701649,-121.9852879365,4,4,California Ground Squirrel,Otospermophilus beecheyi,California Ground Squirrel,Mammalia,180007
183849309,a75e2a08-528e-4d0f-9658-a6b322b96792,2023/09/13 7:48 AM,2023-09-13,2023-09-13 14:48:00 UTC,Pacific Time (US & Canada),research,CC0,https://www.inaturalist.org/observations/183849309,,https://static.inaturalist.org/sounds/814824.m4a?1695048507,1,0,false,"Inyo County, CA, USA",37.1653693884,-118.5649606118,15,15,American Pika,Ochotona princeps,American Pika,Mammalia,43188
183920140,0d1e0d32-801b-4d7a-bf9f-27d016a31bcb,2023/09/12 9:24 PM,2023-09-12,2023-09-13 04:24:00 UTC,Pacific Time (US & Canada),research,CC-BY-NC,https://www.inaturalist.org/observations/183920140,,https://static.inaturalist.org/sounds/815116.mp3?1695081514,2,0,false,"Ansel Adams Wilderness, CA, USA",37.7228661437,-119.1821981344,1368,1368,Coyote,Canis latrans,Coyote,Mammalia,42051
184150717,4f60c36b-6916-4dce-9e8e-497974710e04,2023-09-20 11:14:09-07:00,2023-09-20,2023-09-20 18:14:09 UTC,Pacific Time (US & Canada),research,CC-BY-NC,https://www.inaturalist.org/observations/184150717,https://inaturalist-open-data.s3.amazonaws.com/photos/321400402/medium.jpg,https://static.inaturalist.org/sounds/816061.m4a?1695234076,2,0,false,"Lower Arroyo Park Area, Pasadena, CA, US",34.1429055,-118.1677033333,4,4,Coyote,Canis latrans,Coyote,Mammalia,42051
184757990,fece9c0b-efa4-47f0-9de8-fe4508faea89,2023-09-24 13:32:25-07:00,2023-09-24,2023-09-24 20:32:25 UTC,Pacific Time (US & Canada),research,CC-BY-NC,https://www.inaturalist.org/observations/184757990,,https://static.inaturalist.org/sounds/818586.m4a?1695587581,1,0,false,"Abalone Cove Park, Rancho Palos Verdes, CA, US",33.7421558405,-118.3780938617,206,206,California Ground Squirrel,Otospermophilus beecheyi,California Ground Squirrel,Mammalia,180007
185064972,6cb0cf02-7685-4712-a71f-4d268dd84355,2023-09-26 14:42:13-07:00,2023-09-26,2023-09-26 21:42:13 UTC,Pacific Time (US & Canada),research,CC-BY-NC,https://www.inaturalist.org/observations/185064972,,https://static.inaturalist.org/sounds/819836.m4a?1695764547,2,0,false,"Arcata, CA, US",40.8757057507,-124.0695534368,4,4,Douglas' Squirrel,Tamiasciurus douglasii,Douglas's Squirrel,Mammalia,46259
185064974,3665bfcf-f3df-4fd6-8ec8-96066d530475,2023-09-26 14:42:17-07:00,2023-09-26,2023-09-26 21:42:17 UTC,Pacific Time (US & Canada),research,CC-BY-NC,https://www.inaturalist.org/observations/185064974,,https://static.inaturalist.org/sounds/819835.m4a?1695764545,2,0,false,"Arcata, CA, US",40.8756963802,-124.0696429235,18,18,Douglas' Squirrel,Tamiasciurus douglasii,Douglas's Squirrel,Mammalia,46259
185227100,b2f992c0-5743-456e-b10d-3b4d9a0bd095,2023-09-27 17:42:41-07:00,2023-09-27,2023-09-28 00:42:41 UTC,Pacific Time (US & Canada),research,CC-BY-NC,https://www.inaturalist.org/observations/185227100,,https://static.inaturalist.org/sounds/820445.m4a?1695866443,1,0,false,"Mendocino National Forest, US-CA, US",39.4266789174,-122.9782739003,12,12,Tule Elk,Cervus canadensis nannodes,Tule Elk,Mammalia,566549
185243355,5e442253-b920-4ec7-b69a-ff3325a2b699,2023/09/27 10:53 PM,2023-09-27,2023-09-28 05:53:00 UTC,Pacific Time (US & Canada),research,,https://www.inaturalist.org/observations/185243355,,https://static.inaturalist.org/sounds/820527.wav?1695880512,2,0,false,"Alameda County, CA, USA",37.6876521794,-122.0240651115,977,977,Coyote,Canis latrans,Coyote,Mammalia,42051
185295683,bf073ef1-781c-454a-876c-22af3ee4196d,2023-09-28 09:09:31-07:00,2023-09-28,2023-09-28 16:09:31 UTC,Pacific Time (US & Canada),research,CC-BY-NC,https://www.inaturalist.org/observations/185295683,https://inaturalist-open-data.s3.amazonaws.com/photos/323591539/medium.jpg,https://static.inaturalist.org/sounds/820819.m4a?1695917410,1,0,false,"Elmdale Ave, Simi Valley, CA, US",34.2767138804,-118.7506254305,8,8,Fox Squirrel,Sciurus niger,Eastern Fox Squirrel,Mammalia,46020
185465222,c162cdcb-7ca0-497b-8416-a17a4f8abd98,2023-09-29 11:56:28,2023-09-29,2023-09-29 18:56:28 UTC,Pacific Time (US & Canada),research,,https://www.inaturalist.org/observations/185465222,https://static.inaturalist.org/photos/323911266/medium.jpeg,https://static.inaturalist.org/sounds/821587.wav?1696013871,1,0,false,"Hollywood, Oxnard, CA 93035, USA",34.1599955,-119.2222894,7,7,California Sea Lion,Zalophus californianus,California Sea Lion,Mammalia,41740
185466582,7e082122-36cb-4d9d-9208-8a0ff5dad810,2023-09-29 12:04:06,2023-09-29,2023-09-29 19:04:06 UTC,Pacific Time (US & Canada),research,,https://www.inaturalist.org/observations/185466582,https://static.inaturalist.org/photos/323913496/medium.jpeg,https://static.inaturalist.org/sounds/821598.wav?1696014392,1,0,false,"Hollywood, Oxnard, CA 93035, USA",34.15997269,-119.22223053,15,15,California Sea Lion,Zalophus californianus,California Sea Lion,Mammalia,41740
185526690,e8df1c09-788a-4cc7-b238-6225a9a55960,2023-09-26 08:13:36-07:00,2023-09-26,2023-09-26 15:13:36 UTC,Pacific Time (US & Canada),research,CC-BY-NC,https://www.inaturalist.org/observations/185526690,https://inaturalist-open-data.s3.amazonaws.com/photos/324032540/medium.jpeg,https://static.inaturalist.org/sounds/821961.m4a?1696049348,1,0,false,"Albany Hill & Creekside Park, Albany, CA, US",37.8981660049,-122.3051895812,4,4,Columbian Black-tailed Deer,Odocoileus hemionus columbianus,Columbian Black-tailed Deer,Mammalia,42221
185860238,4b87d371-faa6-4e80-ac2d-5b37ff7a661e,2023-10-01 13:19:16-07:00,2023-10-01,2023-10-01 20:19:16 UTC,Pacific Time (US & Canada),research,CC-BY-NC,https://www.inaturalist.org/observations/185860238,https://inaturalist-open-data.s3.amazonaws.com/photos/324679130/medium.jpg,https://static.inaturalist.org/sounds/823481.wav?1696221073,1,0,false,"Red Rock Canyon State Park, Weldon, CA, US",35.3570039447,-117.9764486946,75,75,Mexican Free-tailed Bat,Tadarida brasiliensis,Mexican Free-tailed Bat,Mammalia,41301
185946942,470b67c3-309e-4400-80c5-6d16b759eb1a,2023-10-02 12:42:49-07:00,2023-10-02,2023-10-02 19:42:49 UTC,Pacific Time (US & Canada),research,,https://www.inaturalist.org/observations/185946942,,https://static.inaturalist.org/sounds/823845.m4a?1696275987,1,0,false,"Spruce St, Berkeley, CA, US",37.8767783863,-122.2659581251,6,6,Fox Squirrel,Sciurus niger,Eastern Fox Squirrel,Mammalia,46020
186285846,6857ee13-6a65-4519-8128-192512ce3360,2023/10/05 7:45 AM,2023-10-05,2023-10-05 14:45:00 UTC,Pacific Time (US & Canada),research,CC0,https://www.inaturalist.org/observations/186285846,,https://static.inaturalist.org/sounds/825395.m4a?1696517158,1,0,false,"Fulton Street, Bishop, CA",37.3605596583,-118.3999304144,4,4,Coyote,Canis latrans,Coyote,Mammalia,42051
186583863,83b99c83-30e8-41a3-b3da-5f3d1fafbfd1,2023-10-07 12:14:03-07:00,2023-10-07,2023-10-07 19:14:03 UTC,Pacific Time (US & Canada),research,CC-BY-NC,https://www.inaturalist.org/observations/186583863,https://inaturalist-open-data.s3.amazonaws.com/photos/326105815/medium.jpg,https://static.inaturalist.org/sounds/826617.m4a?1696706094,2,0,false,"Siesta Ln, Santa Rosa, CA, US",38.4538279042,-122.6900604403,9,9,Western Gray Squirrel,Sciurus griseus,Western Gray Squirrel,Mammalia,46023
186625917,b66e0b8f-f6f1-44d4-985a-23ef8f262fdd,2023-10-07 17:18:53-07:00,2023-10-07,2023-10-08 00:18:53 UTC,Pacific Time (US & Canada),research,,https://www.inaturalist.org/observations/186625917,,https://static.inaturalist.org/sounds/826780.m4a?1696725129,1,0,false,"San Francisco Botanical Garden, San Francisco, CA, US",37.7688333113,-122.4691937306,5,5,Eastern Gray Squirrel,Sciurus carolinensis,Eastern Gray Squirrel,Mammalia,46017
186634739,772095d3-dd2d-4988-9633-13bd22dd4be7,2023/10/07 10:19 AM,2023-10-07,2023-10-07 17:19:00 UTC,Pacific Time (US & Canada),research,CC-BY,https://www.inaturalist.org/observations/186634739,https://inaturalist-open-data.s3.amazonaws.com/photos/326973941/medium.jpg,https://static.inaturalist.org/sounds/828944.m4a?1697043892,1,0,false,"Tuolumne County, CA, USA",38.2466305556,-120.2675166667,5,5,Douglas' Squirrel,Tamiasciurus douglasii,Douglas's Squirrel,Mammalia,46259
186876251,d5211f3f-257f-4033-a2bd-2315a30f79af,2023-10-08 11:03:45-07:00,2023-10-08,2023-10-08 18:03:45 UTC,Pacific Time (US & Canada),research,CC-BY-NC,https://www.inaturalist.org/observations/186876251,,https://static.inaturalist.org/sounds/827954.m4a?1696874516,1,0,false,"San Francisco Bay Trail, Oakland, CA, US",37.7365145751,-122.2048051269,4,4,California Ground Squirrel,Otospermophilus beecheyi,California Ground Squirrel,Mammalia,180007
186983172,5d55bcc9-de1a-4c04-9fc8-fb6e89d13b55,2023-10-10 05:32:49-07:00,2023-10-10,2023-10-10 12:32:49 UTC,Pacific Time (US & Canada),research,CC-BY-NC,https://www.inaturalist.org/observations/186983172,,https://static.inaturalist.org/sounds/828344.m4a?1696941209,1,0,false,"Canyon Crest, Riverside, CA, US",33.93180425,-117.36417085,3316,3316,Coyote,Canis latrans,Coyote,Mammalia,42051
187196158,dcc63353-3caa-49dd-a04b-b4e5b39753f9,2023-10-11 18:12:34-07:00,2023-10-11,2023-10-12 01:12:34 UTC,Pacific Time (US & Canada),research,CC-BY-NC,https://www.inaturalist.org/observations/187196158,,https://static.inaturalist.org/sounds/829177.m4a?1697075941,2,0,false,"Huckleberry Botanic Regional Preserve, Contra Costa County, US-CA, US",37.8444719238,-122.1927480756,4,4,Canis latrans,Canis latrans,Coyote,Mammalia,42051
187698321,455785db-e0c8-4633-a520-ff373c176333,2023-10-15 14:51:14-07:00,2023-10-15,2023-10-15 21:51:14 UTC,Pacific Time (US & Canada),research,CC-BY-NC,https://www.inaturalist.org/observations/187698321,https://inaturalist-open-data.s3.amazonaws.com/photos/328307925/medium.jpg,https://static.inaturalist.org/sounds/831318.m4a?1697406860,1,0,false,"N Greenbrier Rd, Long Beach, CA, US",33.784835791,-118.1333407338,29,29,Fox Squirrel,Sciurus niger,Eastern Fox Squirrel,Mammalia,46020
188042816,bd66628e-976d-44d0-8810-04c9675e01ad,2023-10-18 10:33:49-07:00,2023-10-18,2023-10-18 17:33:49 UTC,Pacific Time (US & Canada),research,CC-BY-NC,https://www.inaturalist.org/observations/188042816,https://inaturalist-open-data.s3.amazonaws.com/photos/329039254/medium.jpg,https://static.inaturalist.org/sounds/832933.m4a?1697650443,1,0,false,"Alma Bridge Rd, Los Gatos, CA, US",37.1968875117,-121.9832738419,4,4,Merriam's Chipmunk,Neotamias merriami,Merriam's Chipmunk,Mammalia,197810
188043387,6b6c5306-68f3-4279-9d4b-914b293d658a,2023-10-18 10:38:36-07:00,2023-10-18,2023-10-18 17:38:36 UTC,Pacific Time (US & Canada),research,CC-BY-NC,https://www.inaturalist.org/observations/188043387,,https://static.inaturalist.org/sounds/832937.m4a?1697650744,1,0,false,"Alma Bridge Rd, Los Gatos, CA, US",37.1966849927,-121.9834329831,4,4,Merriam's Chipmunk,Neotamias merriami,Merriam's Chipmunk,Mammalia,197810
188096722,6ae75242-017c-400a-8c96-645538316dd8,2023-10-18 18:39:40-07:00,2023-10-18,2023-10-19 01:39:40 UTC,Pacific Time (US & Canada),research,CC-BY-NC,https://www.inaturalist.org/observations/188096722,,https://static.inaturalist.org/sounds/833132.m4a?1697681459,1,0,false,"Mendocino National Forest, US-CA, US",39.4552868234,-122.9396830802,3019,3019,Tule Elk,Cervus canadensis nannodes,Tule Elk,Mammalia,566549
188170920,eaa03334-d2fe-41bc-b78c-ca30245f7ea2,2023/10/19 8:47 AM,2023-10-19,2023-10-19 15:47:00 UTC,Pacific Time (US & Canada),research,CC-BY,https://www.inaturalist.org/observations/188170920,https://inaturalist-open-data.s3.amazonaws.com/photos/329257392/medium.png,https://static.inaturalist.org/sounds/833526.wav?1697741455,2,0,false,"Richmond, CA, USA",37.9655751023,-122.2658437722,32,32,Coyote,Canis latrans,Coyote,Mammalia,42051
188396059,7aa8c101-19be-4032-9537-5c3e1fcc22ff,2023-10-21 09:35:52-07:00,2023-10-21,2023-10-21 16:35:52 UTC,Pacific Time (US & Canada),research,CC-BY-NC,https://www.inaturalist.org/observations/188396059,,https://static.inaturalist.org/sounds/834593.m4a?1697906162,2,0,false,"Samuel Ct, Clayton, CA, US",37.9329516664,-121.9268677591,4,4,California Ground Squirrel,Otospermophilus beecheyi,California Ground Squirrel,Mammalia,180007
188604566,b81313ab-ae7b-4100-a692-aa700cdbf90a,2023-10-22 22:45:00Z,2023-10-22,2023-10-22 22:45:00 UTC,Pacific Time (US & Canada),research,CC-BY,https://www.inaturalist.org/observations/188604566,,https://static.inaturalist.org/sounds/835409.m4a?1698022369,1,0,false,"San Dieguito River Park, San Diego, CA, US",33.0504327553,-117.0818143679,483,483,Coyote,Canis latrans,Coyote,Mammalia,42051
188915365,0b49e23f-4b04-4c18-bc58-88f9329fdddf,2023-10-25 10:32:00,2023-10-25,2023-10-25 17:32:00 UTC,Pacific Time (US & Canada),research,CC-BY-NC,https://www.inaturalist.org/observations/188915365,,https://static.inaturalist.org/sounds/836841.m4a?1698255170,1,0,false,"San Diego, CA 92119, USA",32.7907954805,-117.045857124,4,4,California Ground Squirrel,Otospermophilus beecheyi,California Ground Squirrel,Mammalia,180007
188961176,4cd4e7e1-d97a-481e-b6e7-2006f62d560b,2023-10-25 18:19:26-07:00,2023-10-25,2023-10-26 01:19:26 UTC,Pacific Time (US & Canada),research,,https://www.inaturalist.org/observations/188961176,,https://static.inaturalist.org/sounds/837001.m4a?1698283236,1,0,false,"Harris Ranch Rd, Potrero, CA, US",32.6230698168,-116.5621607154,4,4,Coyote,Canis latrans,Coyote,Mammalia,42051
189129540,32700142-b8a9-4d99-99ce-47be100aa69f,2023-10-27 09:12:48-07:00,2023-10-27,2023-10-27 16:12:48 UTC,Pacific Time (US & Canada),research,CC-BY-NC,https://www.inaturalist.org/observations/189129540,https://inaturalist-open-data.s3.amazonaws.com/photos/331225020/medium.jpg,https://static.inaturalist.org/sounds/837717.m4a?1698423814,1,0,false,"Monterey Bay, Santa Cruz, CA, US",36.960709482,-122.020196804,142,142,California Sea Lion,Zalophus californianus,California Sea Lion,Mammalia,41740
189262383,28f81156-1068-4c1e-af3f-331a133e9da6,2023-10-28 12:27:51-07:00,2023-10-28,2023-10-28 19:27:51 UTC,Pacific Time (US & Canada),research,CC-BY-NC,https://www.inaturalist.org/observations/189262383,https://inaturalist-open-data.s3.amazonaws.com/photos/331493422/medium.jpg,https://static.inaturalist.org/sounds/838323.m4a?1698522294,1,0,false,"Redondo Beach Blvd, Torrance, CA, US",33.8802072499,-118.3362196014,9,9,Fox Squirrel,Sciurus niger,Eastern Fox Squirrel,Mammalia,46020
189302145,edae6bee-0bff-47cd-ba32-1ec0ec79767e,2023-10-28 10:51:21-07:00,2023-10-28,2023-10-28 17:51:21 UTC,Pacific Time (US & Canada),research,CC-BY-NC,https://www.inaturalist.org/observations/189302145,,https://static.inaturalist.org/sounds/838481.m4a?1698545467,1,0,false,"Almaden Quicksilver County Park, Los Gatos, CA, US",37.2073340054,-121.8823239085,4,4,Western Gray Squirrel,Sciurus griseus,Western Gray Squirrel,Mammalia,46023
189623603,3a4337e7-e5ab-41cd-a908-a1cd71806ad8,2023-10-31 18:59:23-07:00,2023-10-31,2023-11-01 01:59:23 UTC,Pacific Time (US & Canada),research,CC-BY-NC,https://www.inaturalist.org/observations/189623603,,https://static.inaturalist.org/sounds/839812.m4a?1698804104,1,0,false,"Los Angeles County, US-CA, US",34.2129398681,-118.1863637823,8,28846,Common Raccoon,Procyon lotor,Common Raccoon,Mammalia,41663
189795917,a38faa58-c14b-4c9d-a6ab-ec58a74a64ae,2023-11-02 15:02:27-07:00,2023-11-02,2023-11-02 22:02:27 UTC,Pacific Time (US & Canada),research,CC-BY-NC,https://www.inaturalist.org/observations/189795917,https://inaturalist-open-data.s3.amazonaws.com/photos/334022466/medium.jpg,https://static.inaturalist.org/sounds/843795.m4a?1699633694,1,0,false,"Ross Ct, Claremont, CA, US",34.1135288058,-117.7148205177,829,829,Western Gray Squirrel,Sciurus griseus,Western Gray Squirrel,Mammalia,46023
189810828,91f9a6cf-4bb2-48a9-8af8-97ade36f7053,2023-11-02 18:40:00-07:00,2023-11-02,2023-11-03 01:40:00 UTC,Pacific Time (US & Canada),research,CC-BY-NC,https://www.inaturalist.org/observations/189810828,,https://static.inaturalist.org/sounds/840580.m4a?1698975619,1,0,false,"Los Angeles County, US-CA, US",34.2765066264,-118.1419157396,6,28846,Coyote,Canis latrans,Coyote,Mammalia,42051
190224499,da827905-f271-4327-8d07-dce071391dba,2023/11/02 9:43 AM,2023-11-02,2023-11-02 16:43:00 UTC,Pacific Time (US & Canada),research,CC-BY,https://www.inaturalist.org/observations/190224499,https://inaturalist-open-data.s3.amazonaws.com/photos/333405553/medium.png,https://static.inaturalist.org/sounds/842430.m4a?1699292102,1,0,false,"Yosemite National Park, California, USA",37.7477509,-119.596542,7,7,Western Gray Squirrel,Sciurus griseus,Western Gray Squirrel,Mammalia,46023
190562420,ecc35cb9-2aa7-41e7-9d51-c97610d44595,2023/10/16 5:21 PM,2023-10-16,2023-10-17 00:21:00 UTC,Pacific Time (US & Canada),research,CC-BY-NC,https://www.inaturalist.org/observations/190562420,,https://static.inaturalist.org/sounds/843638.mp3?1699603089,3,0,false,"Arcata, CA, USA",40.8736113252,-124.0714881822,68,68,Douglas' Squirrel,Tamiasciurus douglasii,Douglas's Squirrel,Mammalia,46259
190602707,d42497c9-2d91-4114-ba97-fa366d4ea7b9,2023-11-10 11:07:10-08:00,2023-11-10,2023-11-10 19:07:10 UTC,Pacific Time (US & Canada),research,,https://www.inaturalist.org/observations/190602707,,https://static.inaturalist.org/sounds/843823.m4a?1699643241,1,0,false,"S Ogden Dr, Los Angeles, CA, US",34.0670640393,-118.3599187121,12,12,Fox Squirrel,Sciurus niger,Eastern Fox Squirrel,Mammalia,46020
190729242,e100c9bc-860f-4c96-b6fb-a87be77ce231,2023-11-11 14:58:52-08:00,2023-11-11,2023-11-11 22:58:52 UTC,Pacific Time (US & Canada),research,CC-BY-NC,https://www.inaturalist.org/observations/190729242,https://inaturalist-open-data.s3.amazonaws.com/photos/334421417/medium.jpg,https://static.inaturalist.org/sounds/844441.m4a?1699743615,2,0,false,"Santa Clara County, US-CA, US",37.2259490482,-121.8131481132,20,28417,Eastern Gray Squirrel,Sciurus carolinensis,Eastern Gray Squirrel,Mammalia,46017
190788313,2da5e9a0-2466-4ae4-b55f-6eefb25503a9,2023-11-12 05:22:38-08:00,2023-11-12,2023-11-12 13:22:38 UTC,Pacific Time (US & Canada),research,CC-BY-NC,https://www.inaturalist.org/observations/190788313,,https://static.inaturalist.org/sounds/844694.m4a?1699795396,1,0,false,"Stanislaus National Forest, Arnold, CA, US",38.4630376069,-120.0465147905,5,5,Coyote,Canis latrans,Coyote,Mammalia,42051
191128071,02533399-1427-4d38-b669-616977941238,2023-11-15 14:44:00-08:00,2023-11-15,2023-11-15 22:44:00 UTC,Pacific Time (US & Canada),research,,https://www.inaturalist.org/observations/191128071,https://static.inaturalist.org/photos/335218662/medium.jpg,https://static.inaturalist.org/sounds/846178.m4a?1700088314,1,0,false,"S Ogden Dr, Los Angeles, CA, US",34.0670336373,-118.3599368776,35,35,Fox Squirrel,Sciurus niger,Eastern Fox Squirrel,Mammalia,46020
191147851,42f8826d-3769-446b-9517-367d3bd7284e,2023/11/10 12:10 PM,2023-11-10,2023-11-10 20:10:00 UTC,Pacific Time (US & Canada),research,CC-BY-NC,https://www.inaturalist.org/observations/191147851,,https://static.inaturalist.org/sounds/846260.wav?1700104037,2,0,false,"Willow Creek, CA, USA",40.8751950729,-123.7278747848,20,20,Douglas' Squirrel,Tamiasciurus douglasii,Douglas's Squirrel,Mammalia,46259
191435807,37ac2611-8d5f-4d77-a4fa-1f3039da9776,2023-11-16 11:00:36-08:00,2023-11-16,2023-11-16 19:00:36 UTC,Pacific Time (US & Canada),research,CC-BY-NC,https://www.inaturalist.org/observations/191435807,,https://static.inaturalist.org/sounds/847491.m4a?1700365255,1,0,false,"Ernest E. Debs Regional Park, Los Angeles, CA, US",34.0969718424,-118.199877227,20,20,Eastern Fox Squirrel,Sciurus niger,Eastern Fox Squirrel,Mammalia,46020
191732698,595de177-a843-4ba8-96a9-919cacb97abf,2023-11-21 13:43:31,2023-11-21,2023-11-21 21:43:31 UTC,Pacific Time (US & Canada),research,CC-BY-NC,https://www.inaturalist.org/observations/191732698,https://inaturalist-open-data.s3.amazonaws.com/photos/336428628/medium.jpeg,https://static.inaturalist.org/sounds/848889.wav?1700625714,1,0,false,"Long Ridge Open Space Preserve, San Mateo County, US-CA, US",37.27537466,-122.15303128,8,8,Western Gray Squirrel,Sciurus griseus,Western Gray Squirrel,Mammalia,46023
191858125,e342e5a6-5fd9-4f76-8701-0ab494f6627e,2023-11-23 09:22:24-08:00,2023-11-23,2023-11-23 17:22:24 UTC,Pacific Time (US & Canada),research,CC-BY-NC,https://www.inaturalist.org/observations/191858125,,https://static.inaturalist.org/sounds/849631.m4a?1700760189,2,0,false,"Castle Rock Regional Recreation Area, Walnut Creek, CA, US",37.8926160578,-121.9931005186,9,9,California Ground Squirrel,Otospermophilus beecheyi,California Ground Squirrel,Mammalia,180007
192774518,25590170-66eb-4b68-b800-2efd2ffabde1,2023/12/01 5:45 PM,2023-12-01,2023-12-02 01:45:00 UTC,Pacific Time (US & Canada),research,CC-BY-NC,https://www.inaturalist.org/observations/192774518,,https://static.inaturalist.org/sounds/854506.mp3?1701481569,1,0,false,"Turtle Rock, Irvine, CA, USA",33.6558696093,-117.8250867485,131,131,Coyote,Canis latrans,Coyote,Mammalia,42051
193402194,7304ca81-202b-4095-8f12-9131006449de,2023-12-08 10:01:43-08:00,2023-12-08,2023-12-08 18:01:43 UTC,Pacific Time (US & Canada),research,CC-BY-NC,https://www.inaturalist.org/observations/193402194,,https://static.inaturalist.org/sounds/857580.m4a?1702058581,1,0,false,"Eagle Ridge Rd, Penngrove, CA, US",38.3514996688,-122.6041295211,5,5,Coyote,Canis latrans,Coyote,Mammalia,42051
193835902,c7fb05d6-95c9-4bde-a5c6-260a2d437384,2023-12-12 16:45:02-08:00,2023-12-12,2023-12-13 00:45:02 UTC,Pacific Time (US & Canada),research,CC-BY-NC,https://www.inaturalist.org/observations/193835902,https://inaturalist-open-data.s3.amazonaws.com/photos/340565403/medium.jpg,https://static.inaturalist.org/sounds/859438.m4a?1702428368,2,0,false,"Rose St, Berkeley, CA, US",37.8823144315,-122.2682748177,16,16,Fox Squirrel,Sciurus niger,Eastern Fox Squirrel,Mammalia,46020
194087323,00a70422-e6ca-4e96-8a6d-b46ee438cc6f,2023-12-15 23:29:00-08:00,2023-12-15,2023-12-16 07:29:00 UTC,Pacific Time (US & Canada),research,CC-BY-NC,https://www.inaturalist.org/observations/194087323,,https://static.inaturalist.org/sounds/860589.m4a?1702711960,1,0,false,"Los Angeles County, US-CA, US",34.30368746,-118.1084319687,6,28846,Coyote,Canis latrans,Coyote,Mammalia,42051
194337941,628a1e13-4220-4319-8bfc-e8266168aeee,2023-12-18 22:38:49-08:00,2023-12-18,2023-12-19 06:38:49 UTC,Pacific Time (US & Canada),research,CC-BY-NC,https://www.inaturalist.org/observations/194337941,,https://static.inaturalist.org/sounds/862071.m4a?1702967975,1,0,false,"San Diego County, US-CA, US",32.8811733116,-116.9995630637,6,29039,Coyote,Canis latrans,Coyote,Mammalia,42051
194409553,c0ec9bfd-7245-49ca-9422-137880523641,2023-12-19 22:03:13-08:00,2023-12-19,2023-12-20 06:03:13 UTC,Pacific Time (US & Canada),research,CC-BY-NC,https://www.inaturalist.org/observations/194409553,,https://static.inaturalist.org/sounds/862404.m4a?1703052228,1,0,false,"Longspur Loop, Lincoln, CA, US",38.8514046301,-121.2605644284,4,4,Coyote,Canis latrans,Coyote,Mammalia,42051
194522797,5be1064e-27a4-4bcc-bfdf-aa82dd208959,2023-12-21 11:20:47-08:00,2023-12-21,2023-12-21 19:20:47 UTC,Pacific Time (US & Canada),research,CC-BY-NC,https://www.inaturalist.org/observations/194522797,,https://static.inaturalist.org/sounds/862981.m4a?1703186475,1,0,false,"Alma Bridge Rd, Los Gatos, CA, US",37.2007530117,-121.9799105362,5,5,Merriam's Chipmunk,Neotamias merriami,Merriam's Chipmunk,Mammalia,197810
194683669,a48d6a1a-19a8-4ae1-baf7-35da2c315b4f,2023/11/25 5:34 PM,2023-11-25,2023-11-26 01:34:00 UTC,Pacific Time (US & Canada),research,CC-BY-NC,https://www.inaturalist.org/observations/194683669,,https://static.inaturalist.org/sounds/863935.m4a?1703360369,2,0,false,"San Mateo County, CA, USA",37.7020845519,-122.4337620439,216,216,Coyote,Canis latrans,Coyote,Mammalia,42051
194783891,09d16817-ba74-486b-9549-72add429c4b7,2023-12-24 17:22:27,2023-12-24,2023-12-25 01:22:27 UTC,Pacific Time (US & Canada),research,,https://www.inaturalist.org/observations/194783891,,https://static.inaturalist.org/sounds/864519.wav?1703467990,1,0,false,"TWENTYNIN PLM, CA 92277, USA",34.22558265,-116.15149349,4,4,Coyote,Canis latrans,Coyote,Mammalia,42051
194941375,67929e88-6522-4a2c-8383-1b6b6b911969,2023-12-26 17:31:07-08:00,2023-12-26,2023-12-27 01:31:07 UTC,Pacific Time (US & Canada),research,CC-BY-NC,https://www.inaturalist.org/observations/194941375,,https://static.inaturalist.org/sounds/865708.m4a?1703640694,1,0,false,"Los Angeles County, US-CA, US",34.3086378094,-118.1428149777,8,28846,Coyote,Canis latrans,Coyote,Mammalia,42051
195419552,cac6be8c-cb88-46fa-a371-fefd498a29fc,2023-12-31 16:17:51-08:00,2023-12-31,2024-01-01 00:17:51 UTC,Pacific Time (US & Canada),research,CC-BY-NC,https://www.inaturalist.org/observations/195419552,,https://static.inaturalist.org/sounds/868681.m4a?1704068946,1,0,false,"Tulare County, US-CA, US",35.9719059971,-118.5397050938,9,9,Coyote,Canis latrans,Coyote,Mammalia,42051
195895160,7ed54417-30b6-48d8-86d3-66127c98446d,2024-01-05 18:49:00,2024-01-05,2024-01-06 02:49:00 UTC,Pacific Time (US & Canada),research,CC-BY-NC,https://www.inaturalist.org/observations/195895160,https://inaturalist-open-data.s3.amazonaws.com/photos/344750976/medium.jpeg,https://static.inaturalist.org/sounds/871900.m4a?1704564950,4,0,false,"Los Angeles County, US-CA, US",34.0389930633,-118.3510085646,5,28874,Coyote,Canis latrans,Coyote,Mammalia,42051
196000477,6b92e4a4-b011-401e-90a2-0ed9f31f2052,2023/12/26 12:45 pm,2023-12-26,2023-12-26 20:45:00 UTC,Pacific Time (US & Canada),research,CC-BY-NC,https://www.inaturalist.org/observations/196000477,,https://static.inaturalist.org/sounds/872239.wav?1704609244,1,0,false,"Berkeley Marina, Berkeley, CA, USA",37.8698469775,-122.3204953063,61,61,California Ground Squirrel,Otospermophilus beecheyi,California Ground Squirrel,Mammalia,180007
196085319,80805997-54b4-450b-9cb9-17f398e7132d,2024-01-05 20:21:00,2024-01-05,2024-01-06 04:21:00 UTC,Pacific Time (US & Canada),research,CC-BY-NC,https://www.inaturalist.org/observations/196085319,,https://static.inaturalist.org/sounds/872879.m4a?1704680357,1,0,false,"Los Angeles County, US-CA, US",34.12117256,-118.2810440608,12,28874,Coyote,Canis latrans,Coyote,Mammalia,42051
196388331,a52e4a66-0f62-43a4-8728-bc58799d9c28,2024-01-11 16:13:22-08:00,2024-01-11,2024-01-12 00:13:22 UTC,Pacific Time (US & Canada),research,,https://www.inaturalist.org/observations/196388331,,https://static.inaturalist.org/sounds/874451.m4a?1705018472,1,0,false,"Moraga, CA, US",37.8173110378,-122.1324993076,4,4,Coyote,Canis latrans,Coyote,Mammalia,42051
196397527,c0941a81-47f4-489e-a0f0-3e23414a45b7,2024-01-11 19:04:13-08:00,2024-01-11,2024-01-12 03:04:13 UTC,Pacific Time (US & Canada),research,CC-BY-NC,https://www.inaturalist.org/observations/196397527,,https://static.inaturalist.org/sounds/874503.m4a?1705030114,1,0,false,"Golden Gate Park, San Francisco, CA, US",37.7717482291,-122.4621226418,4,4,Coyote,Canis latrans,Coyote,Mammalia,42051
196413831,2a7c2458-7a2d-4752-9c92-beb58ac6cbae,2024-01-12 01:09:48,2024-01-12,2024-01-12 09:09:48 UTC,Pacific Time (US & Canada),research,,https://www.inaturalist.org/observations/196413831,,https://static.inaturalist.org/sounds/874590.wav?1705050785,1,0,false,"Clairemont Mesa West, San Diego, CA, USA",32.80355408,-117.17887904,3,3,Coyote,Canis latrans,Coyote,Mammalia,42051
196866907,3f13fa53-4a8e-49ce-ab2f-bb572e46c5ae,2024-01-16 06:12:14-08:00,2024-01-16,2024-01-16 14:12:14 UTC,Pacific Time (US & Canada),research,CC-BY-NC,https://www.inaturalist.org/observations/196866907,,https://static.inaturalist.org/sounds/877392.m4a?1705440631,1,0,false,"Tilting T Dr, Borrego Springs, CA, US",33.2405138894,-116.3883805907,4,4,Coyote,Canis latrans,Coyote,Mammalia,42051
196879165,31a629b1-9141-4316-81bc-955b271e1375,2024-01-16 16:29:49-08:00,2024-01-16,2024-01-17 00:29:49 UTC,Pacific Time (US & Canada),research,CC-BY-NC,https://www.inaturalist.org/observations/196879165,,https://static.inaturalist.org/sounds/877563.m4a?1705451409,1,0,false,"The Huntington Library, Art Museum, and Botanical Gardens, San Marino, CA, US",34.1318716295,-118.1129997132,4,4,Coyote,Canis latrans,Coyote,Mammalia,42051
196932012,1be8f324-c469-4e26-9254-060b983f71d6,2024/01/16 2:02 PM,2024-01-16,2024-01-16 22:02:00 UTC,Pacific Time (US & Canada),research,CC-BY-NC,https://www.inaturalist.org/observations/196932012,,https://static.inaturalist.org/sounds/878595.mp3?1705517451,1,0,false,"Santa Cruz, CA, USA",36.9635142897,-122.0277548062,28,28,Eastern Grey Squirrel,Sciurus carolinensis,Eastern Gray Squirrel,Mammalia,46017
196932014,1830f8ba-7c77-4cbd-afa6-1b774bb4bf68,2024/01/16 3:16 PM,2024-01-16,2024-01-16 23:16:00 UTC,Pacific Time (US & Canada),research,CC-BY-NC,https://www.inaturalist.org/observations/196932014,,https://static.inaturalist.org/sounds/878596.mp3?1705517452,1,0,false,"Santa Cruz, CA, USA",36.9585295888,-122.0175161571,59,59,California Sea Lion,Zalophus californianus,California Sea Lion,Mammalia,41740
196932017,fbf69b8b-2e88-4609-aa28-c8faebabc2c9,2024/01/16 3:03 PM,2024-01-16,2024-01-16 23:03:00 UTC,Pacific Time (US & Canada),research,CC-BY-NC,https://www.inaturalist.org/observations/196932017,,https://static.inaturalist.org/sounds/878598.mp3?1705517452,1,0,false,"Santa Cruz, CA, USA",36.9579890825,-122.0178240579,16,16,California Sea Lion,Zalophus californianus,California Sea Lion,Mammalia,41740
196932018,b7725c54-9f67-4a76-99af-bf9714f79fe4,2024/01/16 3:05 PM,2024-01-16,2024-01-16 23:05:00 UTC,Pacific Time (US & Canada),research,CC-BY-NC,https://www.inaturalist.org/observations/196932018,,https://static.inaturalist.org/sounds/878597.mp3?1705517452,1,0,false,"Santa Cruz, CA, USA",36.9585295888,-122.0175161571,59,59,California Sea Lion,Zalophus californianus,California Sea Lion,Mammalia,41740
196948432,98ce3dde-957b-4cb0-88bf-15bf4b9289b7,2024-01-17,2024-01-17,,Pacific Time (US & Canada),research,CC0,https://www.inaturalist.org/observations/196948432,,https://static.inaturalist.org/sounds/878692.wav?1705532822,2,0,false,"Fallbrook, CA 92028, USA",33.3062439193,-117.2525276989,6,6,California Ground Squirrel,Otospermophilus beecheyi,California Ground Squirrel,Mammalia,180007
197088976,c994e597-ca99-4d56-b49d-b6db305ada37,2024-01-12 10:34:19-08:00,2024-01-12,2024-01-12 18:34:19 UTC,Pacific Time (US & Canada),research,CC-BY-NC,https://www.inaturalist.org/observations/197088976,,https://static.inaturalist.org/sounds/879644.m4a?1705699162,1,0,false,"Point Reyes National Seashore, Marin County, US-CA, US",38.0275417704,-122.9619340899,4,4,Northern Elephant Seal,Mirounga angustirostris,Northern Elephant Seal,Mammalia,41728
197551799,6f5ec3d3-129c-4287-9fd4-59d4715d2334,2024-01-25 11:30:30-08:00,2024-01-25,2024-01-25 19:30:30 UTC,Pacific Time (US & Canada),research,,https://www.inaturalist.org/observations/197551799,,https://static.inaturalist.org/sounds/883637.m4a?1706211065,2,0,false,"Ramona Grasslands County Preserve, Ramona, CA, US",33.0339580516,-116.9502913534,4,4,California Ground Squirrel,Otospermophilus beecheyi,California Ground Squirrel,Mammalia,180007
197660891,02ca2c2b-f613-4c8e-8ac1-b4518fa10e57,2024-01-26 19:19:42-08:00,2024-01-26,2024-01-27 03:19:42 UTC,Pacific Time (US & Canada),research,CC-BY-NC,https://www.inaturalist.org/observations/197660891,,https://static.inaturalist.org/sounds/884624.m4a?1706325626,1,0,false,"Los Angeles County, US-CA, US",34.3812221121,-118.1195138769,5,28846,Coyote,Canis latrans,Coyote,Mammalia,42051
197737832,7c015a22-938b-4c24-83db-8a1997825e7f,2024-01-27 15:10:24-08:00,2024-01-27,2024-01-27 23:10:24 UTC,Pacific Time (US & Canada),research,CC-BY-NC,https://www.inaturalist.org/observations/197737832,,https://static.inaturalist.org/sounds/885216.m4a?1706397046,2,0,false,"Chico, CA, US",39.7772813498,-121.8175445914,6,6,Coyote,Canis latrans,Coyote,Mammalia,42051
197772111,d4c1e3cb-d07d-48ce-ae5a-a39d2229dcf3,2024-01-27 23:17:16-08:00,2024-01-27,2024-01-28 07:17:16 UTC,Pacific Time (US & Canada),research,CC-BY-NC,https://www.inaturalist.org/observations/197772111,,https://static.inaturalist.org/sounds/885411.m4a?1706426385,1,0,false,"Los Angeles County, US-CA, US",34.3511458686,-118.1028431804,6,28846,Common Raccoon,Procyon lotor,Common Raccoon,Mammalia,41663
197957294,0ddaca31-f9c6-4696-bf3e-b415ef8f6eea,2024-01-29 23:42:02-08:00,2024-01-29,2024-01-30 07:42:02 UTC,Pacific Time (US & Canada),research,,https://www.inaturalist.org/observations/197957294,,https://static.inaturalist.org/sounds/886664.m4a?1706600629,1,0,false,"Labrusca, Mission Viejo, CA, US",33.6331438227,-117.6382397489,5,5,Coyote,Canis latrans,Coyote,Mammalia,42051
198033282,a3321016-5025-4481-9eab-fbd1e2cc553d,2024-01-30 21:25:36-08:00,2024-01-30,2024-01-31 05:25:36 UTC,Pacific Time (US & Canada),research,CC-BY-NC,https://www.inaturalist.org/observations/198033282,,https://static.inaturalist.org/sounds/887218.m4a?1706678901,1,0,false,"Los Angeles County, US-CA, US",34.2974710027,-118.0955360478,5,28846,Coyote,Canis latrans,Coyote,Mammalia,42051
198364432,654c6e94-9d3b-4876-b118-293927964579,2024-02-03 15:48:15-08:00,2024-02-03,2024-02-03 23:48:15 UTC,Pacific Time (US & Canada),research,CC-BY-NC,https://www.inaturalist.org/observations/198364432,,https://static.inaturalist.org/sounds/889302.m4a?1707023885,2,0,false,"Upper Stevens Creek County Park, Santa Clara County, US-CA, US",37.2924255358,-122.1516390748,4,4,Western Gray Squirrel,Sciurus griseus,Western Gray Squirrel,Mammalia,46023
198653713,02431863-f9d1-4cc9-9988-eb124f53ca9c,2023-08-11 00:20:43,2023-08-11,2023-08-11 07:20:43 UTC,Pacific Time (US & Canada),research,CC-BY-NC,https://www.inaturalist.org/observations/198653713,,https://static.inaturalist.org/sounds/891546.wav?1707320152,2,0,false,"Von Zum Meadows, Orangevale, CA 95662, USA",38.68809924,-121.23076247,5,5,Gray Fox,Urocyon cinereoargenteus,Gray Fox,Mammalia,42076
198763700,8afaa586-d89f-41d9-84a6-813516cea165,2024-02-08 15:17:14-08:00,2024-02-08,2024-02-08 23:17:14 UTC,Pacific Time (US & Canada),research,CC-BY-NC,https://www.inaturalist.org/observations/198763700,https://inaturalist-open-data.s3.amazonaws.com/photos/350457789/medium.jpg,https://static.inaturalist.org/sounds/892410.m4a?1707435377,1,0,false,"Devils Gate Reservoir, Pasadena, CA, US",34.1910512893,-118.1719793967,106,106,Coyote,Canis latrans,Coyote,Mammalia,42051
199133052,fc9639ba-6a97-4695-8c02-b418ad5cb7d2,Mon Feb 12 2024 12:58:28 GMT-0800 (PST),2024-02-12,2024-02-12 20:58:28 UTC,Pacific Time (US & Canada),research,CC-BY-NC,https://www.inaturalist.org/observations/199133052,,https://static.inaturalist.org/sounds/895701.m4a?1707771581,1,0,false,"Sunridge Rd, Pebble Beach, CA, US",36.5849535252,-121.936468233,379,379,Western Gray Squirrel,Sciurus griseus,Western Gray Squirrel,Mammalia,46023
199583293,f1e455fb-706e-4c26-b526-70397350c2dc,2024-02-16,2024-02-16,,Pacific Time (US & Canada),research,CC-BY-NC-SA,https://www.inaturalist.org/observations/199583293,,https://static.inaturalist.org/sounds/899738.m4a?1708193938,1,0,false,"La Cañada Flintridge, CA, US",34.200445,-118.21405,4,4,Coyote,Canis latrans,Coyote,Mammalia,42051
199620885,01394db9-e828-4133-bfbc-6e4ac3e04dac,2024-02-16 21:35:00-08:00,2024-02-16,2024-02-17 05:35:00 UTC,Pacific Time (US & Canada),research,CC-BY-NC,https://www.inaturalist.org/observations/199620885,,https://static.inaturalist.org/sounds/899942.mp3?1708216808,1,0,false,"Los Angeles County, US-CA, US",34.0022955233,-118.2957064492,5,28874,Coyote,Canis latrans,Coyote,Mammalia,42051
200056940,4f7a6a93-e142-459f-9c0f-b0fa31e9ab28,2024-02-21 18:57:00-08:00,2024-02-21,2024-02-22 02:57:00 UTC,Pacific Time (US & Canada),research,CC-BY-NC,https://www.inaturalist.org/observations/200056940,https://inaturalist-open-data.s3.amazonaws.com/photos/352895821/medium.jpg,https://static.inaturalist.org/sounds/904812.wav?1708575453,3,0,false,"Los Angeles County, US-CA, US",34.1468849455,-118.2760788411,28874,28874,Coyote,Canis latrans,Coyote,Mammalia,42051
200236425,8d27673c-974a-400e-a14a-febce9d53014,2024-02-23 16:25:08,2024-02-23,2024-02-24 00:25:08 UTC,Pacific Time (US & Canada),research,CC-BY-NC,https://www.inaturalist.org/observations/200236425,,https://static.inaturalist.org/sounds/906057.wav?1708739859,1,0,false,"Brisbane, CA 94005, USA",37.68197432,-122.41161729,9,9,Coyote,Canis latrans,Coyote,Mammalia,42051
200256531,7a427ba8-3b44-4db8-b2d9-93eff184092f,2024/02/23 11:25 PM,2024-02-23,2024-02-24 07:25:00 UTC,Pacific Time (US & Canada),research,CC-BY-NC,https://www.inaturalist.org/observations/200256531,,https://static.inaturalist.org/sounds/906157.m4a?1708760258,1,0,false,"3136 St Louis Rd, Arcata, CA 95521, USA",40.8884171,-124.0807138,56,56,Gray Fox,Urocyon cinereoargenteus,Gray Fox,Mammalia,42076
201657397,cee9699f-ec9b-488d-9c84-e1752d3d8ab3,2024-03-07 23:43:22-08:00,2024-03-07,2024-03-08 07:43:22 UTC,Pacific Time (US & Canada),research,,https://www.inaturalist.org/observations/201657397,,https://static.inaturalist.org/sounds/921586.m4a?1709883855,2,0,false,"Triple C Ranch Rd, San Anselmo, CA, US",38.0132218024,-122.5984767389,922,922,Coyote,Canis latrans,Coyote,Mammalia,42051
202295857,7e639222-7385-49d8-9be8-9ed704170a6f,2024-03-13 10:18:34-07:00,2024-03-13,2024-03-13 17:18:34 UTC,Pacific Time (US & Canada),research,CC-BY-NC,https://www.inaturalist.org/observations/202295857,,https://static.inaturalist.org/sounds/927293.m4a?1710350357,1,0,false,"Morada Pl, Altadena, CA, US",34.1797827424,-118.1218603447,20,20,Eastern Fox Squirrel,Sciurus niger,Eastern Fox Squirrel,Mammalia,46020
202339397,db7568d4-2f3a-449a-90b6-975d24eb54d2,2024-03-13 16:08:24-07:00,2024-03-13,2024-03-13 23:08:24 UTC,Pacific Time (US & Canada),research,CC-BY-NC,https://www.inaturalist.org/observations/202339397,,https://static.inaturalist.org/sounds/927702.m4a?1710371369,1,0,false,"Springville, CA, US",36.2221213167,-118.8260817337,8,8,California Ground Squirrel,Otospermophilus beecheyi,California Ground Squirrel,Mammalia,180007
202616494,c309a6be-413f-4ff3-b8df-31bcd629db5f,2024-03-15 22:03:00-07:00,2024-03-15,2024-03-16 05:03:00 UTC,Pacific Time (US & Canada),research,CC-BY-NC,https://www.inaturalist.org/observations/202616494,,https://static.inaturalist.org/sounds/930352.m4a?1710565409,1,0,false,"Bella Ladera Dr, Los Altos Hills, CA, US",37.361806779,-122.1110758937,4,4,Coyote,Canis latrans,Coyote,Mammalia,42051
202616501,5fe2b339-6118-4cf5-b65b-52aff6d63947,2024-03-15 22:02:57-07:00,2024-03-15,2024-03-16 05:02:57 UTC,Pacific Time (US & Canada),research,CC-BY-NC,https://www.inaturalist.org/observations/202616501,,https://static.inaturalist.org/sounds/930353.m4a?1710565412,1,0,false,"Bella Ladera Dr, Los Altos Hills, CA, US",37.3617872051,-122.1110397833,3,3,Coyote,Canis latrans,Coyote,Mammalia,42051
202766955,0310ce17-c39e-4eb4-9108-bb4ddddf807c,2024-03-16 20:50:28-07:00,2024-03-16,2024-03-17 03:50:28 UTC,Pacific Time (US & Canada),research,CC-BY-NC,https://www.inaturalist.org/observations/202766955,,https://static.inaturalist.org/sounds/931915.m4a?1710647687,1,0,false,"Los Angeles County, US-CA, US",34.3099474253,-118.1598014469,35,28846,Coyote,Canis latrans,Coyote,Mammalia,42051
203157581,056f9b92-7430-4ea8-bb98-9789d345a1b4,2024-03-18 17:48:59-07:00,2024-03-18,2024-03-19 00:48:59 UTC,Pacific Time (US & Canada),research,CC-BY-NC,https://www.inaturalist.org/observations/203157581,,https://static.inaturalist.org/sounds/934797.m4a?1710884883,1,0,false,"Anza-Borrego Desert, San Diego County, US-CA, US",33.2605730214,-116.4070327615,4,4,Coyote,Canis latrans,Coyote,Mammalia,42051
203160112,4062cb03-db87-466c-9917-4602fcc7c4c8,2024-03-19 15:08:32-07:00,2024-03-19,2024-03-19 22:08:32 UTC,Pacific Time (US & Canada),research,CC-BY-NC,https://www.inaturalist.org/observations/203160112,,https://static.inaturalist.org/sounds/934809.m4a?1710886131,2,0,false,"UC Davis, Davis, CA, US",38.5181145722,-121.6931257122,36,36,Douglas' Ground Squirrel,Otospermophilus douglasii,Douglas's Ground Squirrel,Mammalia,1511713
203200894,35da0345-c33c-4098-8586-9d4d5a61a61e,2024-03-19 23:24:31-07:00,2024-03-19,2024-03-20 06:24:31 UTC,Pacific Time (US & Canada),research,CC-BY,https://www.inaturalist.org/observations/203200894,,https://static.inaturalist.org/sounds/935053.m4a?1710915957,1,0,false,"Mojave National Preserve, Essex, CA, US",35.0483302212,-115.393536453,4,4,Coyote,Canis latrans,Coyote,Mammalia,42051
203229756,b0b88501-112c-4b2a-a342-fd1be9fb6f2e,2024-03-20 05:19:20-07:00,2024-03-20,2024-03-20 12:19:20 UTC,Pacific Time (US & Canada),research,CC-BY,https://www.inaturalist.org/observations/203229756,,https://static.inaturalist.org/sounds/935523.m4a?1710952431,1,0,false,"Mojave National Preserve, Essex, CA, US",35.0483217289,-115.3935348195,6,6,Coyote,Canis latrans,Coyote,Mammalia,42051
203320094,8dc5c188-ae16-4a4b-ba55-e5b97e59f029,2024/03/19 12:33 PM,2024-03-19,2024-03-19 19:33:00 UTC,Pacific Time (US & Canada),research,CC-BY-NC-ND,https://www.inaturalist.org/observations/203320094,,https://static.inaturalist.org/sounds/936004.m4a?1710996961,2,0,false,"Nevada County, CA, USA",39.2016687913,-121.045870586,4,4,Douglas' Squirrel,Tamiasciurus douglasii,Douglas's Squirrel,Mammalia,46259
203329339,b0fbc61f-afbd-4862-8631-3527669f8c4c,2024/03/21 1:14 AM,2024-03-21,2024-03-21 08:14:00 UTC,Pacific Time (US & Canada),research,CC-BY-NC,https://www.inaturalist.org/observations/203329339,,https://static.inaturalist.org/sounds/936054.mp3?1711008882,1,0,false,"Santa Clara County, CA, USA",37.4122466442,-122.166872176,1974,1974,Coyote,Canis latrans,Coyote,Mammalia,42051
203516459,2da9b9e2-b842-4253-a8b2-b78c1a70fd80,2024-03-22 14:37:17-07:00,2024-03-22,2024-03-22 21:37:17 UTC,Pacific Time (US & Canada),research,CC-BY-NC,https://www.inaturalist.org/observations/203516459,,https://static.inaturalist.org/sounds/937630.m4a?1711143469,2,0,false,"Abra Ct, San Jose, CA, US",37.2151222732,-121.7660456804,27,27,California Ground Squirrel,Otospermophilus beecheyi,California Ground Squirrel,Mammalia,180007
203679576,3365186c-cf60-44e0-910e-6e353bc3f7af,2024-03-23 18:46:38-07:00,2024-03-23,2024-03-24 01:46:38 UTC,Pacific Time (US & Canada),research,CC-BY-NC,https://www.inaturalist.org/observations/203679576,,https://static.inaturalist.org/sounds/938668.m4a?1711244834,1,0,false,"Martin Tudor Jurupa Hills Regional Park, Fontana, CA, US",34.0400161733,-117.449752622,9,9,Coyote,Canis latrans,Coyote,Mammalia,42051
204354091,2be3e3c1-22ce-411b-bac2-2e25612134a8,2024/03/27 8:55 PM,2024-03-27,2024-03-28 03:55:00 UTC,Pacific Time (US & Canada),research,CC-BY-NC,https://www.inaturalist.org/observations/204354091,,https://static.inaturalist.org/sounds/943499.mp3?1711684535,1,0,false,"Humboldt County, CA, USA",41.3542548094,-123.5161489751,8,8,Gray Fox,Urocyon cinereoargenteus,Gray Fox,Mammalia,42076
205054860,a2aa574e-47ce-4092-837f-e2876048f6bd,2024-04-01 16:13:52-07:00,2024-04-01,2024-04-01 23:13:52 UTC,Pacific Time (US & Canada),research,,https://www.inaturalist.org/observations/205054860,,https://static.inaturalist.org/sounds/950225.m4a?1712040775,1,0,false,"Humboldt County, US-CA, US",40.7291757955,-124.0158638459,23,27908,Douglas' Squirrel,Tamiasciurus douglasii,Douglas's Squirrel,Mammalia,46259
205904355,b0ef2682-ac39-4d6e-97e9-a4e17b03658d,2024-04-07 10:33:21,2024-04-07,2024-04-07 17:33:21 UTC,Pacific Time (US & Canada),research,CC-BY-NC,https://www.inaturalist.org/observations/205904355,,https://static.inaturalist.org/sounds/956907.wav?1712511384,3,0,false,"Balboa Park, San Diego, CA, USA",32.73743432,-117.14267433,6,6,California Ground Squirrel,Otospermophilus beecheyi,California Ground Squirrel,Mammalia,180007
206016878,e230b7c7-ca71-44a7-9bb8-5f9c4147c54f,2024/04/07 7:54 PM,2024-04-07,2024-04-08 02:54:00 UTC,Pacific Time (US & Canada),research,CC-BY-NC,https://www.inaturalist.org/observations/206016878,,https://static.inaturalist.org/sounds/957723.wav?1712550760,1,0,false,"Merced County, CA, USA",37.1821649825,-120.6200300957,2,2,Coyote,Canis latrans,Coyote,Mammalia,42051
206116492,20066a1c-b090-4948-b9df-a45b4d56c22f,2024/04/07 11:29 AM,2024-04-07,2024-04-07 18:29:00 UTC,Pacific Time (US & Canada),research,CC-BY-NC,https://www.inaturalist.org/observations/206116492,,https://static.inaturalist.org/sounds/961711.wav?1712765080,1,0,false,"Joseph D. Grant County Park, CA, USA",37.31708387,-121.71222298,,,Coyote,Canis latrans,Coyote,Mammalia,42051
206435507,6b13406f-dc1b-4482-a26e-b0ac66311e26,2024/04/07 9:16 AM,2024-04-07,2024-04-07 16:16:00 UTC,Pacific Time (US & Canada),research,CC-BY-NC,https://www.inaturalist.org/observations/206435507,,https://static.inaturalist.org/sounds/961678.wav?1712763720,1,0,false,"Joseph D. Grant County Park, CA, USA",37.32716242,-121.70947829,,,Coyote,Canis latrans,Coyote,Mammalia,42051
206516526,34710062-3c98-479c-938c-90e19b9b5a52,2024-04-10 17:42:14-07:00,2024-04-10,2024-04-11 00:42:14 UTC,Pacific Time (US & Canada),research,CC-BY-NC,https://www.inaturalist.org/observations/206516526,,https://static.inaturalist.org/sounds/962362.m4a?1712796242,1,0,false,"Amber Trail, Pollock Pines, CA, US",38.7552479888,-120.572167961,5,5,Douglas' Squirrel,Tamiasciurus douglasii,Douglas's Squirrel,Mammalia,46259
206521327,73235109-4a78-49e1-9f21-6c3b2a4ea1ea,2024-04-10 17:40:29-07:00,2024-04-10,2024-04-11 00:40:29 UTC,Pacific Time (US & Canada),research,CC-BY,https://www.inaturalist.org/observations/206521327,,https://static.inaturalist.org/sounds/962405.m4a?1712798359,1,0,false,"Shell Ridge Open Space, Walnut Creek, CA, US",37.8909795171,-122.0174165257,9,9,California Ground Squirrel,Otospermophilus beecheyi,California Ground Squirrel,Mammalia,180007
206626751,b79f1d62-2802-4606-81fc-280cf75d8626,2024-04-11 08:35:06-07:00,2024-04-11,2024-04-11 15:35:06 UTC,Pacific Time (US & Canada),research,CC-BY-NC,https://www.inaturalist.org/observations/206626751,,https://static.inaturalist.org/sounds/963007.m4a?1712849732,3,0,false,"Myrtle St, Vacaville, CA, US",38.3583683265,-121.9955456956,5,5,Western Gray Squirrel,Sciurus griseus,Western Gray Squirrel,Mammalia,46023
206687498,29d80ba5-c052-464d-87ac-d2beeb2d30a2,2024-04-11 15:02:14-07:00,2024-04-11,2024-04-11 22:02:14 UTC,Pacific Time (US & Canada),research,CC-BY-NC,https://www.inaturalist.org/observations/206687498,,https://static.inaturalist.org/sounds/963424.m4a?1712872947,2,0,false,"Columbia Rd, Redlands, CA, US",34.0218082233,-117.1562817495,8,8,California Ground Squirrel,Otospermophilus beecheyi,California Ground Squirrel,Mammalia,180007
206978851,59dd6a38-c02b-4ccd-9d18-759c954929a0,2024-04-07 11:58:20,2024-04-07,2024-04-07 18:58:20 UTC,Pacific Time (US & Canada),research,CC-BY-NC,https://www.inaturalist.org/observations/206978851,https://inaturalist-open-data.s3.amazonaws.com/photos/366059298/medium.jpeg,https://static.inaturalist.org/sounds/965818.wav?1713025182,1,0,false,"Guerneville, CA 95446, USA",38.5478138889,-122.9986972222,,,Mule Deer,Odocoileus hemionus,Mule Deer,Mammalia,42220
207708286,b0a8e94a-4f3f-4a69-b7a0-7667c411f0e7,2024-04-16 21:26:01-07:00,2024-04-16,2024-04-17 04:26:01 UTC,Pacific Time (US & Canada),research,CC-BY-NC,https://www.inaturalist.org/observations/207708286,,https://static.inaturalist.org/sounds/971125.m4a?1713328455,1,0,false,"California, US",33.7619653817,-117.4244676828,24,28930,Coyote,Canis latrans,Coyote,Mammalia,42051
208374947,4c741fab-15af-4757-8002-78f237635cb6,2024-04-20 09:04:47-07:00,2024-04-20,2024-04-20 16:04:47 UTC,Pacific Time (US & Canada),research,CC-BY,https://www.inaturalist.org/observations/208374947,https://inaturalist-open-data.s3.amazonaws.com/photos/368672306/medium.jpg,https://static.inaturalist.org/sounds/976073.m4a?1713653559,2,0,false,"California Botanic Garden, Claremont, CA, US",34.1128036835,-117.7140711835,45,45,Western Gray Squirrel,Sciurus griseus,Western Gray Squirrel,Mammalia,46023
208429621,6419a3ed-52dc-474a-a2a7-5d2c669adae1,2024-04-20 23:13:04-07:00,2024-04-20,2024-04-21 06:13:04 UTC,Pacific Time (US & Canada),research,CC-BY-NC,https://www.inaturalist.org/observations/208429621,,https://static.inaturalist.org/sounds/976488.m4a?1713680027,1,0,false,"Standridge Ct, San Jose, CA, US",37.2267618869,-121.8064580207,8,8,Coyote,Canis latrans,Coyote,Mammalia,42051
208837427,2891666a-e633-49d2-b778-1b3bb8c97bba,2024/04/22 3:25 PM,2024-04-22,2024-04-22 22:25:00 UTC,Pacific Time (US & Canada),research,CC-BY-NC,https://www.inaturalist.org/observations/208837427,https://inaturalist-open-data.s3.amazonaws.com/photos/369512862/medium.jpg,https://static.inaturalist.org/sounds/979342.mp3?1713838984,1,0,false,"Alum Rock Park, CA, US",37.3967203389,-121.7976297,,,California Ground Squirrel,Otospermophilus beecheyi,California Ground Squirrel,Mammalia,180007
209022974,9567490d-317f-4237-872c-581ef9aaa197,2024-02-19 10:43:37-08:00,2024-02-19,2024-02-19 18:43:37 UTC,Pacific Time (US & Canada),research,,https://www.inaturalist.org/observations/209022974,,https://static.inaturalist.org/sounds/980617.m4a?1713929693,2,0,false,"El Monte Park, San Diego County, US-CA, US",32.8906607883,-116.8467853702,204,204,California Ground Squirrel,Otospermophilus beecheyi,California Ground Squirrel,Mammalia,180007
209112848,bedc53cd-6918-4be3-bd91-a0930c604059,2024-04-24 10:57:07-07:00,2024-04-24,2024-04-24 17:57:07 UTC,Pacific Time (US & Canada),research,CC-BY,https://www.inaturalist.org/observations/209112848,,https://static.inaturalist.org/sounds/981314.m4a?1713981518,2,0,false,"Sierra National Forest, Shaver Lake, CA, US",37.0785073309,-119.3058450802,4,4,California Ground Squirrel,Otospermophilus beecheyi,California Ground Squirrel,Mammalia,180007
209171174,fde14959-f81e-4158-9d74-017239559684,2024-04-24 17:02:05-07:00,2024-04-24,2024-04-25 00:02:05 UTC,Pacific Time (US & Canada),research,,https://www.inaturalist.org/observations/209171174,,https://static.inaturalist.org/sounds/981630.m4a?1714003338,2,0,false,"Grant Park, Ventura, CA, US",34.2846361466,-119.2927593503,4,4,California Ground Squirrel,Otospermophilus beecheyi,California Ground Squirrel,Mammalia,180007
209191363,e97a36c9-05fd-4d2c-b976-9ac37d44feca,2024-04-24 15:36:11-07:00,2024-04-24,2024-04-24 22:36:11 UTC,Pacific Time (US & Canada),research,CC-BY-NC,https://www.inaturalist.org/observations/209191363,,https://static.inaturalist.org/sounds/981737.m4a?1714012086,3,0,false,"Heather Ave, Cabazon, CA, US",33.9156754366,-116.7626790501,4,4,Otospermophilus beecheyi,Otospermophilus beecheyi,California Ground Squirrel,Mammalia,180007
209191829,74e5d862-5104-4b95-9716-55018579a514,2023-09-06 16:14:21-07:00,2023-09-06,2023-09-06 23:14:21 UTC,Pacific Time (US & Canada),research,,https://www.inaturalist.org/observations/209191829,,https://static.inaturalist.org/sounds/981740.m4a?1714012267,3,0,false,"Beach Wood Dr, Seaside, CA, US",36.627525957,-121.8286029682,9,9,California Ground Squirrel,Otospermophilus beecheyi,California Ground Squirrel,Mammalia,180007
209393066,a3dd236e-f19c-4777-ba5d-ff4fbea090cf,2024-04-25 19:29:52-07:00,2024-04-25,2024-04-26 02:29:52 UTC,Pacific Time (US & Canada),research,CC-BY-NC,https://www.inaturalist.org/observations/209393066,,https://static.inaturalist.org/sounds/983231.m4a?1714101561,1,0,false,"San Bernardino County, US-CA, US",34.0327330078,-117.2382328794,6,6,Coyote,Canis latrans,Coyote,Mammalia,42051
209675641,f1d18392-0c23-4d7d-9a04-eddf78f9ce4d,2024-04-26 10:31:44-07:00,2024-04-26,2024-04-26 17:31:44 UTC,Pacific Time (US & Canada),research,CC-BY-NC,https://www.inaturalist.org/observations/209675641,,https://static.inaturalist.org/sounds/985969.m4a?1714152750,1,0,false,"Alma Bridge Rd, Los Gatos, CA, US",37.1845019695,-121.9800300415,4,4,Merriam's Chipmunk,Neotamias merriami,Merriam's Chipmunk,Mammalia,197810
209814493,921f8504-f573-44d0-9d31-87ed21c35f8d,2024-04-26 14:51:29,2024-04-26,2024-04-26 21:51:29 UTC,Pacific Time (US & Canada),research,CC0,https://www.inaturalist.org/observations/209814493,https://inaturalist-open-data.s3.amazonaws.com/photos/371219514/medium.jpeg,https://static.inaturalist.org/sounds/987056.wav?1714168433,1,0,false,"University of California-Davis, CA 95616, USA",38.5351516667,-121.7486016667,8,8,Western Gray Squirrel,Sciurus griseus,Western Gray Squirrel,Mammalia,46023
210277821,539c861d-70be-4003-8ad9-a44289478c4c,2024-04-27 10:09:29,2024-04-27,2024-04-27 17:09:29 UTC,Pacific Time (US & Canada),research,,https://www.inaturalist.org/observations/210277821,,https://static.inaturalist.org/sounds/991411.mp3?1714237843,1,0,false,"Lincoln Acres, CA 91950, USA",32.67004808,-117.08604502,3,3,California Ground Squirrel,Otospermophilus beecheyi,California Ground Squirrel,Mammalia,180007
210499174,c7abffed-0b6c-41ee-8db7-636937500c48,2024-04-27 16:36:13-07:00,2024-04-27,2024-04-27 23:36:13 UTC,Pacific Time (US & Canada),research,CC-BY-NC,https://www.inaturalist.org/observations/210499174,,https://static.inaturalist.org/sounds/993224.m4a?1714260991,1,0,false,"Avenida de Cortez, Los Angeles, CA, US",34.0709489971,-118.5593042302,5,5,Coyote,Canis latrans,Coyote,Mammalia,42051
210613525,79acc485-5f88-468f-a6c5-4f3d08443913,2024-04-27 16:43:18-07:00,2024-04-27,2024-04-27 23:43:18 UTC,Pacific Time (US & Canada),research,CC-BY-NC,https://www.inaturalist.org/observations/210613525,,https://static.inaturalist.org/sounds/994226.m4a?1714276398,1,0,false,"Los Angeles County, US-CA, US",34.1397957551,-118.1667440572,4,4,California Ground Squirrel,Otospermophilus beecheyi,California Ground Squirrel,Mammalia,180007
212269127,4051ea71-ced7-4d57-ad98-034d78b770af,2024/04/30 8:00 AM,2024-04-30,2024-04-30 15:00:00 UTC,Pacific Time (US & Canada),research,CC-BY-NC,https://www.inaturalist.org/observations/212269127,https://inaturalist-open-data.s3.amazonaws.com/photos/375690514/medium.png,https://static.inaturalist.org/sounds/1007952.m4a?1714489271,2,0,false,"Fullerton, CA, USA",33.8777291002,-117.9110385266,19,19,Coyote,Canis latrans,Coyote,Mammalia,42051
212793386,327c1222-ac5e-4ed3-85d0-621cfc5e789e,2024/05/01 12:55 AM,2024-05-01,2024-05-01 07:55:00 UTC,Pacific Time (US & Canada),research,CC-BY-NC,https://www.inaturalist.org/observations/212793386,,https://static.inaturalist.org/sounds/1011706.wav?1714618300,1,0,false,"Live Oak Canyon, Redlands, CA, USA",34.0311185291,-117.1950428555,264,264,Coyote,Canis latrans,Coyote,Mammalia,42051
214246019,9a3e946f-eb09-4df5-a246-ffdfec751426,2024-05-07 12:22:00-07:00,2024-05-07,2024-05-07 19:22:00 UTC,Pacific Time (US & Canada),research,,https://www.inaturalist.org/observations/214246019,https://static.inaturalist.org/photos/378673270/medium.jpg,https://static.inaturalist.org/sounds/1024428.m4a?1715109753,1,0,false,"Ballew Way, Hemet, CA, US",33.7480326735,-116.8986884124,22,22,Mexican Free-tailed Bat,Tadarida brasiliensis,Mexican Free-tailed Bat,Mammalia,41301
214518346,dd9de736-bdb8-4409-8b15-8a68cf08c4a2,2024-05-08 20:35:00-07:00,2024-05-08,2024-05-09 03:35:00 UTC,Pacific Time (US & Canada),research,CC-BY,https://www.inaturalist.org/observations/214518346,,https://static.inaturalist.org/sounds/1026993.m4a?1715225718,1,0,false,"Newhall Community Park, Concord, CA, US",37.9573625978,-121.9852651202,30,30,Coyote,Canis latrans,Coyote,Mammalia,42051
214644167,cfcb3979-b37e-45f5-ab30-3a219663644b,2024-05-09 11:18:31-07:00,2024-05-09,2024-05-09 18:18:31 UTC,Pacific Time (US & Canada),research,CC-BY-NC,https://www.inaturalist.org/observations/214644167,,https://static.inaturalist.org/sounds/1028070.m4a?1715281707,1,0,false,"Humboldt County, US-CA, US",40.7643007906,-123.682429031,19,19,Douglas' Squirrel,Tamiasciurus douglasii,Douglas's Squirrel,Mammalia,46259
214848464,fc15ec6f-b28a-4b06-aafb-2efd8bd24596,2024-05-10 12:23:06-07:00,2024-05-10,2024-05-10 19:23:06 UTC,Pacific Time (US & Canada),research,CC-BY-NC,https://www.inaturalist.org/observations/214848464,,https://static.inaturalist.org/sounds/1030029.m4a?1715369014,2,0,false,"Sacramento River, Sacramento, CA, US",38.5839251218,-121.5061083584,24,24,California Sea Lion,Zalophus californianus,California Sea Lion,Mammalia,41740
215160789,bba9a0ec-a299-45cd-b53b-b8df3ab5d0d2,2024-05-11 19:46:59-07:00,2024-05-11,2024-05-12 02:46:59 UTC,Pacific Time (US & Canada),research,,https://www.inaturalist.org/observations/215160789,,https://static.inaturalist.org/sounds/1033198.m4a?1715482032,1,0,false,"Puesta Del Sol, Santa Barbara, CA, US",34.4405483315,-119.7146325466,5,5,California Ground Squirrel,Otospermophilus beecheyi,California Ground Squirrel,Mammalia,180007
215375232,7d73b141-fdb1-449c-a703-d9aad93e7112,2024-05-12 15:47:19-07:00,2024-05-12,2024-05-12 22:47:19 UTC,Pacific Time (US & Canada),research,CC-BY-NC,https://www.inaturalist.org/observations/215375232,,https://static.inaturalist.org/sounds/1035110.m4a?1715554058,2,0,false,"Calle Simpson, El Cajon, CA, US",32.7558240574,-116.9410370664,3,3,California Ground Squirrel,Otospermophilus beecheyi,California Ground Squirrel,Mammalia,180007
215636384,3fdf1d7f-10ee-479d-a1d6-143048cf7fb0,2024-05-13 20:11:12-07:00,2024-05-13,2024-05-14 03:11:12 UTC,Pacific Time (US & Canada),research,CC-BY-NC,https://www.inaturalist.org/observations/215636384,,https://static.inaturalist.org/sounds/1037411.m4a?1715656329,1,0,false,"Hahamongna Watershed Park, Pasadena, CA, US",34.1980635189,-118.1680313499,4,4,Coyote,Canis latrans,Coyote,Mammalia,42051
216187600,a2aab784-9bb7-4423-bf5d-6a96149a6657,2024-05-16 14:08:53-07:00,2024-05-16,2024-05-16 21:08:53 UTC,Pacific Time (US & Canada),research,CC-BY-NC,https://www.inaturalist.org/observations/216187600,,https://static.inaturalist.org/sounds/1041931.m4a?1715893801,3,0,false,"High Knoll Rd, San Diego, CA, US",32.7973054676,-117.1777634696,5,5,Coyote,Canis latrans,Coyote,Mammalia,42051
216715441,a5b508a7-65e6-4ae1-889f-279af319ffa5,2024-05-18 23:11:53-07:00,2024-05-18,2024-05-19 06:11:53 UTC,Pacific Time (US & Canada),research,CC-BY-NC,https://www.inaturalist.org/observations/216715441,,https://static.inaturalist.org/sounds/1046360.m4a?1716099157,1,0,false,"Sunny Brae Dr, San Diego, CA, US",32.7933728363,-117.0445285905,8,8,Common Raccoon,Procyon lotor,Common Raccoon,Mammalia,41663
216835706,64198696-3dc2-4eeb-9066-eee430119ca7,2024-05-18 15:42:51-07:00,2024-05-18,2024-05-18 22:42:51 UTC,Pacific Time (US & Canada),research,CC-BY,https://www.inaturalist.org/observations/216835706,,https://static.inaturalist.org/sounds/1047501.m4a?1716138500,1,0,false,"Tijuana Slough National Wildlife Refuge, San Diego County, US-CA, US",32.5664617279,-117.1325146031,61,61,California Ground Squirrel,Otospermophilus beecheyi,California Ground Squirrel,Mammalia,180007
217021333,ccedc806-c0b1-421e-adc7-07c55ced1fd8,2024-05-20 03:12:35-07:00,2024-05-20,2024-05-20 10:12:35 UTC,Pacific Time (US & Canada),research,CC-BY-NC,https://www.inaturalist.org/observations/217021333,,https://static.inaturalist.org/sounds/1048870.m4a?1716200014,1,0,false,"Los Angeles County, US-CA, US",34.2142453407,-118.1001267265,4,28846,Coyote,Canis latrans,Coyote,Mammalia,42051
217125197,93b12d19-1e6c-457e-8b48-1404545405af,2024-05-20 12:00:42-07:00,2024-05-20,2024-05-20 19:00:42 UTC,Pacific Time (US & Canada),research,CC-BY-NC,https://www.inaturalist.org/observations/217125197,,https://static.inaturalist.org/sounds/1050251.m4a?1716244772,1,0,false,"Woodside, CA, US",37.4011427043,-122.2341958567,5,5,Merriam's Chipmunk,Neotamias merriami,Merriam's Chipmunk,Mammalia,197810
217173450,7f13dcaa-e288-4f0b-92dc-28fcd6f45d71,2024-05-20 15:51:04,2024-05-20,2024-05-20 22:51:04 UTC,Pacific Time (US & Canada),research,,https://www.inaturalist.org/observations/217173450,,https://static.inaturalist.org/sounds/1050261.wav?1716245487,3,0,false,"Clairemont Mesa East, San Diego, CA, USA",32.80542693,-117.17455466,5,5,California Ground Squirrel,Otospermophilus beecheyi,California Ground Squirrel,Mammalia,180007
217215454,38e684b8-d506-438e-afce-bd7a8954396d,2024-05-20 20:21:12-07:00,2024-05-20,2024-05-21 03:21:12 UTC,Pacific Time (US & Canada),research,CC-BY-NC,https://www.inaturalist.org/observations/217215454,,https://static.inaturalist.org/sounds/1050617.m4a?1716261704,1,0,false,"Los Angeles Zoo, Los Angeles, CA, US",34.1473076586,-118.2864681446,7,7,Coyote,Canis latrans,Coyote,Mammalia,42051
217720520,78e78645-e935-4cf8-9482-bc2ed0919cc2,2024-05-23 09:38:18-07:00,2024-05-23,2024-05-23 16:38:18 UTC,Pacific Time (US & Canada),research,CC-BY-NC,https://www.inaturalist.org/observations/217720520,,https://static.inaturalist.org/sounds/1054715.m4a?1716482322,1,0,false,"Alma Bridge Rd, Los Gatos, CA, US",37.1970362472,-121.9830128821,5,5,Merriam's Chipmunk,Neotamias merriami,Merriam's Chipmunk,Mammalia,197810
218215036,1cc72ad5-50c6-4e88-9640-ef4977545ee0,2024-05-25 14:12:37,2024-05-25,2024-05-25 21:12:37 UTC,Pacific Time (US & Canada),research,,https://www.inaturalist.org/observations/218215036,https://inaturalist-open-data.s3.amazonaws.com/photos/386118822/medium.jpg,https://static.inaturalist.org/sounds/1059103.m4a?1716671587,1,0,false,"Sand Creek Rd, Brentwood, CA, US",37.943963958,-121.7397550867,4,4,California Ground Squirrel,Otospermophilus beecheyi,California Ground Squirrel,Mammalia,180007
218225603,a2c97216-808b-418b-b5e9-893760700a3c,2024-05-25 14:55:58,2024-05-25,2024-05-25 21:55:58 UTC,Pacific Time (US & Canada),research,,https://www.inaturalist.org/observations/218225603,,https://static.inaturalist.org/sounds/1059203.m4a?1716674256,2,0,false,"Marina, CA 93933, USA",36.6593938327,-121.764348651,5,5,California Ground Squirrel,Otospermophilus beecheyi,California Ground Squirrel,Mammalia,180007
218750737,2cac2d65-bb8e-45f9-b321-f741fc334fd8,2024-05-27 14:24:21,2024-05-27,2024-05-27 21:24:21 UTC,Pacific Time (US & Canada),research,,https://www.inaturalist.org/observations/218750737,https://static.inaturalist.org/photos/387119403/medium.jpeg,https://static.inaturalist.org/sounds/1064238.wav?1716845704,1,0,false,"Ventura, CA, USA",34.24565424,-119.26577097,6,6,California Sea Lion,Zalophus californianus,California Sea Lion,Mammalia,41740
219166110,1a6fe436-6381-4848-a6e8-0bcf79a76e64,2024-05-29 11:44:24-07:00,2024-05-29,2024-05-29 18:44:24 UTC,Pacific Time (US & Canada),research,CC-BY-NC,https://www.inaturalist.org/observations/219166110,https://inaturalist-open-data.s3.amazonaws.com/photos/387896082/medium.jpg,https://static.inaturalist.org/sounds/1067685.m4a?1717008328,1,0,false,"Solamar Dr, Carlsbad, CA, US",33.1204494063,-117.3271370019,59,59,California Ground Squirrel,Otospermophilus beecheyi,California Ground Squirrel,Mammalia,180007
219202258,488fc3ea-615d-48c1-b92f-8a0566fbf344,2024-05-29 10:39:25-07:00,2024-05-29,2024-05-29 17:39:25 UTC,Pacific Time (US & Canada),research,CC-BY-NC,https://www.inaturalist.org/observations/219202258,https://inaturalist-open-data.s3.amazonaws.com/photos/387965391/medium.jpg,https://static.inaturalist.org/sounds/1067938.m4a?1717019919,1,0,false,"Rancho San Antonio County Park, Los Altos, CA, US",37.3306916667,-122.0854945,10,10,California Ground Squirrel,Otospermophilus beecheyi,California Ground Squirrel,Mammalia,180007
219452833,f1724227-ce48-46b3-b47c-119bebab52cc,2024-05-30 14:29:47-07:00,2024-05-30,2024-05-30 21:29:47 UTC,Pacific Time (US & Canada),research,CC-BY-NC,https://www.inaturalist.org/observations/219452833,,https://static.inaturalist.org/sounds/1069894.m4a?1717120588,2,0,false,"Westridge Trail, Rancho Santa Margarita, CA, US",33.6236855155,-117.5932133385,4,4,"",Canis latrans,Coyote,Mammalia,42051
219674436,2593f3df-74e9-486c-bc5f-2fe61ec33465,2024/05/30 9:26 AM,2024-05-30,2024-05-30 16:26:00 UTC,Pacific Time (US & Canada),research,CC-BY,https://www.inaturalist.org/observations/219674436,,https://static.inaturalist.org/sounds/1071274.m4a?1717217257,2,0,false,"Santa Rosa, California, USA",38.4524108503,-122.6893034172,19,19,Western Gray Squirrel,Sciurus griseus,Western Gray Squirrel,Mammalia,46023
219832230,a0d809ef-370c-47fe-9349-510e29bf580f,2024-06-01 13:32:34-07:00,2024-06-01,2024-06-01 20:32:34 UTC,Pacific Time (US & Canada),research,CC-BY-NC-SA,https://www.inaturalist.org/observations/219832230,https://inaturalist-open-data.s3.amazonaws.com/photos/389168458/medium.jpg,https://static.inaturalist.org/sounds/1072627.m4a?1717273978,1,0,false,"Rancho Cañada Del Oro Open Space Preserve, San Jose, CA, US",37.1456820192,-121.7771459186,4,4,California Ground Squirrel,Otospermophilus beecheyi,California Ground Squirrel,Mammalia,180007
219919767,2bc59b94-b0b5-4ada-9a78-a2463814ca64,2024/06/01 9:17 PM,2024-06-01,2024-06-02 04:17:00 UTC,Pacific Time (US & Canada),research,CC-BY-NC,https://www.inaturalist.org/observations/219919767,,https://static.inaturalist.org/sounds/1073225.m4a?1717302370,2,0,false,"Placer County, CA, USA",38.9426398997,-121.0356324818,977,977,Wapiti,Cervus canadensis,Elk,Mammalia,204114
220110298,acafa570-2b48-4586-a712-d945ce9ecf0b,2024-06-02 14:46:00,2024-06-02,2024-06-02 21:46:00 UTC,Pacific Time (US & Canada),research,,https://www.inaturalist.org/observations/220110298,,https://static.inaturalist.org/sounds/1074681.wav?1717364828,1,0,false,"UCD Arboretum, Yolo County, US-CA, US",38.5287996023,-121.7608560249,4,4,Douglas' Ground Squirrel,Otospermophilus douglasii,Douglas's Ground Squirrel,Mammalia,1511713
220637036,b026c516-041f-4b32-9e15-d6f77220b06c,2024-06-01 16:17:38-07:00,2024-06-01,2024-06-01 23:17:38 UTC,Pacific Time (US & Canada),research,CC-BY-NC,https://www.inaturalist.org/observations/220637036,https://inaturalist-open-data.s3.amazonaws.com/photos/390661546/medium.jpg,https://static.inaturalist.org/sounds/1078747.m4a?1717575968,1,0,false,"San Francisco Bay Trail, Oakland, CA, US",37.7425277655,-122.207562045,693,693,Microtus californicus paludicola,Microtus californicus paludicola,,Mammalia,1555769
221194252,082d8471-bdca-4d83-945c-b9e72f94a84b,2024-06-07 15:54:41-07:00,2024-06-07,2024-06-07 22:54:41 UTC,Pacific Time (US & Canada),research,,https://www.inaturalist.org/observations/221194252,,https://static.inaturalist.org/sounds/1082516.m4a?1717800912,2,0,false,"Balboa Park, San Diego, CA, US",32.7265734456,-117.1483846392,4,4,"",Otospermophilus beecheyi,California Ground Squirrel,Mammalia,180007
221201802,eacc51a0-e19e-4502-9dbc-4a7a412545ed,2024/05/21 10:41 PM,2024-05-21,2024-05-22 05:41:00 UTC,Pacific Time (US & Canada),research,CC-BY,https://www.inaturalist.org/observations/221201802,,https://static.inaturalist.org/sounds/1082563.m4a?1717803849,1,0,false,"Clearview Way Area, Western Hills, San Mateo, CA, USA",37.5309209654,-122.3327098823,435,435,Coyote,Canis latrans,Coyote,Mammalia,42051
221640251,53f677fd-6152-407e-b9d8-6f4e764ec5b3,2024-06-09 12:03:53-07:00,2024-06-09,2024-06-09 19:03:53 UTC,Pacific Time (US & Canada),research,CC-BY-NC,https://www.inaturalist.org/observations/221640251,,https://static.inaturalist.org/sounds/1086140.m4a?1717959854,1,0,false,"Ernest E. Debs Regional Park, Los Angeles, CA, US",34.0973880263,-118.2015162557,4,4,California Ground Squirrel,Otospermophilus beecheyi,California Ground Squirrel,Mammalia,180007
223040440,65871f97-33e6-4f72-91e6-875df8ae064b,2024-06-15 15:59:26-07:00,2024-06-15,2024-06-15 22:59:26 UTC,Pacific Time (US & Canada),research,,https://www.inaturalist.org/observations/223040440,https://static.inaturalist.org/photos/395160297/medium.jpg,https://static.inaturalist.org/sounds/1098750.mp3?1718671946,3,0,false,"San Luis Obispo County, US-CA, US",35.3483454301,-120.8733263882,7,28706,Southern Sea Otter,Enhydra lutris nereis,Southern Sea Otter,Mammalia,117520
223256336,c63edaac-2b65-4055-858e-d033d4bcf59c,2024-06-16 19:23:02,2024-06-16,2024-06-17 02:23:02 UTC,Pacific Time (US & Canada),research,,https://www.inaturalist.org/observations/223256336,https://static.inaturalist.org/photos/395557251/medium.jpeg,https://static.inaturalist.org/sounds/1097585.mp3?1718604010,1,0,false,"Napa, CA, USA",38.3019679778,-122.3187474389,,,Gray Fox,Urocyon cinereoargenteus,Gray Fox,Mammalia,42076
223546001,a602c5c6-ec85-4d3d-8d8a-892e2af310d9,2024-06-18 07:06:35-07:00,2024-06-18,2024-06-18 14:06:35 UTC,Pacific Time (US & Canada),research,,https://www.inaturalist.org/observations/223546001,,https://static.inaturalist.org/sounds/1099328.m4a?1718719624,2,0,false,"San Diego County, US-CA, US",33.1187741963,-116.9956320042,4239,29012,Coyote,Canis latrans,Coyote,Mammalia,42051
223687808,ac0e2f22-771b-497f-a4b8-112ffc6a6bcd,2024-06-18 20:58:56-07:00,2024-06-18,2024-06-19 03:58:56 UTC,Pacific Time (US & Canada),research,CC-BY-NC,https://www.inaturalist.org/observations/223687808,,https://static.inaturalist.org/sounds/1100154.m4a?1718771631,2,0,false,"Ernest E. Debs Regional Park, Los Angeles, CA, US",34.0987039394,-118.2003364325,36,36,Coyote,Canis latrans,Coyote,Mammalia,42051
224567030,192340a7-c78e-49b7-a69f-834c968df781,2024-06-22 22:27:46-07:00,2024-06-22,2024-06-23 05:27:46 UTC,Pacific Time (US & Canada),research,CC-BY-NC,https://www.inaturalist.org/observations/224567030,https://inaturalist-open-data.s3.amazonaws.com/photos/398036742/medium.jpg,https://static.inaturalist.org/sounds/1105534.m4a?1719121095,1,0,false,"Hidden Mesa Rd, El Cajon, CA, US",32.7724333333,-116.919495,10,10,Common Raccoon,Procyon lotor,Common Raccoon,Mammalia,41663
224715685,e31bd7f8-ef11-4778-9029-a22a7bb839c8,2024-06-23 12:01:43-07:00,2024-06-23,2024-06-23 19:01:43 UTC,Pacific Time (US & Canada),research,CC0,https://www.inaturalist.org/observations/224715685,https://inaturalist-open-data.s3.amazonaws.com/photos/398475350/medium.jpeg,https://static.inaturalist.org/sounds/1106515.m4a?1719170952,1,0,false,"Cleveland National Forest, Mount Laguna, CA, US",32.8640245538,-116.4655313398,8,8,California Ground Squirrel,Otospermophilus beecheyi,California Ground Squirrel,Mammalia,180007
226289956,e39de9cb-0dd1-4b19-81d6-79f199531b79,2024-06-30 14:01:12,2024-06-30,2024-06-30 21:01:12 UTC,Pacific Time (US & Canada),research,CC-BY-NC,https://www.inaturalist.org/observations/226289956,,https://static.inaturalist.org/sounds/1115859.mp3?1719781315,1,0,false,"El Sereno, Los Angeles, CA 90032, USA",34.07489576,-118.18919534,8,8,California Ground Squirrel,Otospermophilus beecheyi,California Ground Squirrel,Mammalia,180007
226582185,c9786446-4909-496e-9fca-66d6aaebff35,2024/06/21 11:21 AM,2024-06-21,2024-06-21 18:21:00 UTC,Pacific Time (US & Canada),research,CC-BY,https://www.inaturalist.org/observations/226582185,,https://static.inaturalist.org/sounds/1117416.m4a?1719881944,1,0,false,"Coal Mine Ridge Nature Preserve, Portola Valley, California, USA",37.3599164,-122.2145918,7,7,Merriam's Chipmunk,Neotamias merriami,Merriam's Chipmunk,Mammalia,197810
226646680,88413b4d-137b-4b13-9c23-f4c24697d3ab,2024-07-02 02:48:43-07:00,2024-07-02,2024-07-02 09:48:43 UTC,Pacific Time (US & Canada),research,,https://www.inaturalist.org/observations/226646680,,https://static.inaturalist.org/sounds/1117755.m4a?1719913776,2,0,false,"California, US",37.6265140946,-122.5178395041,5,28359,Canis latrans,Canis latrans,Coyote,Mammalia,42051
226857725,0236ebb3-7689-4452-b175-ea7a6f0a4f04,2024-07-03 02:26:00,2024-07-03,2024-07-03 09:26:00 UTC,Pacific Time (US & Canada),research,CC-BY,https://www.inaturalist.org/observations/226857725,,https://static.inaturalist.org/sounds/1119020.m4a?1719998852,1,0,false,"California, US",34.1535679669,-118.7376961102,6,28874,Coyote,Canis latrans,Coyote,Mammalia,42051
227381356,0554439f-9bea-45de-92c1-34b76757852e,2024-07-05 13:59:52-07:00,2024-07-05,2024-07-05 20:59:52 UTC,Pacific Time (US & Canada),research,,https://www.inaturalist.org/observations/227381356,https://static.inaturalist.org/photos/403370382/medium.jpg,https://static.inaturalist.org/sounds/1122111.m4a?1720213269,2,0,false,"Forest Ln, San Rafael, CA, US",38.0082091368,-122.5635605441,4,4,Eastern Fox Squirrel,Sciurus niger,Eastern Fox Squirrel,Mammalia,46020
227438893,bc4e06a4-946d-45b8-8c43-e9674946a4f5,2024-07-05 15:49:01,2024-07-05,2024-07-05 22:49:01 UTC,Pacific Time (US & Canada),research,CC-BY-NC,https://www.inaturalist.org/observations/227438893,https://inaturalist-open-data.s3.amazonaws.com/photos/403483219/medium.jpeg,https://static.inaturalist.org/sounds/1122387.m4a?1720235700,1,0,false,"Cupertino, CA 95014, USA",37.2892466997,-122.1296188997,,,Western Gray Squirrel,Sciurus griseus,Western Gray Squirrel,Mammalia,46023
228071415,f9e70412-8e06-404f-8095-158264e804e7,2024/07/07 9:11 AM,2024-07-07,2024-07-07 16:11:00 UTC,Pacific Time (US & Canada),research,CC-BY-SA,https://www.inaturalist.org/observations/228071415,https://inaturalist-open-data.s3.amazonaws.com/photos/404677266/medium.jpeg,https://static.inaturalist.org/sounds/1125583.mp3?1720462487,2,0,false,"Mammoth Lakes, CA 93546, USA",37.6450703804,-118.9885980939,24,24,Golden-mantled Ground Squirrel,Callospermophilus lateralis,Common Golden-mantled Ground Squirrel,Mammalia,180010
228246003,c1c9b8be-f080-46e4-9c93-d205c134b044,2024-07-09 07:42:10,2024-07-09,2024-07-09 14:42:10 UTC,Pacific Time (US & Canada),research,CC-BY-NC-ND,https://www.inaturalist.org/observations/228246003,https://inaturalist-open-data.s3.amazonaws.com/photos/405009371/medium.jpeg,https://static.inaturalist.org/sounds/1126539.m4a?1720537320,1,0,false,"Truckee, CA 96161, USA",39.34087107,-120.24415663,9,9,Western Gray Squirrel,Sciurus griseus,Western Gray Squirrel,Mammalia,46023
228622096,b04c99ad-1de3-4723-9b46-3b2ecb1c6b03,2024-07-11 06:42:24-07:00,2024-07-11,2024-07-11 13:42:24 UTC,Pacific Time (US & Canada),research,CC-BY-NC,https://www.inaturalist.org/observations/228622096,,https://static.inaturalist.org/sounds/1128469.m4a?1720705362,2,0,false,"Las Colindas Rd, San Rafael, CA, US",38.0194428703,-122.566230856,3,3,Coyote,Canis latrans,Coyote,Mammalia,42051
228692842,ade5d758-d56b-4813-ac26-350fb6ac3875,2024-07-11 13:01:18-07:00,2024-07-11,2024-07-11 20:01:18 UTC,Pacific Time (US & Canada),research,CC-BY-NC,https://www.inaturalist.org/observations/228692842,,https://static.inaturalist.org/sounds/1128879.m4a?1720728127,1,0,false,"UC Davis, Davis, CA, US",38.5344062979,-121.7517961935,8,8,Douglas' Ground Squirrel,Otospermophilus douglasii,Douglas's Ground Squirrel,Mammalia,1511713
229068672,40c2b218-2b1a-41e2-83d3-753d934952b8,2024/07/12 2:05 PM,2024-07-12,2024-07-12 21:05:00 UTC,Pacific Time (US & Canada),research,CC-BY,https://www.inaturalist.org/observations/229068672,https://inaturalist-open-data.s3.amazonaws.com/photos/406570626/medium.jpeg,https://static.inaturalist.org/sounds/1132151.m4a?1720978098,2,0,false,"Año Nuevo State Park, California, USA",37.118144,-122.3346292,7,7,Northern Elephant Seal · Elefante Marino Norteño,Mirounga angustirostris,Northern Elephant Seal,Mammalia,41728
229074557,37bfe6f4-ca86-443c-ae86-a351add98555,2024/07/12 2:01 PM,2024-07-12,2024-07-12 21:01:00 UTC,Pacific Time (US & Canada),research,CC-BY,https://www.inaturalist.org/observations/229074557,https://inaturalist-open-data.s3.amazonaws.com/photos/406580280/medium.jpeg,https://static.inaturalist.org/sounds/1132152.m4a?1720978121,2,0,false,"Año Nuevo Island, California, USA",37.1103980262,-122.3394927482,76,76,California Sea Lion · Lobo Marino Californiano,Zalophus californianus,California Sea Lion,Mammalia,41740
229079690,e85b8a7a-c931-4fa6-8161-2da86ac93884,2024-07-11 06:51:00,2024-07-11,2024-07-11 13:51:00 UTC,Pacific Time (US & Canada),research,,https://www.inaturalist.org/observations/229079690,,https://static.inaturalist.org/sounds/1131069.mpga?1720894237,3,0,false,"Orange County, US-CA, US",33.6124303081,-117.6807310006,19,28930,Coyote,Canis latrans,Coyote,Mammalia,42051
229086369,f34f9b42-174d-4306-b2c4-eddb8866c831,2024-07-13 11:39:40-07:00,2024-07-13,2024-07-13 18:39:40 UTC,Pacific Time (US & Canada),research,CC-BY-NC,https://www.inaturalist.org/observations/229086369,,https://static.inaturalist.org/sounds/1131106.m4a?1720895998,1,0,false,"Los Angeles County, US-CA, US",34.4707360551,-118.5666188002,4,28818,California Ground Squirrel,Otospermophilus beecheyi,California Ground Squirrel,Mammalia,180007
229160972,9cf878b5-3090-44eb-866c-f20187e50cb8,2024-07-13 18:26:50,2024-07-13,2024-07-14 01:26:50 UTC,Pacific Time (US & Canada),research,CC-BY-NC,https://www.inaturalist.org/observations/229160972,,https://static.inaturalist.org/sounds/1131474.m4a?1720920427,1,0,false,"Paicines, CA, US",36.6399416188,-121.0101934803,3,3,California Ground Squirrel,Otospermophilus beecheyi,California Ground Squirrel,Mammalia,180007
229290654,4209a398-180c-42dc-8796-4830b54f196c,2024-07-14 09:20:14-07:00,2024-07-14,2024-07-14 16:20:14 UTC,Pacific Time (US & Canada),research,,https://www.inaturalist.org/observations/229290654,,https://static.inaturalist.org/sounds/1132096.m4a?1720974052,2,0,false,"Landa St, Los Angeles, CA, US",34.0954152542,-118.2506661863,7,7,California Ground Squirrel,Otospermophilus beecheyi,California Ground Squirrel,Mammalia,180007
229429326,35b47e4c-a147-4512-af2d-9050913378df,2024-07-08 11:51:08-07:00,2024-07-08,2024-07-08 18:51:08 UTC,Pacific Time (US & Canada),research,CC-BY-NC,https://www.inaturalist.org/observations/229429326,,https://static.inaturalist.org/sounds/1132702.m4a?1721017934,2,0,false,"San Mateo County, US-CA, US",37.4094011145,-122.3158022788,11144,11144,Eastern Gray Squirrel,Sciurus carolinensis,Eastern Gray Squirrel,Mammalia,46017
229458061,9175cf33-75b7-4543-a2ed-0a2beb1a4b85,2024-07-15 02:34:25-07:00,2024-07-15,2024-07-15 09:34:25 UTC,Pacific Time (US & Canada),research,,https://www.inaturalist.org/observations/229458061,,https://static.inaturalist.org/sounds/1132808.m4a?1721036094,1,0,false,"Yolanda Ave, Los Angeles, CA, US",34.2814716074,-118.5472308248,7,7,Coyote,Canis latrans,Coyote,Mammalia,42051
229823702,710e64a0-7b48-42b6-a8f0-aa20afba5b56,2024-07-16 19:21:27-07:00,2024-07-16,2024-07-17 02:21:27 UTC,Pacific Time (US & Canada),research,CC-BY,https://www.inaturalist.org/observations/229823702,,https://static.inaturalist.org/sounds/1134518.m4a?1721182913,1,0,false,"San Luis Obispo County, US-CA, US",35.0413438876,-120.5715155983,12,28734,California Ground Squirrel,Otospermophilus beecheyi,California Ground Squirrel,Mammalia,180007
230195422,47fe2caa-3fd5-4487-af45-c768bdc13847,2024-07-16 11:08:29-07:00,2024-07-16,2024-07-16 18:08:29 UTC,Pacific Time (US & Canada),research,CC-BY-NC,https://www.inaturalist.org/observations/230195422,https://inaturalist-open-data.s3.amazonaws.com/photos/408703619/medium.jpeg,https://static.inaturalist.org/sounds/1136303.m4a?1721345631,1,0,false,"San Luis Obispo County, US-CA, US",35.3674536462,-120.8538326942,46,46,California Sea Lion,Zalophus californianus,California Sea Lion,Mammalia,41740
231135424,c9094316-2982-4ccf-879b-5b0769eb169a,2024-07-22 20:50:21-07:00,2024-07-22,2024-07-23 03:50:21 UTC,Pacific Time (US & Canada),research,CC-BY,https://www.inaturalist.org/observations/231135424,,https://static.inaturalist.org/sounds/1141027.m4a?1721706657,1,0,false,"Valley Rim Rd, El Cajon, CA, US",32.8077001944,-116.9066189071,4,4,Coyote,Canis latrans,Coyote,Mammalia,42051
231550273,2ef87e6e-843f-4e83-bf8d-896ec73cd165,2024-07-24 20:45:55,2024-07-24,2024-07-25 03:45:55 UTC,Pacific Time (US & Canada),research,,https://www.inaturalist.org/observations/231550273,,https://static.inaturalist.org/sounds/1142867.wav?1721879509,1,0,false,United States,32.7004326539,-116.8563209853,7567,29066,Coyote,Canis latrans,Coyote,Mammalia,42051
231655921,69d0c1d9-4cf1-4c09-9a8b-8d4ce322cad7,2024-07-25 10:22:24-07:00,2024-07-25,2024-07-25 17:22:24 UTC,Pacific Time (US & Canada),research,CC-BY,https://www.inaturalist.org/observations/231655921,,https://static.inaturalist.org/sounds/1143200.m4a?1721928187,3,0,false,"Tuxford St, Los Angeles, CA, US",34.2381010836,-118.3588461214,8,8,California Ground Squirrel,Otospermophilus beecheyi,California Ground Squirrel,Mammalia,180007
231675861,c149e7c4-882f-45da-8a75-a8ce3760b72d,2024-07-17,2024-07-17,,Pacific Time (US & Canada),research,CC-BY,https://www.inaturalist.org/observations/231675861,,https://static.inaturalist.org/sounds/1143268.wav?1721934129,1,0,false,"Orick, CA 95555, USA",41.3873624153,-124.0443291888,4912,4912,Wapiti,Cervus canadensis,Elk,Mammalia,204114
231742078,51111ae1-7195-49e2-9aba-2b137975c0fa,2024-07-25 18:48:46-07:00,2024-07-25,2024-07-26 01:48:46 UTC,Pacific Time (US & Canada),research,CC-BY,https://www.inaturalist.org/observations/231742078,,https://static.inaturalist.org/sounds/1143530.m4a?1721958572,1,0,false,"Irvine Regional Park, Orange, CA, US",33.7936820156,-117.7487629269,4,4,California Ground Squirrel,Otospermophilus beecheyi,California Ground Squirrel,Mammalia,180007
231773821,6196377a-aa2e-44b8-9d26-f3cbd00aa927,2024-07-25 20:03:00-07:00,2024-07-25,2024-07-26 03:03:00 UTC,Pacific Time (US & Canada),research,CC-BY-NC,https://www.inaturalist.org/observations/231773821,,https://static.inaturalist.org/sounds/1143681.m4a?1721978289,1,0,false,"UC Santa Cruz, Santa Cruz, CA, US",36.9990825803,-122.0516376313,22,22,Coyote,Canis latrans,Coyote,Mammalia,42051
232040179,7a1608e6-37bb-47d5-8311-46d6d1f17f6b,2024-07-27 07:57:50,2024-07-27,2024-07-27 14:57:50 UTC,Pacific Time (US & Canada),research,CC-BY-NC,https://www.inaturalist.org/observations/232040179,https://inaturalist-open-data.s3.amazonaws.com/photos/412196745/medium.jpeg,https://static.inaturalist.org/sounds/1144861.wav?1722092887,2,0,false,"Chula Vista, CA 91914, USA",32.6727627,-116.9179736,4,4,Coyote,Canis latrans,Coyote,Mammalia,42051
232187760,6fbe87d3-1874-4258-89db-3b173deeb692,2024-07-27 21:06:45-07:00,2024-07-27,2024-07-28 04:06:45 UTC,Pacific Time (US & Canada),research,CC-BY-NC,https://www.inaturalist.org/observations/232187760,,https://static.inaturalist.org/sounds/1145576.m4a?1722139633,1,0,false,United States,32.6597111101,-117.0991743499,23,29066,Coyote,Canis latrans,Coyote,Mammalia,42051
233300308,35e9c43c-8d5b-42ba-adf9-4f4e024816d2,2024-08-01 18:21:22-07:00,2024-08-01,2024-08-02 01:21:22 UTC,Pacific Time (US & Canada),research,CC-BY-NC,https://www.inaturalist.org/observations/233300308,,https://static.inaturalist.org/sounds/1150475.m4a?1722613263,1,0,false,"Mono County, US-CA, US",38.2736962203,-119.6004753052,97,97,American Pika,Ochotona princeps,American Pika,Mammalia,43188
233303087,d7f7ecfc-b06d-4f03-80f9-e8fcda604b79,2024-08-02 08:55:29-07:00,2024-08-02,2024-08-02 15:55:29 UTC,Pacific Time (US & Canada),research,CC-BY-NC,https://www.inaturalist.org/observations/233303087,,https://static.inaturalist.org/sounds/1150485.m4a?1722614141,1,0,false,"Kern National Wildlife Refuge, Wasco, CA, US",35.7557812997,-119.6345057695,4,4,Coyote,Canis latrans,Coyote,Mammalia,42051
233551151,49b6ede9-30f8-4645-b655-d069c470000f,2024-08-03 12:21:32-07:00,2024-08-03,2024-08-03 19:21:32 UTC,Pacific Time (US & Canada),research,,https://www.inaturalist.org/observations/233551151,,https://static.inaturalist.org/sounds/1151721.m4a?1722712919,1,0,false,"Santa Cruz Wharf, Santa Cruz, CA, US",36.957944063,-122.0177064043,24,24,California Sea Lion,Zalophus californianus,California Sea Lion,Mammalia,41740
233855466,84240b97-ca29-4f7b-9833-dd2289f360cd,2024-08-04 16:45:16-07:00,2024-08-04,2024-08-04 23:45:16 UTC,Pacific Time (US & Canada),research,CC-BY-NC,https://www.inaturalist.org/observations/233855466,,https://static.inaturalist.org/sounds/1153045.m4a?1722822341,1,0,false,"California, US",38.0343952138,-122.882490769,5,5,Tule Elk,Cervus canadensis nannodes,Tule Elk,Mammalia,566549
233879464,80bee569-7403-4b28-b2d6-eaaf8c28b665,2024-08-04 21:46:11-07:00,2024-08-04,2024-08-05 04:46:11 UTC,Pacific Time (US & Canada),research,,https://www.inaturalist.org/observations/233879464,,https://static.inaturalist.org/sounds/1153137.m4a?1722833206,2,0,false,"Pinto Lake County Park, Watsonville, CA, US",36.9640667951,-121.7715678876,876,876,Coyote,Canis latrans,Coyote,Mammalia,42051
234276852,518db8e5-7ad2-478e-94d6-2210622f0c37,2024-08-06 21:25:09-07:00,2024-08-06,2024-08-07 04:25:09 UTC,Pacific Time (US & Canada),research,,https://www.inaturalist.org/observations/234276852,,https://static.inaturalist.org/sounds/1155011.m4a?1723004737,1,0,false,"Monte Vista Christian School, Watsonville, CA, US",36.9841207221,-121.7704723879,4,4,Coyote,Canis latrans,Coyote,Mammalia,42051
235933062,7a2b89bd-a69c-4ba3-b5cf-aacd501d0945,2024/08/15 6:50 AM,2024-08-15,2024-08-15 13:50:00 UTC,Pacific Time (US & Canada),research,CC-BY-NC,https://www.inaturalist.org/observations/235933062,https://inaturalist-open-data.s3.amazonaws.com/photos/419660697/medium.jpg,https://static.inaturalist.org/sounds/1163380.mp3?1723740045,3,0,false,"Woodland Hills, Los Angeles, CA, USA",34.156799,-118.564911,,,Coyote,Canis latrans,Coyote,Mammalia,42051
235951385,43eb8881-a086-4a0c-ab66-928b458b90e7,2024/08/15 7:40 AM,2024-08-15,2024-08-15 14:40:00 UTC,Pacific Time (US & Canada),research,CC-BY-NC,https://www.inaturalist.org/observations/235951385,,https://static.inaturalist.org/sounds/1163487.mp3?1723746153,1,0,false,"Woodland Hills, Los Angeles, CA, USA",34.1563188803,-118.5652469524,53,53,California Ground Squirrel,Otospermophilus beecheyi,California Ground Squirrel,Mammalia,180007
235975254,826b163e-662c-438d-83e8-5a1fea881993,2024-08-15 13:48:15-07:00,2024-08-15,2024-08-15 20:48:15 UTC,Pacific Time (US & Canada),research,,https://www.inaturalist.org/observations/235975254,https://static.inaturalist.org/photos/419745541/medium.jpeg,https://static.inaturalist.org/sounds/1163639.m4a?1723754953,1,0,false,"Old Fisherman's Wharf, Monterey, CA, US",36.6029412579,-121.8924418465,5,5,California Sea Lion,Zalophus californianus,California Sea Lion,Mammalia,41740
236507264,654d6e5e-67cb-409b-afff-51273d9e6b3e,2024/08/18 1:21 AM,2024-08-18,2024-08-18 08:21:00 UTC,Pacific Time (US & Canada),research,CC-BY-NC,https://www.inaturalist.org/observations/236507264,,https://static.inaturalist.org/sounds/1166354.m4a?1723990894,2,0,false,"Kern County, CA, USA",35.6772426792,-118.4966726747,8005,8005,Coyote,Canis latrans,Coyote,Mammalia,42051
236858545,d837320e-1d34-4dd2-b99e-10da3be192b0,2024-08-19 10:29pm,2024-08-19,2024-08-20 05:29:00 UTC,Pacific Time (US & Canada),research,CC-BY,https://www.inaturalist.org/observations/236858545,,https://static.inaturalist.org/sounds/1168585.m4a?1724131980,1,0,false,"San Diego County, US-CA, US",33.0243460889,-117.2187003228,,29012,Coyote,Canis latrans,Coyote,Mammalia,42051
237020532,b92e1d04-f998-4d98-bdf3-148600e3bfaf,2024-08-20 17:36:48-07:00,2024-08-20,2024-08-21 00:36:48 UTC,Pacific Time (US & Canada),research,CC0,https://www.inaturalist.org/observations/237020532,,https://static.inaturalist.org/sounds/1172128.m4a?1724200650,1,0,false,"Misty Creek Dr, Menifee, CA, US",33.6785003964,-117.1906372842,33,33,California Ground Squirrel,Otospermophilus beecheyi,California Ground Squirrel,Mammalia,180007
237491548,8e947885-b47b-4c83-b9e7-c4895a267042,2024-08-23 10:11:52-07:00,2024-08-23,2024-08-23 17:11:52 UTC,Pacific Time (US & Canada),research,CC-BY,https://www.inaturalist.org/observations/237491548,,https://static.inaturalist.org/sounds/1183175.m4a?1724433163,1,0,false,"Potrero Road To Monterey Dunes Way, Moss Landing, CA, US",36.7969330307,-121.7906615698,4,4,California Sea Lion,Zalophus californianus,California Sea Lion,Mammalia,41740
237654281,d62171e0-692e-445b-bb35-86b4fa5f03f1,2024-08-24 08:22:26,2024-08-24,2024-08-24 15:22:26 UTC,Pacific Time (US & Canada),research,CC-BY-NC,https://www.inaturalist.org/observations/237654281,,https://static.inaturalist.org/sounds/1184030.m4a?1724514197,1,0,false,"Chevy Chase, Glendale, CA, USA",34.1669133,-118.2064625,29,29,Coyote,Canis latrans,Coyote,Mammalia,42051
237656849,04c071ff-b653-48ce-9770-1a90005f7d99,2024-08-24 08:24:50-07:00,2024-08-24,2024-08-24 15:24:50 UTC,Pacific Time (US & Canada),research,,https://www.inaturalist.org/observations/237656849,,https://static.inaturalist.org/sounds/1184024.m4a?1724513674,1,0,false,"E Chevy Chase Dr, Glendale, CA, US",34.1668345971,-118.2073206851,4,4,Coyote,Canis latrans,Coyote,Mammalia,42051
237930438,a704448d-370b-409c-913b-7a720c8f5c52,2024-08-24 15:49:35-07:00,2024-08-24,2024-08-24 22:49:35 UTC,Pacific Time (US & Canada),research,,https://www.inaturalist.org/observations/237930438,,https://static.inaturalist.org/sounds/1185466.m4a?1724615772,2,0,false,"Ventura County, US-CA, US",34.6788714873,-119.3073470705,3,3,California Ground Squirrel,Otospermophilus beecheyi,California Ground Squirrel,Mammalia,180007
237930445,5feec78a-3ceb-4cf3-a222-8afd529d2ee7,2024-08-24 15:49:54-07:00,2024-08-24,2024-08-24 22:49:54 UTC,Pacific Time (US & Canada),research,,https://www.inaturalist.org/observations/237930445,,https://static.inaturalist.org/sounds/1185467.m4a?1724615774,1,0,false,"Ventura County, US-CA, US",34.6796923456,-119.3083208322,40,40,California Ground Squirrel,Otospermophilus beecheyi,California Ground Squirrel,Mammalia,180007
237932698,db1bb59d-2cd9-4517-982b-8785300df2ee,2024-08-25 10:01:09,2024-08-25,2024-08-25 17:01:09 UTC,Pacific Time (US & Canada),research,CC-BY,https://www.inaturalist.org/observations/237932698,,https://static.inaturalist.org/sounds/1185475.m4a?1724616402,1,0,false,"Año Nuevo State Reserve, San Mateo County, US-CA, US",37.1160951857,-122.3304596525,4,4,California Sea Lion,Zalophus californianus,California Sea Lion,Mammalia,41740
238981410,aabfd58a-7608-4d84-9a59-e4eb6c243f7d,2024/08/24 8:36 AM,2024-08-24,2024-08-24 15:36:00 UTC,Pacific Time (US & Canada),research,CC-BY,https://www.inaturalist.org/observations/238981410,,https://static.inaturalist.org/sounds/1189983.m4a?1725118588,1,0,false,"Cameron Park, CA, USA",38.6796460542,-120.9922602591,4,4,Mountain Lion,Puma concolor,Mountain Lion,Mammalia,42007
239251847,be4fed1c-fd47-4b63-9df5-f837072ecddb,2024/09/01 11:05 AM,2024-09-01,2024-09-01 18:05:00 UTC,Pacific Time (US & Canada),research,CC-BY,https://www.inaturalist.org/observations/239251847,,https://static.inaturalist.org/sounds/1191119.wav?1725220158,3,0,false,"Pasadena, CA, USA",34.188494329,-118.1024849614,91,91,California Ground Squirrel,Otospermophilus beecheyi,California Ground Squirrel,Mammalia,180007
239898570,8cdaa705-9a5f-4f03-99bf-5aa717442e55,2024-09-01 22:00:00-07:00,2024-09-01,2024-09-02 05:00:00 UTC,Pacific Time (US & Canada),research,CC-BY-NC,https://www.inaturalist.org/observations/239898570,,https://static.inaturalist.org/sounds/1193665.m4a?1725501030,1,0,false,"Point Reyes National Seashore, Bolinas, CA, US",37.9714220694,-122.7899454633,23,23,Coyote,Canis latrans,Coyote,Mammalia,42051
240046904,9d44e78e-b5a7-4ca9-9e38-0ced085d98b8,2024/09/05 12:24 PM,2024-09-05,2024-09-05 19:24:00 UTC,Pacific Time (US & Canada),research,CC-BY-NC,https://www.inaturalist.org/observations/240046904,https://static.inaturalist.org/photos/427611194/medium.jpg,https://static.inaturalist.org/sounds/1228707.mp3?1728840481,1,0,false,"Pacific Grove, CA, USA",36.6313966667,-121.9312733333,,,Columbian Black-tailed Deer,Odocoileus hemionus columbianus,Columbian Black-tailed Deer,Mammalia,42221
240271098,7b3421b2-029e-44e7-ab8a-f621bd704f02,2024-09-05,2024-09-05,,Pacific Time (US & Canada),research,,https://www.inaturalist.org/observations/240271098,,https://static.inaturalist.org/sounds/1205145.wav?1726756890,1,0,false,"Hudson, San Bernardino, CA, USA",34.1751832054,-117.3317115381,101,101,Coyote,Canis latrans,Coyote,Mammalia,42051
240375413,4e57de28-08dd-4211-9df6-d64bd6133662,2024-09-07 11:34:49-07:00,2024-09-07,2024-09-07 18:34:49 UTC,Pacific Time (US & Canada),research,CC-BY-NC,https://www.inaturalist.org/observations/240375413,,https://static.inaturalist.org/sounds/1195631.m4a?1725734115,1,0,false,"Shady Oaks Park, San Jose, CA, US",37.2613798827,-121.794356954,4,4,California Ground Squirrel,Otospermophilus beecheyi,California Ground Squirrel,Mammalia,180007
240378760,7222390f-3f1d-4603-a63c-11cc2febed70,2024-09-07 11:48:57-07:00,2024-09-07,2024-09-07 18:48:57 UTC,Pacific Time (US & Canada),research,CC-BY-NC,https://www.inaturalist.org/observations/240378760,,https://static.inaturalist.org/sounds/1195664.m4a?1725735163,2,0,false,"Shady Oaks Park, San Jose, CA, US",37.2591915541,-121.7938867585,7,7,California Ground Squirrel,Otospermophilus beecheyi,California Ground Squirrel,Mammalia,180007
241160636,7c3bd313-cd34-46b0-b03d-7eb449464614,2024-09-11 12:34:50-07:00,2024-09-11,2024-09-11 19:34:50 UTC,Pacific Time (US & Canada),research,CC-BY-NC,https://www.inaturalist.org/observations/241160636,,https://static.inaturalist.org/sounds/1200024.m4a?1726248116,1,0,false,"E Cabrillo Blvd, Santa Barbara, CA, US",34.4128504771,-119.68764732,4,4,California Ground Squirrel,Otospermophilus beecheyi,California Ground Squirrel,Mammalia,180007
241267607,89bde657-98cf-41c7-a3bc-567e0bc89859,2024-09-12 05:24:10,2024-09-12,2024-09-12 12:24:10 UTC,Pacific Time (US & Canada),research,CC-BY-NC,https://www.inaturalist.org/observations/241267607,,https://static.inaturalist.org/sounds/1199129.m4a?1726144025,2,0,false,"Pollard & Summerwood, California 95008, USA",37.2649966738,-121.974538242,9,9,Eastern Gray Squirrel,Sciurus carolinensis,Eastern Gray Squirrel,Mammalia,46017
241398300,0eecc7ff-256c-4464-8def-b1d72cabad26,2024-09-12 20:03:52-07:00,2024-09-12,2024-09-13 03:03:52 UTC,Pacific Time (US & Canada),research,,https://www.inaturalist.org/observations/241398300,,https://static.inaturalist.org/sounds/1199606.m4a?1726196658,1,0,false,"Overlook Point Dr, Escondido, CA, US",33.1028881157,-117.1255635751,3,3,Coyote,Canis latrans,Coyote,Mammalia,42051
241940777,f29fd1af-620a-4e42-9414-7e4eeb0fa9a1,2024-09-15 12:30:54-07:00,2024-09-15,2024-09-15 19:30:54 UTC,Pacific Time (US & Canada),research,,https://www.inaturalist.org/observations/241940777,,https://static.inaturalist.org/sounds/1201901.m4a?1726428663,3,1,false,"Bommer Canyon Open Space, Irvine, CA, US",33.6136541309,-117.8022630551,4,4,California Ground Squirrel,Otospermophilus beecheyi,California Ground Squirrel,Mammalia,180007
242192110,0244dadf-48e8-4eaf-999a-cc21ca87b7b2,2024/09/15 1:37 PM,2024-09-15,2024-09-15 20:37:00 UTC,Pacific Time (US & Canada),research,CC-BY-NC,https://www.inaturalist.org/observations/242192110,https://inaturalist-open-data.s3.amazonaws.com/photos/431748002/medium.jpg,https://static.inaturalist.org/sounds/1202944.m4a?1726529802,1,0,false,"Washington Park, Pacific Grove, CA, USA",36.621427857,-121.928335474,103,103,Eastern Gray Squirrel,Sciurus carolinensis,Eastern Gray Squirrel,Mammalia,46017
242457310,a6f2cb76-d1ad-421e-a382-f4bbba165975,2024-09-18 03:01:57,2024-09-18,2024-09-18 10:01:57 UTC,Pacific Time (US & Canada),research,CC-BY-NC,https://www.inaturalist.org/observations/242457310,,https://static.inaturalist.org/sounds/1204054.wav?1726653773,1,0,false,"Santa Cruz, CA, USA",36.966728,-122.0421341,11,11,Coyote,Canis latrans,Coyote,Mammalia,42051
242486910,8f6af42c-aeb8-47fb-b280-cdeaf40899bf,2024-09-18 06:44:32-07:00,2024-09-18,2024-09-18 13:44:32 UTC,Pacific Time (US & Canada),research,CC-BY-NC,https://www.inaturalist.org/observations/242486910,,https://static.inaturalist.org/sounds/1204227.m4a?1726667182,1,0,false,"Eagle Ridge Rd, Penngrove, CA, US",38.3517897067,-122.6039732164,9,9,Coyote,Canis latrans,Coyote,Mammalia,42051
242613983,f6d0dcc0-40a9-49e0-adb3-4b6eb485c158,2024-09-18 20:40:42-07:00,2024-09-18,2024-09-19 03:40:42 UTC,Pacific Time (US & Canada),research,CC-BY-NC,https://www.inaturalist.org/observations/242613983,,https://static.inaturalist.org/sounds/1204759.m4a?1726717288,1,0,false,"Skye Ct, Granite Bay, CA, US",38.7272242439,-121.1880663998,6,6,Coyote,Canis latrans,Coyote,Mammalia,42051
242827478,37afcc78-60cd-477a-a97d-dacdc2e0d414,2024-09-20 01:08:39-07:00,2024-09-20,2024-09-20 08:08:39 UTC,Pacific Time (US & Canada),research,,https://www.inaturalist.org/observations/242827478,,https://static.inaturalist.org/sounds/1205868.m4a?1726819735,1,0,false,"California, US",34.0749408979,-118.7896306653,5,28874,Coyote,Canis latrans,Coyote,Mammalia,42051
242896780,0e6a2e97-6e16-4a4a-9627-ebccc1878e40,2024-09-20 08:22:43-07:00,2024-09-20,2024-09-20 15:22:43 UTC,Pacific Time (US & Canada),research,CC-BY-NC,https://www.inaturalist.org/observations/242896780,https://inaturalist-open-data.s3.amazonaws.com/photos/433058540/medium.jpeg,https://static.inaturalist.org/sounds/1206168.m4a?1726848458,1,0,false,"Contra Costa Country Club, Pleasant Hill, CA, US",37.9739712491,-122.0839877011,98,98,Coyote,Canis latrans,Coyote,Mammalia,42051
242918853,df9880dc-4ae9-42ab-98df-9809d0f0f4f4,2024-09-20 10:59:05,2024-09-20,2024-09-20 17:59:05 UTC,Pacific Time (US & Canada),research,,https://www.inaturalist.org/observations/242918853,,https://static.inaturalist.org/sounds/1206279.wav?1726855667,2,0,false,"Hayward Highland, Hayward, CA, USA",37.65182297,-122.04957065,9,9,California Ground Squirrel,Otospermophilus beecheyi,California Ground Squirrel,Mammalia,180007
243817779,3500c047-2fe0-4ba3-9e6e-a890bcca3b9f,2024-09-24 09:40:57-07:00,2024-09-24,2024-09-24 16:40:57 UTC,Pacific Time (US & Canada),research,CC-BY-NC,https://www.inaturalist.org/observations/243817779,,https://static.inaturalist.org/sounds/1210455.m4a?1727196095,1,0,false,"North Pacific Ocean, CA, US",40.7783085161,-124.2002011037,579,579,California Sea Lion,Zalophus californianus,California Sea Lion,Mammalia,41740
244368399,d2c645e3-0c0a-4ddf-8f0e-4209d73b8cd5,2024-09-27 12:50:11-07:00,2024-09-27,2024-09-27 19:50:11 UTC,Pacific Time (US & Canada),research,,https://www.inaturalist.org/observations/244368399,https://static.inaturalist.org/photos/435880736/medium.jpeg,https://static.inaturalist.org/sounds/1217278.m4a?1727677259,1,0,false,"UC Davis, Davis, CA, US",38.5296534687,-121.7610965439,4,4,Douglas' Ground Squirrel,Otospermophilus douglasii,Douglas's Ground Squirrel,Mammalia,1511713
245083334,461404fa-8928-471b-8dda-95e294a388d9,2024-10-01 08:24:36-07:00,2024-10-01,2024-10-01 15:24:36 UTC,Pacific Time (US & Canada),research,CC-BY-NC,https://www.inaturalist.org/observations/245083334,,https://static.inaturalist.org/sounds/1219517.m4a?1727796356,1,0,false,"Villa Canyon Rd, Castaic, CA, US",34.4741047963,-118.6211842233,17,17,California Ground Squirrel,Otospermophilus beecheyi,California Ground Squirrel,Mammalia,180007
245318938,cc6d5ab7-2cf6-46e4-99ab-b94af7f9c580,2024-10-02 16:41:00,2024-10-02,2024-10-02 23:41:00 UTC,Pacific Time (US & Canada),research,CC-BY-NC,https://www.inaturalist.org/observations/245318938,https://static.inaturalist.org/photos/437736470/medium.jpeg,https://static.inaturalist.org/sounds/1220583.m4a?1727912994,3,0,false,"Village of La Jolla, San Diego, CA 92037, USA",32.8500057588,-117.2720501317,13,13,California Sea Lion,Zalophus californianus,California Sea Lion,Mammalia,41740
245342307,82a1fa79-cf05-4e48-a1a9-dcb0b4fb1e02,2024-10-02 20:04:03-07:00,2024-10-02,2024-10-03 03:04:03 UTC,Pacific Time (US & Canada),research,CC-BY-NC,https://www.inaturalist.org/observations/245342307,,https://static.inaturalist.org/sounds/1220685.m4a?1727924670,1,0,false,"Vega Rd, Royal Oaks, CA, US",36.8906652595,-121.7101952661,15,15,Coyote,Canis latrans,Coyote,Mammalia,42051
245409804,a4722d5d-bf02-4c87-8a2e-60235f13989b,2024-10-03 08:13:32,2024-10-03,2024-10-03 15:13:32 UTC,Pacific Time (US & Canada),research,CC-BY-NC,https://www.inaturalist.org/observations/245409804,,https://static.inaturalist.org/sounds/1221008.wav?1727968459,1,0,false,"Griffith Park, Los Angeles, CA, USA",34.15093749,-118.28660227,8,8,California Ground Squirrel,Otospermophilus beecheyi,California Ground Squirrel,Mammalia,180007
245813591,7e520ae9-fe7f-47e3-b169-ee71d69d2ce2,2024/10/02 ,2024-10-02,,Pacific Time (US & Canada),research,CC-BY-NC,https://www.inaturalist.org/observations/245813591,,https://static.inaturalist.org/sounds/1222863.wav?1728159775,1,0,false,"Los Angeles County, CA, USA",34.7921866524,-118.120045273,252,252,Coyote,Canis latrans,Coyote,Mammalia,42051
245831298,722d9a30-01f6-4cde-879d-5fbfb9406e96,2024/09/14 7:10 PM,2024-09-14,2024-09-15 02:10:00 UTC,Pacific Time (US & Canada),research,CC-BY-NC-SA,https://www.inaturalist.org/observations/245831298,https://inaturalist-open-data.s3.amazonaws.com/photos/438742612/medium.png,https://static.inaturalist.org/sounds/1222961.wav?1728165420,1,0,false,"San Diego County, US-CA, US",33.0282438973,-117.0496343928,10,29012,Mexican Free-tailed Bat,Tadarida brasiliensis,Mexican Free-tailed Bat,Mammalia,41301
245968465,ad648ad1-2a38-4196-9862-c2f60a4e7b97,2024-10-06 05:34:00,2024-10-06,2024-10-06 12:34:00 UTC,Pacific Time (US & Canada),research,CC-BY,https://www.inaturalist.org/observations/245968465,,https://static.inaturalist.org/sounds/1223528.m4a?1728229623,1,0,false,"Gilroy, CA 95020, USA",36.9951853198,-121.373452507,32,32,Coyote,Canis latrans,Coyote,Mammalia,42051
246067156,a30a3f30-aee1-4fe6-ac4c-2d24ca20f2ff,2024-10-05 10:08:07-07:00,2024-10-05,2024-10-05 17:08:07 UTC,Pacific Time (US & Canada),research,CC-BY-NC,https://www.inaturalist.org/observations/246067156,,https://static.inaturalist.org/sounds/1223901.m4a?1728261626,1,0,false,"Kings Canyon/sequoia, Sequoia National Park, Sequoia and Kings Canyon National Parks, Tulare County, US-CA, US",36.424860373,-118.6061280836,4,4,Gray-headed Pika,Ochotona princeps schisticeps,Gray-headed Pika,Mammalia,126776
246379800,ac8fb3f1-776e-48ed-a99d-7cb617e658f1,2024-10-08 14:15:43,2024-10-08,2024-10-08 21:15:43 UTC,Pacific Time (US & Canada),research,CC-BY-NC,https://www.inaturalist.org/observations/246379800,,https://static.inaturalist.org/sounds/1225094.wav?1728422191,1,0,false,"Highland Park, Los Angeles, CA, USA",34.0989275,-118.2035006,804,804,California Ground Squirrel,Otospermophilus beecheyi,California Ground Squirrel,Mammalia,180007
246498551,8f66a101-4bc1-46fd-b83a-c3769ceaeeb4,2024/10/02 10:07 AM,2024-10-02,2024-10-02 17:07:00 UTC,Pacific Time (US & Canada),research,CC-BY-NC,https://www.inaturalist.org/observations/246498551,,https://static.inaturalist.org/sounds/1225591.m4a?1728493653,2,0,false,"Golden Gate Park, San Francisco, CA, USA",37.7662840635,-122.4739791428,8,8,California Ground Squirrel,Otospermophilus beecheyi,California Ground Squirrel,Mammalia,180007
246702969,1dbb3b48-33e3-479b-a57d-216972c47c25,2024/06/30 6:48 PM,2024-06-30,2024-07-01 01:48:00 UTC,Pacific Time (US & Canada),research,CC-BY-NC,https://www.inaturalist.org/observations/246702969,,https://static.inaturalist.org/sounds/1226429.wav?1728605560,1,0,false,"Almaden Guadalupe Park, CA, USA",37.201726,-121.872924,4,4,Western Gray Squirrel,Sciurus griseus,Western Gray Squirrel,Mammalia,46023
247222471,ae872c2d-3420-4e47-a1f2-3b2ffb552f72,2024-10-09 13:57:44,2024-10-09,2024-10-09 20:57:44 UTC,Pacific Time (US & Canada),research,CC-BY-NC,https://www.inaturalist.org/observations/247222471,,https://static.inaturalist.org/sounds/1229019.mpga?1728863602,1,0,false,"Angeles MRCA Open Space, Los Angeles County, US-CA, US",34.25660554,-118.09705818,5,5,California Ground Squirrel,Otospermophilus beecheyi,California Ground Squirrel,Mammalia,180007
247599522,31b1ddae-8794-483e-9410-aba3eb713525,2024-10-16 02:47:00,2024-10-16,2024-10-16 09:47:00 UTC,Pacific Time (US & Canada),research,CC-BY-NC,https://www.inaturalist.org/observations/247599522,https://inaturalist-open-data.s3.amazonaws.com/photos/442373894/medium.jpeg,https://static.inaturalist.org/sounds/1230702.m4a?1729072468,1,0,false,"Los Angeles County, US-CA, US",34.1462982199,-118.0202076368,6,28874,Common Raccoon,Procyon lotor,Common Raccoon,Mammalia,41663
247674207,4f694695-15e3-49ad-88bf-60f7bdcaa07e,2024-10-16 13:46:27-07:00,2024-10-16,2024-10-16 20:46:27 UTC,Pacific Time (US & Canada),research,CC-BY-NC,https://www.inaturalist.org/observations/247674207,,https://static.inaturalist.org/sounds/1231027.m4a?1729112179,1,0,false,"Pearson-Arastradero Preserve, Palo Alto, CA, US",37.3833433629,-122.1753535003,1422,1422,California Ground Squirrel,Otospermophilus beecheyi,California Ground Squirrel,Mammalia,180007
247718121,845255cc-80fb-403f-b632-142bbc0404bf,2024-10-16 20:44:00-07:00,2024-10-16,2024-10-17 03:44:00 UTC,Pacific Time (US & Canada),research,,https://www.inaturalist.org/observations/247718121,,https://static.inaturalist.org/sounds/1231192.m4a?1729136675,1,0,false,"Robie Ct, Paso Robles, CA, US",35.6412752811,-120.7081065887,5,5,Coyote,Canis latrans,Coyote,Mammalia,42051
247867133,74093c58-998e-43be-8ba2-ada2aba7bff1,2024-10-15 22:17:00,2024-10-15,2024-10-16 05:17:00 UTC,Pacific Time (US & Canada),research,CC-BY-NC,https://www.inaturalist.org/observations/247867133,,https://static.inaturalist.org/sounds/1231977.mpga?1729228785,1,0,false,"Echo Park, Los Angeles, CA, USA",34.0889249824,-118.2530272007,21,21,Coyote,Canis latrans,Coyote,Mammalia,42051
248100896,77b14b54-ec95-4dd6-96a0-2c2a0929ace0,2024-10-19 10:02:31-07:00,2024-10-19,2024-10-19 17:02:31 UTC,Pacific Time (US & Canada),research,CC-BY-NC,https://www.inaturalist.org/observations/248100896,https://inaturalist-open-data.s3.amazonaws.com/photos/443231707/medium.jpeg,https://static.inaturalist.org/sounds/1233089.m4a?1729357443,1,0,false,"N Studebaker Rd, Long Beach, CA, US",33.7852560113,-118.1004702931,23,23,Eastern Fox Squirrel,Sciurus niger,Eastern Fox Squirrel,Mammalia,46020
248114729,bb0777e8-12fa-4256-b53a-527aa660343a,2024-10-19 11:18:24-07:00,2024-10-19,2024-10-19 18:18:24 UTC,Pacific Time (US & Canada),research,,https://www.inaturalist.org/observations/248114729,,https://static.inaturalist.org/sounds/1233133.m4a?1729361932,1,0,false,"Arroyo Woodland and Wildlife Nature Park, South Pasadena, CA, US",34.1128204664,-118.1747815013,4,4,California Ground Squirrel,Otospermophilus beecheyi,California Ground Squirrel,Mammalia,180007
248431237,88c556df-a78e-447a-9658-2e434256c001,2024/10/21 4:08 AM,2024-10-21,2024-10-21 11:08:00 UTC,Pacific Time (US & Canada),research,CC-BY-NC,https://www.inaturalist.org/observations/248431237,,https://static.inaturalist.org/sounds/1234753.m4a?1729509822,1,0,false,"San Rafael, CA, USA",37.9610000908,-122.5201567043,8,8,Coyote,Canis latrans,Coyote,Mammalia,42051
248522144,54c9bcbf-58b0-45a2-bfaa-c859d64eab29,2024-10-21 15:51:52-07:00,2024-10-21,2024-10-21 22:51:52 UTC,Pacific Time (US & Canada),research,CC-BY-NC,https://www.inaturalist.org/observations/248522144,,https://static.inaturalist.org/sounds/1235267.m4a?1729551140,1,0,false,"Yolo County, US-CA, US",38.7110204158,-121.7504648774,19,28210,Eastern Fox Squirrel,Sciurus niger,Eastern Fox Squirrel,Mammalia,46020
248787335,65a1593d-b397-424f-b564-8c26ffe1c5c0,2024-10-23 12:43:47-07:00,2024-10-23,2024-10-23 19:43:47 UTC,Pacific Time (US & Canada),research,CC-BY-NC,https://www.inaturalist.org/observations/248787335,,https://static.inaturalist.org/sounds/1236522.m4a?1729712643,1,0,false,"The Buckley School, Los Angeles, CA, US",34.1395766306,-118.4433432226,4,4,California Ground Squirrel,Otospermophilus beecheyi,California Ground Squirrel,Mammalia,180007
248836362,928f21f9-0a22-49d7-8ebc-d287a20ce869,2024-10-23 20:08:55-07:00,2024-10-23,2024-10-24 03:08:55 UTC,Pacific Time (US & Canada),research,CC-BY,https://www.inaturalist.org/observations/248836362,,https://static.inaturalist.org/sounds/1236872.m4a?1729739457,1,0,false,"Mount Pleasant Rd, Lincoln, CA, US",38.9406130204,-121.2236320507,5,5,Coyote,Canis latrans,Coyote,Mammalia,42051
249068188,3844b50c-67e6-4a20-82ad-7a63d8d7fdf5,2024-10-25 13:17:45-07:00,2024-10-25,2024-10-25 20:17:45 UTC,Pacific Time (US & Canada),research,CC-BY-NC,https://www.inaturalist.org/observations/249068188,https://inaturalist-open-data.s3.amazonaws.com/photos/445159181/medium.jpeg,https://static.inaturalist.org/sounds/1237893.m4a?1729887876,1,0,false,"California State University, Monterey Bay, Seaside, CA, US",36.6541567443,-121.7992631026,4,4,Eastern Fox Squirrel,Sciurus niger,Eastern Fox Squirrel,Mammalia,46020
249342029,c1190b9a-3d50-4309-8e29-55ce62a699fb,2024-10-23 10:33:11,2024-10-23,2024-10-23 17:33:11 UTC,Pacific Time (US & Canada),research,CC-BY,https://www.inaturalist.org/observations/249342029,https://inaturalist-open-data.s3.amazonaws.com/photos/445702170/medium.jpeg,https://static.inaturalist.org/sounds/1239169.wav?1730044502,1,0,false,"Village Homes, Davis, CA 95616, USA",38.54926011,-121.78034842,5,5,Eastern Fox Squirrel,Sciurus niger,Eastern Fox Squirrel,Mammalia,46020
249364362,07e2c86f-1f81-4ab7-9b43-e8f8c955ae67,2024-10-27 11:13:11-07:00,2024-10-27,2024-10-27 18:13:11 UTC,Pacific Time (US & Canada),research,CC-BY-NC,https://www.inaturalist.org/observations/249364362,https://inaturalist-open-data.s3.amazonaws.com/photos/445746147/medium.jpeg,https://static.inaturalist.org/sounds/1239267.m4a?1730052812,1,0,false,"Los Angeles County, US-CA, US",33.9228248733,-118.3757773897,5,28902,Eastern Fox Squirrel,Sciurus niger,Eastern Fox Squirrel,Mammalia,46020
249845160,0f36daa0-c97f-45cb-9a1b-d38ae4be6cb2,2024-10-30 21:20:38-07:00,2024-10-30,2024-10-31 04:20:38 UTC,Pacific Time (US & Canada),research,CC-BY-NC,https://www.inaturalist.org/observations/249845160,,https://static.inaturalist.org/sounds/1241514.m4a?1730348566,1,0,false,"Arbor Park Pl, San Diego, CA, US",32.9124213892,-117.0941278053,7,7,Coyote,Canis latrans,Coyote,Mammalia,42051
249951531,0ab5ea18-dc15-4808-8af1-e769bd97ddd9,2024/10/31 3:13 PM,2024-10-31,2024-10-31 22:13:00 UTC,Pacific Time (US & Canada),research,CC-BY-NC,https://www.inaturalist.org/observations/249951531,https://inaturalist-open-data.s3.amazonaws.com/photos/446916664/medium.png,https://static.inaturalist.org/sounds/1241987.m4a?1730422779,1,0,false,"Loire Valley Dr, Simi Valley, CA 93065, USA",34.2323736,-118.7874386,200,200,Mountain Lion,Puma concolor,Mountain Lion,Mammalia,42007
250316911,75510376-3651-42ce-b9c0-554f1a375c2d,2024-11-03 09:39:09-08:00,2024-11-03,2024-11-03 17:39:09 UTC,Pacific Time (US & Canada),research,CC-BY-NC,https://www.inaturalist.org/observations/250316911,,https://static.inaturalist.org/sounds/1243736.m4a?1730655563,1,0,false,"Upper Yosemite Fall Trailhead, Coulterville, CA, US",37.7550113289,-119.601402687,4,4,California Ground Squirrel,Otospermophilus beecheyi,California Ground Squirrel,Mammalia,180007
250513163,df363571-9e5f-4d2a-809c-a36f03000023,2024-11-02 13:54:20-07:00,2024-11-02,2024-11-02 20:54:20 UTC,Pacific Time (US & Canada),research,CC-BY-NC,https://www.inaturalist.org/observations/250513163,https://inaturalist-open-data.s3.amazonaws.com/photos/448051113/medium.jpeg,https://static.inaturalist.org/sounds/1245206.mp3?1730832676,1,0,false,"California State University, Northridge, Los Angeles, CA, US",34.236405,-118.5298,10,10,Eastern Fox Squirrel,Sciurus niger,Eastern Fox Squirrel,Mammalia,46020
250524835,05daf903-21fe-4a1f-bd21-c68094df6860,2024-11-04 20:27:48-08:00,2024-11-04,2024-11-05 04:27:48 UTC,Pacific Time (US & Canada),research,,https://www.inaturalist.org/observations/250524835,,https://static.inaturalist.org/sounds/1244882.m4a?1730780883,1,0,false,"Lodi, CA, US",38.1805081996,-121.0950922956,6,6,Coyote,Canis latrans,Coyote,Mammalia,42051
251135150,1f6efde4-82f7-4d03-b21b-f4418cbd9e62,2024-11-09 23:03:59-08:00,2024-11-09,2024-11-10 07:03:59 UTC,Pacific Time (US & Canada),research,,https://www.inaturalist.org/observations/251135150,,https://static.inaturalist.org/sounds/1248132.m4a?1731222272,1,0,false,"Fort Ord Natural Reserve, Marina, CA, US",36.6850596551,-121.7761029357,22,22,Coyote,Canis latrans,Coyote,Mammalia,42051
251328276,966696bf-c74b-476e-8644-0067ad61724d,2024-11-10 13:27:30,2024-11-10,2024-11-10 21:27:30 UTC,Pacific Time (US & Canada),research,CC-BY,https://www.inaturalist.org/observations/251328276,https://inaturalist-open-data.s3.amazonaws.com/photos/449679063/medium.jpeg,https://static.inaturalist.org/sounds/1249157.m4a?1731343311,1,0,false,"Fort Bragg, CA 95437, USA",39.4263083333,-123.8048083333,,,California Sea Lion,Zalophus californianus,California Sea Lion,Mammalia,41740
251615555,c4795a47-7f9d-4575-a2e7-fb418e692e69,2024-11-13 17:01:10-08:00,2024-11-13,2024-11-14 01:01:10 UTC,Pacific Time (US & Canada),research,CC-BY-NC,https://www.inaturalist.org/observations/251615555,,https://static.inaturalist.org/sounds/1250465.m4a?1731546084,1,0,false,"Lower Sunrise Recreational Area, Rancho Cordova, CA, US",38.6205950185,-121.2817492031,4,4,Coyote,Canis latrans,Coyote,Mammalia,42051
251645351,1672eab9-be7c-4bf1-94c0-a4afdeee4667,2024-11-14 00:50:35-08:00,2024-11-14,2024-11-14 08:50:35 UTC,Pacific Time (US & Canada),research,CC-BY,https://www.inaturalist.org/observations/251645351,,https://static.inaturalist.org/sounds/1250615.m4a?1731574276,1,0,false,"Rio Vista Dr, Carmel, CA, US",36.5497191437,-121.8998520579,25,25,Coyote,Canis latrans,Coyote,Mammalia,42051
251681263,7f75738a-807a-48a2-b4c1-7ddbc27ef7b6,2024-11-14 09:21:07-08:00,2024-11-14,2024-11-14 17:21:07 UTC,Pacific Time (US & Canada),research,CC-BY-NC,https://www.inaturalist.org/observations/251681263,,https://static.inaturalist.org/sounds/1250789.m4a?1731604894,2,0,false,"Alma Bridge Rd, Los Gatos, CA, US",37.194437375,-121.9835010324,4,4,Western Gray Squirrel,Sciurus griseus,Western Gray Squirrel,Mammalia,46023
251682631,8ec17085-e514-44c1-a382-1839484440c5,2024-11-14 09:37:40-08:00,2024-11-14,2024-11-14 17:37:40 UTC,Pacific Time (US & Canada),research,CC-BY,https://www.inaturalist.org/observations/251682631,,https://static.inaturalist.org/sounds/1250793.m4a?1731605887,1,0,false,"Sierra National Forest, Oakhurst, CA, US",37.2273158949,-119.3494705174,4,4,California Ground Squirrel,Otospermophilus beecheyi,California Ground Squirrel,Mammalia,180007
251814041,5f0648bf-0579-4504-ad25-b509754f8cdb,2024-11-15 13:47:23-08:00,2024-11-15,2024-11-15 21:47:23 UTC,Pacific Time (US & Canada),research,CC-BY-NC,https://www.inaturalist.org/observations/251814041,,https://static.inaturalist.org/sounds/1251505.m4a?1731707373,1,0,false,"Molimo Dr, San Francisco, CA, US",37.7377723086,-122.4494107167,36,36,Coyote,Canis latrans,Coyote,Mammalia,42051
251936532,f20f3d02-bc38-4964-8fb3-46a5be840183,2024-11-16 13:40:31-08:00,2024-11-16,2024-11-16 21:40:31 UTC,Pacific Time (US & Canada),research,,https://www.inaturalist.org/observations/251936532,https://static.inaturalist.org/photos/450889873/medium.jpeg,https://static.inaturalist.org/sounds/1252092.m4a?1731793642,1,0,false,"Marina del Rey, Marina del Rey, CA, US",33.9746061294,-118.4464958591,5,5,California Sea Lion,Zalophus californianus,California Sea Lion,Mammalia,41740
252115685,c9ebb1e3-c6e1-473e-a1f3-75a27e2720dc,2024/11/17 5:09 PM,2024-11-17,2024-11-18 01:09:00 UTC,Pacific Time (US & Canada),research,,https://www.inaturalist.org/observations/252115685,https://static.inaturalist.org/photos/451249967/medium.jpg,https://static.inaturalist.org/sounds/1253164.mp3?1731945491,1,0,false,"Mendocino County, CA, USA",39.9807783333,-123.93222,,,Douglas' Squirrel,Tamiasciurus douglasii,Douglas's Squirrel,Mammalia,46259
252151714,f2deecee-9b3f-48c1-a3a7-b201755bf0e0,2024/11/18 4:45 AM,2024-11-18,2024-11-18 12:45:00 UTC,Pacific Time (US & Canada),research,CC-BY-NC,https://www.inaturalist.org/observations/252151714,,https://static.inaturalist.org/sounds/1253098.wav?1731936643,1,0,false,"Lincoln, CA, USA",38.8476975404,-121.2823227725,302,302,Coyote,Canis latrans,Coyote,Mammalia,42051
252947814,3ad64c50-bafd-4f63-b2be-5c706b34d766,2024-11-24 12:47:48,2024-11-24,2024-11-24 20:47:48 UTC,Pacific Time (US & Canada),research,,https://www.inaturalist.org/observations/252947814,https://static.inaturalist.org/photos/452847953/medium.jpeg,https://static.inaturalist.org/sounds/1256640.m4a?1732487107,1,0,false,"Garrod Dr, Davis, CA, US",38.5297552336,-121.7625912038,4,4,Eastern Fox Squirrel,Sciurus niger,Eastern Fox Squirrel,Mammalia,46020
253236067,a1e2d1dd-0721-47be-a0e0-e330a7af31f7,2024/11/26 1:38 AM,2024-11-26,2024-11-26 09:38:00 UTC,Pacific Time (US & Canada),research,CC-BY,https://www.inaturalist.org/observations/253236067,,https://static.inaturalist.org/sounds/1257853.mp3?1732670156,1,0,false,"Western Hills Area, San Mateo, CA, USA",37.529219305,-122.3339973483,548,548,Coyote,Canis latrans,Coyote,Mammalia,42051
253362364,1039a8ec-d45a-4ef8-904e-91f921f8e920,2024-11-27 19:28:35-08:00,2024-11-27,2024-11-28 03:28:35 UTC,Pacific Time (US & Canada),research,CC-BY-NC,https://www.inaturalist.org/observations/253362364,,https://static.inaturalist.org/sounds/1258461.m4a?1732764561,1,0,false,United States,32.7334044228,-117.0468354359,23,29066,Coyote,Canis latrans,Coyote,Mammalia,42051
253412676,c1e2647a-87d8-4912-9489-e55c9457e365,2024-11-28 08:32:00,2024-11-28,2024-11-28 16:32:00 UTC,Pacific Time (US & Canada),research,,https://www.inaturalist.org/observations/253412676,,https://static.inaturalist.org/sounds/1258692.m4a?1732811596,2,0,false,"Clairemont Mesa West, San Diego, CA, USA",32.8059389,-117.1906235,300,300,California Ground Squirrel,Otospermophilus beecheyi,California Ground Squirrel,Mammalia,180007
253575357,c0f9288c-6ec0-4325-b7d3-4a07cd1ae9f4,2024-11-29 17:27:46,2024-11-29,2024-11-30 01:27:46 UTC,Pacific Time (US & Canada),research,CC-BY-NC,https://www.inaturalist.org/observations/253575357,,https://static.inaturalist.org/sounds/1259449.m4a?1732930133,1,0,false,"Davenport, CA 95017, USA",37.029911326,-122.2190172462,4,4,Coyote,Canis latrans,Coyote,Mammalia,42051
253848813,5efa3f75-6eaa-4d05-bccd-637e26bdd816,2024-12-01 22:41:42,2024-12-01,2024-12-02 06:41:42 UTC,Pacific Time (US & Canada),research,CC-BY-NC,https://www.inaturalist.org/observations/253848813,,https://static.inaturalist.org/sounds/1260812.m4a?1733122672,1,0,false,"Loomis, CA, USA",38.8212867399,-121.1930042133,2632,2632,Coyote,Canis latrans,Coyote,Mammalia,42051
254152212,8c8d52ab-62ad-478a-9b77-3aa29486ee43,2024-12-03 08:50:23,2024-12-03,2024-12-03 16:50:23 UTC,Pacific Time (US & Canada),research,,https://www.inaturalist.org/observations/254152212,https://static.inaturalist.org/photos/455171801/medium.jpeg,https://static.inaturalist.org/sounds/1262337.m4a?1733353112,1,0,false,"Berkeley, CA 94720, USA",37.873725,-122.2515777778,,,Eastern Fox Squirrel,Sciurus niger,Eastern Fox Squirrel,Mammalia,46020
254186417,8fd05ce8-e553-4411-9db6-b388c7a297d3,2024/12/05 12:22 AM,2024-12-05,2024-12-05 08:22:00 UTC,Pacific Time (US & Canada),research,,https://www.inaturalist.org/observations/254186417,,https://static.inaturalist.org/sounds/1262534.wav?1733387001,1,0,false,"Avalon, CA 90704, USA",33.3486813642,-118.328123717,41,41,Santa Catalina Island Fox,Urocyon littoralis catalinae,Santa Catalina Island Fox,Mammalia,179951
254588325,eaf40e74-9b06-494a-aa96-9dcdcf83f3f3,2024/12/07 10:05 AM,2024-12-07,2024-12-07 18:05:00 UTC,Pacific Time (US & Canada),research,CC-BY-NC,https://www.inaturalist.org/observations/254588325,https://inaturalist-open-data.s3.amazonaws.com/photos/456046067/medium.jpeg,https://static.inaturalist.org/sounds/1264974.wav?1733771302,1,0,false,"Tulare County, CA, USA",36.5808291296,-118.7517269611,31,31,Douglas' Squirrel,Tamiasciurus douglasii,Douglas's Squirrel,Mammalia,46259
254647187,61bb42b7-c6f4-4da3-8bac-90008dacc05d,2024-12-09 11:15:04-08:00,2024-12-09,2024-12-09 19:15:04 UTC,Pacific Time (US & Canada),research,CC-BY-NC,https://www.inaturalist.org/observations/254647187,,https://static.inaturalist.org/sounds/1264980.m4a?1733771716,2,0,false,"Widener Ave, Whittier, CA, US",33.9373087522,-117.9947753218,8,8,California Ground Squirrel,Otospermophilus beecheyi,California Ground Squirrel,Mammalia,180007
254835331,0c1d376c-161b-45b0-8843-38a631c7449a,2024/12/04 11:54 AM,2024-12-04,2024-12-04 19:54:00 UTC,Pacific Time (US & Canada),research,CC-BY-NC,https://www.inaturalist.org/observations/254835331,,https://static.inaturalist.org/sounds/1265878.m4a?1733947292,1,0,false,"Contra Costa County, CA, USA",37.9569384622,-121.8831020594,4,4,Coyote,Canis latrans,Coyote,Mammalia,42051
254941250,8407660d-27c6-4708-a31c-916b0a40d91f,2024-12-12 15:49:35-08:00,2024-12-12,2024-12-12 23:49:35 UTC,Pacific Time (US & Canada),research,,https://www.inaturalist.org/observations/254941250,https://static.inaturalist.org/photos/456764223/medium.jpg,https://static.inaturalist.org/sounds/1266423.m4a?1734047876,2,0,false,"Euclid St, Fountain Valley, CA, US",33.7122831225,-117.9353013156,7,7,Domestic Cat,Felis catus,Domestic Cat,Mammalia,118552
254967839,c8c76017-5df5-4e40-9643-08ecc2ab27b3,2024-12-12 23:38:23,2024-12-12,2024-12-13 07:38:23 UTC,Pacific Time (US & Canada),research,CC-BY,https://www.inaturalist.org/observations/254967839,,https://static.inaturalist.org/sounds/1266574.m4a?1734075533,1,0,false,"Valley Rim Rd, El Cajon, CA, US",32.8076294006,-116.9066241661,10,10,Coyote,Canis latrans,Coyote,Mammalia,42051
254993076,4974652f-0b56-4387-a40a-ddde3a5b6bfc,2024-12-13 07:43:02-08:00,2024-12-13,2024-12-13 15:43:02 UTC,Pacific Time (US & Canada),research,,https://www.inaturalist.org/observations/254993076,https://static.inaturalist.org/photos/456869007/medium.jpg,https://static.inaturalist.org/sounds/1266721.m4a?1734104729,2,0,false,"Euclid St, Fountain Valley, CA, US",33.7122831225,-117.9353013156,7,7,Domestic Cat,Felis catus,Domestic Cat,Mammalia,118552
255208798,24d3d10f-904f-4d1b-8cfb-705bb4fc4b39,2024-12-15 11:30:36,2024-12-15,2024-12-15 19:30:36 UTC,Pacific Time (US & Canada),research,,https://www.inaturalist.org/observations/255208798,,https://static.inaturalist.org/sounds/1268182.wav?1734291084,3,0,false,"Claremont, CA, USA",34.106672,-117.7114957,1083,1083,California Ground Squirrel,Otospermophilus beecheyi,California Ground Squirrel,Mammalia,180007
255622431,550d0a73-f91c-4380-8dcb-f2195fe4fa32,2024-12-19 13:51:51-08:00,2024-12-19,2024-12-19 21:51:51 UTC,Pacific Time (US & Canada),research,,https://www.inaturalist.org/observations/255622431,https://static.inaturalist.org/photos/458130192/medium.jpg,https://static.inaturalist.org/sounds/1269994.m4a?1734646145,2,0,false,"Euclid St, Fountain Valley, CA, US",33.7121516839,-117.9352628813,5,5,Domestic Cat,Felis catus,Domestic Cat,Mammalia,118552
255660249,202206ec-790d-4b28-84bc-2ae3a0e52b02,2024-12-20 00:37:11,2024-12-20,2024-12-20 08:37:11 UTC,Pacific Time (US & Canada),research,CC-BY,https://www.inaturalist.org/observations/255660249,,https://static.inaturalist.org/sounds/1270161.m4a?1734683854,1,0,false,"Valley Rim Rd, El Cajon, CA, US",32.807627266,-116.9066181345,10,10,Coyote,Canis latrans,Coyote,Mammalia,42051
255686021,290bd657-c3d5-4fcd-afa5-fd4a2a7a0b6e,2024-12-20 07:58:13,2024-12-20,2024-12-20 15:58:13 UTC,Pacific Time (US & Canada),research,,https://www.inaturalist.org/observations/255686021,https://static.inaturalist.org/photos/458261848/medium.jpeg,https://static.inaturalist.org/sounds/1270293.m4a?1734711103,1,0,false,"San Francisco, CA 94129, USA",37.8012087535,-122.4738298926,11,11,Coyote,Canis latrans,Coyote,Mammalia,42051
255934402,b13dcd05-675b-4644-be87-6847cc7cecef,2024/12/20 5:16 PM,2024-12-20,2024-12-21 01:16:00 UTC,Pacific Time (US & Canada),research,CC-BY-NC,https://www.inaturalist.org/observations/255934402,,https://static.inaturalist.org/sounds/1271410.m4a?1734912573,1,0,false,"Sonoma County, CA, USA",38.3303729985,-122.4833425553,15,15,Coyote,Canis latrans,Coyote,Mammalia,42051
256423265,05bbadc7-b888-4ab5-b82a-c06d926e8a4c,2024-12-27 13:30:47-08:00,2024-12-27,2024-12-27 21:30:47 UTC,Pacific Time (US & Canada),research,,https://www.inaturalist.org/observations/256423265,https://static.inaturalist.org/photos/459748990/medium.jpg,https://static.inaturalist.org/sounds/1274110.m4a?1735335609,2,0,false,"Euclid St, Fountain Valley, CA, US",33.7117502015,-117.9355304138,22,22,Domestic Dog,Canis familiaris,Domestic Dog,Mammalia,47144
256701710,79ae9211-5ca4-451a-b5f7-43478aa66d43,2024-12-28 19:31:49-08:00,2024-12-28,2024-12-29 03:31:49 UTC,Pacific Time (US & Canada),research,CC-BY-NC,https://www.inaturalist.org/observations/256701710,,https://static.inaturalist.org/sounds/1275551.m4a?1735520187,1,0,false,"Death Valley National Park, Inyo County, US-CA, US",36.8044630811,-117.7745418997,3,3,Coyote,Canis latrans,Coyote,Mammalia,42051
256901826,30e3626c-c3f2-4f7b-8503-3c083f75c314,2024/12/29 12:19 PM,2024-12-29,2024-12-29 20:19:00 UTC,Pacific Time (US & Canada),research,CC-BY-NC,https://www.inaturalist.org/observations/256901826,,https://static.inaturalist.org/sounds/1276856.wav?1735665558,1,0,false,"San Diego County, CA, USA",33.0384561539,-116.9493041204,244,244,California Ground Squirrel,Otospermophilus beecheyi,California Ground Squirrel,Mammalia,180007
256901830,1866428d-60f5-419c-918b-f92316d890ce,2024/12/29 12:19 PM,2024-12-29,2024-12-29 20:19:00 UTC,Pacific Time (US & Canada),research,CC-BY-NC,https://www.inaturalist.org/observations/256901830,,https://static.inaturalist.org/sounds/1276860.wav?1735665560,1,0,false,"San Diego County, CA, USA",33.0438714416,-116.9362322717,122,122,Coyote,Canis latrans,Coyote,Mammalia,42051
256993051,867e0e06-c3be-4e9e-8768-bd3d82424893,2025-01-01 04:02:59-08:00,2025-01-01,2025-01-01 12:02:59 UTC,Pacific Time (US & Canada),research,,https://www.inaturalist.org/observations/256993051,,https://static.inaturalist.org/sounds/1277312.m4a?1735732990,1,0,false,"Wolfberry Way, Santa Rosa, CA, US",38.4233231328,-122.6946432945,4,4,Coyote,Canis latrans,Coyote,Mammalia,42051
257093825,38f78896-4acf-4f8a-8283-2746112be34d,2025-01-01 21:49:04,2025-01-01,2025-01-02 05:49:04 UTC,Pacific Time (US & Canada),research,CC-BY,https://www.inaturalist.org/observations/257093825,,https://static.inaturalist.org/sounds/1277895.m4a?1735796953,1,0,false,"Valley Rim Rd, El Cajon, CA, US",32.807622814,-116.9066311685,9,9,Coyote,Canis latrans,Coyote,Mammalia,42051
257326396,7509344c-2717-4116-940c-7601afc7d4bf,2025-01-04 00:24:42-08:00,2025-01-04,2025-01-04 08:24:42 UTC,Pacific Time (US & Canada),research,CC-BY-NC,https://www.inaturalist.org/observations/257326396,,https://static.inaturalist.org/sounds/1279326.m4a?1735979206,1,0,false,"Santa Clara County, US-CA, US",37.3284222463,-121.9850933918,23,28417,Coyote,Canis latrans,Coyote,Mammalia,42051
257518117,34e7e9b9-f90e-4b76-84d8-f8271b71782b,2025/01/01 2:09 PM,2025-01-01,2025-01-01 22:09:00 UTC,Pacific Time (US & Canada),research,,https://www.inaturalist.org/observations/257518117,,https://static.inaturalist.org/sounds/1280519.m4a?1736114971,1,0,false,"Sharon Heights, Menlo Park, CA, USA",37.4322154595,-122.2095243981,61,61,Eastern Gray Squirrel,Sciurus carolinensis,Eastern Gray Squirrel,Mammalia,46017
257641735,0572de97-61c7-40df-87a1-8aa1d3f6863d,2024/12/30 2:37 PM,2024-12-30,2024-12-30 22:37:00 UTC,Pacific Time (US & Canada),research,CC-BY-NC,https://www.inaturalist.org/observations/257641735,,https://static.inaturalist.org/sounds/1281175.m4a?1736203109,1,0,false,"Santa Clara County, US-CA, US",37.3127946275,-121.8652672618,145,28417,Coyote,Canis latrans,Coyote,Mammalia,42051
257757543,9778a34f-d2f2-4c36-940a-75c5881d05bc,2025-01-07 17:27:54-08:00,2025-01-07,2025-01-08 01:27:54 UTC,Pacific Time (US & Canada),research,CC-BY,https://www.inaturalist.org/observations/257757543,,https://static.inaturalist.org/sounds/1281808.m4a?1736299689,1,0,false,"California Academy of Sciences, San Francisco, CA, US",37.7705758879,-122.4661103308,14,14,Coyote,Canis latrans,Coyote,Mammalia,42051
257873268,8b215408-fb4a-40a6-9486-2e302b30160f,2025-01-08 15:37:00,2025-01-08,2025-01-08 23:37:00 UTC,Pacific Time (US & Canada),research,CC-BY,https://www.inaturalist.org/observations/257873268,,https://static.inaturalist.org/sounds/1282259.m4a?1736379442,2,0,false,"Santa Clara County, US-CA, US",37.1686881917,-121.7359289154,5,5,California Valley Coyote,Canis latrans,Coyote,Mammalia,42051
257873296,f0962273-b20d-4b33-be4d-767671eef279,2025-01-08 15:37:00,2025-01-08,2025-01-08 23:37:00 UTC,Pacific Time (US & Canada),research,CC-BY,https://www.inaturalist.org/observations/257873296,,https://static.inaturalist.org/sounds/1282261.m4a?1736379464,1,0,false,"Santa Clara County, US-CA, US",37.168714107,-121.7358544841,5,5,California Valley Coyote,Canis latrans ochropus,California Valley Coyote,Mammalia,126774
257910324,7fcb998a-eded-45c4-bc33-10fbcc272bef,2025-01-09 02:30:30-08:00,2025-01-09,2025-01-09 10:30:30 UTC,Pacific Time (US & Canada),research,CC0,https://www.inaturalist.org/observations/257910324,,https://static.inaturalist.org/sounds/1282512.m4a?1736418745,1,0,false,"Cowell’s Beach, Santa Cruz, CA, US",36.9615670625,-122.0249989277,62,62,California Sea Lion,Zalophus californianus,California Sea Lion,Mammalia,41740
258006537,b5b89122-9e2e-4485-bf5a-9319a8b3a232,2025-01-09 20:38:03-08:00,2025-01-09,2025-01-10 04:38:03 UTC,Pacific Time (US & Canada),research,CC-BY-NC,https://www.inaturalist.org/observations/258006537,,https://static.inaturalist.org/sounds/1283036.m4a?1736483898,1,0,false,"Sobrante Ridge Regional Preserve, Richmond, CA, US",37.9680484318,-122.2653514421,102,102,Coyote,Canis latrans,Coyote,Mammalia,42051
258092925,ae66fd04-425b-4d07-8751-0865d23edf53,2025-01-10 19:12:23,2025-01-10,2025-01-11 03:12:23 UTC,Pacific Time (US & Canada),research,,https://www.inaturalist.org/observations/258092925,,https://static.inaturalist.org/sounds/1283581.m4a?1736565225,1,0,false,"Elysian Park, Los Angeles, CA, USA",34.082419,-118.246632,600,600,Coyote,Canis latrans,Coyote,Mammalia,42051
258093051,16138ef5-c411-44a8-976b-0364565b26d9,2025-01-10 19:14:56,2025-01-10,2025-01-11 03:14:56 UTC,Pacific Time (US & Canada),research,,https://www.inaturalist.org/observations/258093051,,https://static.inaturalist.org/sounds/1283582.m4a?1736565360,1,0,false,"Elysian Park, Los Angeles, CA, USA",34.082419,-118.246632,600,600,Coyote,Canis latrans,Coyote,Mammalia,42051
258096307,d266445f-279d-42cf-8179-3bc5dcd1f408,2025-01-10 20:01:54,2025-01-10,2025-01-11 04:01:54 UTC,Pacific Time (US & Canada),research,,https://www.inaturalist.org/observations/258096307,,https://static.inaturalist.org/sounds/1283612.wav?1736568250,1,0,false,"Elysian Park, Los Angeles, CA, USA",34.0830445412,-118.2463980405,3,3,Coyote,Canis latrans,Coyote,Mammalia,42051
258387295,fd8d5d1f-3d54-4c81-bce6-702b9e0e8a8e,2025-01-13 09:31:59-08:00,2025-01-13,2025-01-13 17:31:59 UTC,Pacific Time (US & Canada),research,CC-BY-NC,https://www.inaturalist.org/observations/258387295,https://inaturalist-open-data.s3.amazonaws.com/photos/463576078/medium.jpg,https://static.inaturalist.org/sounds/1285238.m4a?1736789595,1,0,false,"Crystal Cove State Beach, Newport Beach, CA, US",33.5776166082,-117.8469785571,3,3,California Ground Squirrel,Otospermophilus beecheyi,California Ground Squirrel,Mammalia,180007
258440828,b645f977-4942-4537-903a-5fe2c808ec38,2025-01-13 21:24:53-08:00,2025-01-13,2025-01-14 05:24:53 UTC,Pacific Time (US & Canada),research,CC-BY-NC,https://www.inaturalist.org/observations/258440828,,https://static.inaturalist.org/sounds/1285511.m4a?1736832308,1,0,false,"Castle Rock Ave, Woodacre, CA, US",38.0066246156,-122.6345667392,6,6,Coyote,Canis latrans,Coyote,Mammalia,42051
258823891,aa1284f5-fc22-40e5-ba1d-a28217519789,2025-01-18 03:17:26-08:00,2025-01-18,2025-01-18 11:17:26 UTC,Pacific Time (US & Canada),research,CC-BY-NC,https://www.inaturalist.org/observations/258823891,,https://static.inaturalist.org/sounds/1287947.m4a?1737199055,1,0,false,"Lido, Redwood City, CA, US",37.5394729913,-122.2319038719,4,4,Coyote,Canis latrans,Coyote,Mammalia,42051
258860032,6bad4b14-125a-4823-8534-45ef09afa107,2025-01-16 22:02:07-08:00,2025-01-16,2025-01-17 06:02:07 UTC,Pacific Time (US & Canada),research,CC-BY-NC-SA,https://www.inaturalist.org/observations/258860032,,https://static.inaturalist.org/sounds/1288147.m4a?1737225878,1,0,false,"25th St, Oakland, CA, US",37.8146367419,-122.2689506362,9,9,Common Raccoon,Procyon lotor,Common Raccoon,Mammalia,41663
258966608,49b6e004-02ec-4702-86d3-40c88ebd51e0,2025/01/18 9:40 AM,2025-01-18,2025-01-18 17:40:00 UTC,Pacific Time (US & Canada),research,CC-BY-NC,https://www.inaturalist.org/observations/258966608,,https://static.inaturalist.org/sounds/1288802.wav?1737308828,1,0,false,"Alameda County, CA, USA",37.778482747,-122.1017932892,200,200,Mountain Lion,Puma concolor,Mountain Lion,Mammalia,42007
258970313,3075eb25-aab7-4d99-b21c-988114cea97d,2025-01-19,2025-01-19,,Pacific Time (US & Canada),research,CC-BY-NC,https://www.inaturalist.org/observations/258970313,,https://static.inaturalist.org/sounds/1288837.wav?1737311779,1,0,false,"Hwy 1 & Tides Inn - Bodega Bay, Bodega Bay, CA 94923, USA",38.328208723,-123.0443560705,8,8,California Sea Lion,Zalophus californianus,California Sea Lion,Mammalia,41740
259027775,dc0228a5-b497-4bd0-8e2f-b0cb9314bdd5,2025-01-19 21:17:30-08:00,2025-01-19,2025-01-20 05:17:30 UTC,Pacific Time (US & Canada),research,,https://www.inaturalist.org/observations/259027775,,https://static.inaturalist.org/sounds/1289189.m4a?1737350300,4,1,false,"Vallecito County Park, Julian, CA, US",32.9753380558,-116.3493328387,7,7,Coyote,Canis latrans,Coyote,Mammalia,42051
259091260,65264389-b21b-43e5-bcd9-6d44759af059,2025-01-20 13:23:17-08:00,2025-01-20,2025-01-20 21:23:17 UTC,Pacific Time (US & Canada),research,CC-BY-NC,https://www.inaturalist.org/observations/259091260,,https://static.inaturalist.org/sounds/1289547.m4a?1737408239,1,0,false,"Salinas, CA, US",36.6054406157,-121.6900188011,3,3,California Ground Squirrel,Otospermophilus beecheyi,California Ground Squirrel,Mammalia,180007
259265613,4e31597e-ca9d-4162-8515-87f99d691dbe,2025-01-22 10:55:33-08:00,2025-01-22,2025-01-22 18:55:33 UTC,Pacific Time (US & Canada),research,CC-BY-NC,https://www.inaturalist.org/observations/259265613,,https://static.inaturalist.org/sounds/1290656.m4a?1737572167,1,0,false,"Stanford University, Stanford, CA, US",37.4260859788,-122.169833592,13,13,Eastern Gray Squirrel,Sciurus carolinensis,Eastern Gray Squirrel,Mammalia,46017
259405767,fdd4b8f9-05ca-4e32-9e64-c4e924889c48,2025-01-23 22:12:00,2025-01-23,2025-01-24 06:12:00 UTC,Pacific Time (US & Canada),research,CC-BY-NC,https://www.inaturalist.org/observations/259405767,https://inaturalist-open-data.s3.amazonaws.com/photos/465655537/medium.jpeg,https://static.inaturalist.org/sounds/1291441.mp3?1737699322,3,0,false,"Los Angeles County, US-CA, US",34.0393748615,-118.0455060652,5,28874,Bobcat,Lynx rufus,Bobcat,Mammalia,41976
259482069,898d741b-03a7-48a3-b862-685e3137cc48,2025-01-24 16:28:56-08:00,2025-01-24,2025-01-25 00:28:56 UTC,Pacific Time (US & Canada),research,,https://www.inaturalist.org/observations/259482069,https://static.inaturalist.org/photos/465798966/medium.jpg,https://static.inaturalist.org/sounds/1291994.m4a?1737765032,2,0,false,"Euclid St, Fountain Valley, CA, US",33.7121222638,-117.9351048095,22,22,Domestic Cat,Felis catus,Domestic Cat,Mammalia,118552
259818187,cde1ce75-8df7-4d1c-8ea8-f681bedc71b9,2025-01-27 17:43:25-08:00,2025-01-27,2025-01-28 01:43:25 UTC,Pacific Time (US & Canada),research,,https://www.inaturalist.org/observations/259818187,,https://static.inaturalist.org/sounds/1294310.m4a?1738028644,1,0,false,"Mawson Rd, Meridian, CA, US",39.1651222039,-121.9129126334,3,3,Coyote,Canis latrans,Coyote,Mammalia,42051
260763147,22d4ce7a-8ad9-49e7-9a8e-74328fe8db51,2025-02-05 17:25:18-08:00,2025-02-05,2025-02-06 01:25:18 UTC,Pacific Time (US & Canada),research,CC-BY-NC,https://www.inaturalist.org/observations/260763147,,https://static.inaturalist.org/sounds/1301054.m4a?1738805156,1,0,false,"California Botanic Garden, Claremont, CA, US",34.1109815463,-117.7140354691,4,4,Coyote,Canis latrans,Coyote,Mammalia,42051
260815832,05b70330-7f45-483e-81cf-4f0217c00d81,2025/02/03 5:30 PM,2025-02-03,2025-02-04 01:30:00 UTC,Pacific Time (US & Canada),research,CC-BY-NC,https://www.inaturalist.org/observations/260815832,https://inaturalist-open-data.s3.amazonaws.com/photos/468448252/medium.jpeg,https://static.inaturalist.org/sounds/1301483.wav?1738859586,4,0,false,"Griffith Park, CA, USA",34.141250994,-118.2894034705,20,20,Coyote,Canis latrans,Coyote,Mammalia,42051
260833806,43bf3e6b-b68d-4955-8a7c-505871b253aa,2025-02-06 12:13:14-08:00,2025-02-06,2025-02-06 20:13:14 UTC,Pacific Time (US & Canada),research,CC-BY-NC,https://www.inaturalist.org/observations/260833806,https://inaturalist-open-data.s3.amazonaws.com/photos/468484967/medium.jpg,https://static.inaturalist.org/sounds/1301581.m4a?1738872971,1,0,false,"San Francisco Bay, San Francisco, CA, US",37.8106204688,-122.4111783943,4,4,California Sea Lion,Zalophus californianus,California Sea Lion,Mammalia,41740
261146294,92c68442-ce59-4bc5-9c25-5ac2f811bf07,2025-02-09 09:44:30-08:00,2025-02-09,2025-02-09 17:44:30 UTC,Pacific Time (US & Canada),research,CC-BY-NC,https://www.inaturalist.org/observations/261146294,,https://static.inaturalist.org/sounds/1303605.m4a?1739123396,1,0,false,"Coyote Creek Trail, San Jose, CA, US",37.2787265014,-121.8101354969,4,4,Coyote,Canis latrans,Coyote,Mammalia,42051
261202455,c1953d16-3257-4363-99cb-f4a9c443146b,2025-02-09 18:25:28-08:00,2025-02-09,2025-02-10 02:25:28 UTC,Pacific Time (US & Canada),research,CC-BY-NC,https://www.inaturalist.org/observations/261202455,,https://static.inaturalist.org/sounds/1303922.m4a?1739154349,1,0,false,"Shell Ridge Open Space, Walnut Creek, CA, US",37.8852035689,-122.0125860548,8,8,Coyote,Canis latrans,Coyote,Mammalia,42051
261583455,bf4b35ec-c36e-463c-9145-75f437d61f15,2025-02-13 16:24:56-08:00,2025-02-13,2025-02-14 00:24:56 UTC,Pacific Time (US & Canada),research,CC-BY-NC,https://www.inaturalist.org/observations/261583455,,https://static.inaturalist.org/sounds/1306394.m4a?1739492724,2,0,false,"Silver Tip Way, Sunnyvale, CA, US",37.3625408393,-122.0065889509,8,8,Eastern Gray Squirrel,Sciurus carolinensis,Eastern Gray Squirrel,Mammalia,46017
261906787,b6e50ea7-c1b0-4fda-86d1-04eb82ecd46c,2025-02-16 15:15:28-08:00,2025-02-16,2025-02-16 23:15:28 UTC,Pacific Time (US & Canada),research,CC-BY-NC,https://www.inaturalist.org/observations/261906787,,https://static.inaturalist.org/sounds/1308395.m4a?1739747743,1,0,false,"Culver City Park, Culver City, CA, US",34.0155932654,-118.3866854837,4,4,California Ground Squirrel,Otospermophilus beecheyi,California Ground Squirrel,Mammalia,180007
262001842,7131cd55-1f3d-413d-8fba-f022ccfdc1b7,2025-02-17 10:29:54-08:00,2025-02-17,2025-02-17 18:29:54 UTC,Pacific Time (US & Canada),research,CC-BY-NC,https://www.inaturalist.org/observations/262001842,,https://static.inaturalist.org/sounds/1309047.m4a?1739817024,1,0,false,"Yosemite National Park, Coulterville, CA, US",37.7480694643,-119.5865052353,29,29,Western Gray Squirrel,Sciurus griseus,Western Gray Squirrel,Mammalia,46023
262305694,62efc1df-2034-4a06-846d-d9fe31936b09,2025-02-19 13:22:42-08:00,2025-02-19,2025-02-19 21:22:42 UTC,Pacific Time (US & Canada),research,,https://www.inaturalist.org/observations/262305694,,https://static.inaturalist.org/sounds/1310665.m4a?1740000280,2,0,false,"San José State University, San Jose, CA, US",37.3359136284,-121.8830661011,6,6,California Ground Squirrel,Otospermophilus beecheyi,California Ground Squirrel,Mammalia,180007
262432524,9b636747-a81c-4ca7-8867-163debd2a1b0,2025-02-20 12:50:10-08:00,2025-02-20,2025-02-20 20:50:10 UTC,Pacific Time (US & Canada),research,CC-BY,https://www.inaturalist.org/observations/262432524,https://inaturalist-open-data.s3.amazonaws.com/photos/471478873/medium.jpeg,https://static.inaturalist.org/sounds/1311682.m4a?1740084666,2,0,false,"Tijuana Slough National Wildlife Refuge, Imperial Beach, CA, US",32.5667003413,-117.1232979769,2,2,California Ground Squirrel,Otospermophilus beecheyi,California Ground Squirrel,Mammalia,180007
262481558,2e554054-221b-4919-a137-cd62769cf017,2025-02-20 22:06:02-08:00,2025-02-20,2025-02-21 06:06:02 UTC,Pacific Time (US & Canada),research,CC-BY-NC,https://www.inaturalist.org/observations/262481558,,https://static.inaturalist.org/sounds/1311920.m4a?1740118045,1,0,false,"Cooper Rd, Sebastopol, CA, US",38.3893334493,-122.8076406116,8,8,Coyote,Canis latrans,Coyote,Mammalia,42051
262649205,08a59509-2bd3-49c5-9e3d-3402130f91a0,2025-02-21 19:05:02-08:00,2025-02-21,2025-02-22 03:05:02 UTC,Pacific Time (US & Canada),research,,https://www.inaturalist.org/observations/262649205,,https://static.inaturalist.org/sounds/1312659.m4a?1740193526,5,0,false,"Montemar Dr, Spring Valley, CA, US",32.7326483638,-116.9931523965,4,4,Coyote,Canis latrans,Coyote,Mammalia,42051
262649247,1120900d-6e16-422b-a03e-eb71e96fa846,2025-02-21 19:04:07-08:00,2025-02-21,2025-02-22 03:04:07 UTC,Pacific Time (US & Canada),research,CC-BY-NC,https://www.inaturalist.org/observations/262649247,,https://static.inaturalist.org/sounds/1312660.m4a?1740193571,3,0,false,"Montemar Dr, Spring Valley, CA, US",32.732666223,-116.993141118,4,4,San Pedro Martir Coyote,Canis latrans,Coyote,Mammalia,42051
262722237,a4cca524-918f-46bf-8934-203decb3d2f4,2025-02-22 09:16:51-08:00,2025-02-22,2025-02-22 17:16:51 UTC,Pacific Time (US & Canada),research,CC-BY-NC,https://www.inaturalist.org/observations/262722237,,https://static.inaturalist.org/sounds/1313779.m4a?1740251149,1,0,false,"Los Angeles County, US-CA, US",34.4802705627,-118.5951705868,8,28818,California Ground Squirrel,Otospermophilus beecheyi,California Ground Squirrel,Mammalia,180007
262859696,8b2fb392-29cf-404b-999f-020bc50e6ddd,2025/02/17 11:01 AM,2025-02-17,2025-02-17 19:01:00 UTC,Pacific Time (US & Canada),research,CC-BY-NC,https://www.inaturalist.org/observations/262859696,https://inaturalist-open-data.s3.amazonaws.com/photos/472110836/medium.jpg,https://static.inaturalist.org/sounds/1314919.m4a?1740344499,1,0,false,"San Francisco, California, United States",37.8109083333,-122.4113833333,2,2,California Sea Lion,Zalophus californianus,California Sea Lion,Mammalia,41740
262861957,02d6f187-6c00-428a-bf53-18fb687a019d,2025-02-23 13:19:06-08:00,2025-02-23,2025-02-23 21:19:06 UTC,Pacific Time (US & Canada),research,,https://www.inaturalist.org/observations/262861957,,https://static.inaturalist.org/sounds/1314958.m4a?1740345628,1,0,false,"California, US",34.0041282264,-117.6470588401,8,28874,California Ground Squirrel,Otospermophilus beecheyi,California Ground Squirrel,Mammalia,180007
263006789,0bcbc4bd-2a68-4885-9d08-a2b8dca133f4,2025-02-24 18:08:06-08:00,2025-02-24,2025-02-25 02:08:06 UTC,Pacific Time (US & Canada),research,CC-BY-NC,https://www.inaturalist.org/observations/263006789,,https://static.inaturalist.org/sounds/1316290.m4a?1740449308,1,0,false,"Mission Trails Regional Park, San Diego, CA, US",32.8443649281,-117.0376191063,2,2,Coyote,Canis latrans,Coyote,Mammalia,42051
263018775,e694bf31-c888-4c0a-9ea5-5e52280801c3,2023-07-22 21:55:00-07:00,2023-07-22,2023-07-23 04:55:00 UTC,Pacific Time (US & Canada),research,,https://www.inaturalist.org/observations/263018775,,https://static.inaturalist.org/sounds/1316334.m4a?1740458304,1,0,false,"Los Angeles County, US-CA, US",34.0190345949,-118.1113631378,7813,28874,California Valley Coyote,Canis latrans ochropus,California Valley Coyote,Mammalia,126774
263123015,7bd51345-2920-4760-aea3-5c505d9183e7,2025-02-25 20:03:20-08:00,2025-02-25,2025-02-26 04:03:20 UTC,Pacific Time (US & Canada),research,CC-BY-NC,https://www.inaturalist.org/observations/263123015,,https://static.inaturalist.org/sounds/1317125.m4a?1740547220,1,0,false,"Cooper Rd, Sebastopol, CA, US",38.3893363114,-122.8076408318,9,9,Coyote,Canis latrans,Coyote,Mammalia,42051
263199595,f33a2f5e-83ac-47c2-ab90-f7e45e78d8a5,2025-02-26 13:28:22-08:00,2025-02-26,2025-02-26 21:28:22 UTC,Pacific Time (US & Canada),research,,https://www.inaturalist.org/observations/263199595,,https://static.inaturalist.org/sounds/1317632.m4a?1740605340,2,0,false,"San Diego County Coastal Bike Rte N, Carlsbad, CA, US",33.1507590832,-117.3483402496,4,4,California Ground Squirrel,Otospermophilus beecheyi,California Ground Squirrel,Mammalia,180007
263223153,4265f519-a024-4a6d-98e2-878680eff347,2025-02-26 17:38:44-08:00,2025-02-26,2025-02-27 01:38:44 UTC,Pacific Time (US & Canada),research,CC-BY-NC,https://www.inaturalist.org/observations/263223153,https://inaturalist-open-data.s3.amazonaws.com/photos/472837724/medium.jpg,https://static.inaturalist.org/sounds/1317809.m4a?1740620781,2,0,false,"Oceanside Harbor, Oceanside, CA, US",33.2087283333,-117.3944633333,8,8,California Sea Lion,Zalophus californianus,California Sea Lion,Mammalia,41740
263469619,5a63b5af-1589-4ce8-bf12-d5965a136f47,2025/02/09 03:59,2025-02-09,2025-02-09 11:59:00 UTC,Pacific Time (US & Canada),research,,https://www.inaturalist.org/observations/263469619,https://static.inaturalist.org/photos/473325004/medium.png,https://static.inaturalist.org/sounds/1319661.m4a?1740818567,2,0,false,"Aptos, Californië 95003, Verenigde Staten",36.9876402467,-121.9115206479,8,8,Noord-Amerikaanse poema,Puma concolor couguar,North American Mountain Lion,Mammalia,143589
263506721,2057f8fb-7bb3-4656-9148-31ed058240dc,2025-03-01 08:31:38-08:00,2025-03-01,2025-03-01 16:31:38 UTC,Pacific Time (US & Canada),research,CC-BY-NC,https://www.inaturalist.org/observations/263506721,,https://static.inaturalist.org/sounds/1319974.m4a?1740846704,1,0,false,"Los Angeles Zoo And Botanical Gardens, Los Angeles, CA, US",34.1486278754,-118.2842049148,11,11,California Ground Squirrel,Otospermophilus beecheyi,California Ground Squirrel,Mammalia,180007
263556453,f15499a5-4ea1-43c9-a094-096bdfacfe07,2025-03-01 15:47:43-08:00,2025-03-01,2025-03-01 23:47:43 UTC,Pacific Time (US & Canada),research,,https://www.inaturalist.org/observations/263556453,https://static.inaturalist.org/photos/473493814/medium.jpg,https://static.inaturalist.org/sounds/1320419.m4a?1740873035,2,0,false,"Santa Teresa County Park, San Jose, CA, US",37.2145690961,-121.7662619465,3,3,California Ground Squirrel,Otospermophilus beecheyi,California Ground Squirrel,Mammalia,180007
263557742,ec03a994-08cd-420a-bc01-074ba778cb83,2025-03-01 15:45:30,2025-03-01,2025-03-01 23:45:30 UTC,Pacific Time (US & Canada),research,CC-BY-NC,https://www.inaturalist.org/observations/263557742,,https://static.inaturalist.org/sounds/1320423.m4a?1740873814,1,0,false,"San Luis Obispo County, US-CA, US",35.46462825,-120.32920598,3,3,California Ground Squirrel,Otospermophilus beecheyi,California Ground Squirrel,Mammalia,180007
263708800,70088a22-8e2f-4901-9fb0-4e914f3a90ce,2025/03/02 3:20 PM,2025-03-02,2025-03-02 23:20:00 UTC,Pacific Time (US & Canada),research,CC-BY-NC,https://www.inaturalist.org/observations/263708800,https://inaturalist-open-data.s3.amazonaws.com/photos/473794160/medium.jpeg,https://static.inaturalist.org/sounds/1321622.m4a?1740967566,5,0,false,"Laguna Niguel, CA, USA",33.5307186372,-117.709828585,1,1,California Ground Squirrel,Otospermophilus beecheyi,California Ground Squirrel,Mammalia,180007
264123781,9f3c2dc4-1411-41be-bd2d-03a5ff69087e,2025-03-06 11:28:03-08:00,2025-03-06,2025-03-06 19:28:03 UTC,Pacific Time (US & Canada),research,,https://www.inaturalist.org/observations/264123781,,https://static.inaturalist.org/sounds/1324729.m4a?1741289288,2,0,false,"Greenlake Dr, Sunnyvale, CA, US",37.3966363382,-122.0083075068,28,28,California Ground Squirrel,Otospermophilus beecheyi,California Ground Squirrel,Mammalia,180007
264153824,3cdd7ac6-b95e-4e0b-934d-fd6c6922a71a,2025-03-06 17:11:33-08:00,2025-03-06,2025-03-07 01:11:33 UTC,Pacific Time (US & Canada),research,CC-BY-NC,https://www.inaturalist.org/observations/264153824,,https://static.inaturalist.org/sounds/1324901.m4a?1741309934,1,0,false,"Standish-Hickey State Recreation Area, Leggett, CA, US",39.877298021,-123.7268922083,6,6,Douglas' Squirrel,Tamiasciurus douglasii,Douglas's Squirrel,Mammalia,46259
264452699,cb52845d-fba7-48bf-afa2-90161e5b6a8e,2024/11/25 10:04 PM,2024-11-25,2024-11-26 06:04:00 UTC,Pacific Time (US & Canada),research,CC-BY-NC,https://www.inaturalist.org/observations/264452699,,https://static.inaturalist.org/sounds/1325822.m4a?1741403083,1,0,false,"Los Altos Hills, CA, USA",37.3931939775,-122.165358633,1,1,Coyote,Canis latrans,Coyote,Mammalia,42051
264489341,d853aedf-2f3d-4266-abef-6996c15fe2fb,2025-03-08 01:42:45-08:00,2025-03-08,2025-03-08 09:42:45 UTC,Pacific Time (US & Canada),research,,https://www.inaturalist.org/observations/264489341,,https://static.inaturalist.org/sounds/1326225.m4a?1741426994,1,0,false,"Elsmore Dr, Rosemead, CA, US",34.0479765253,-118.0880719797,5,5,Coyote,Canis latrans,Coyote,Mammalia,42051
265072640,cd58acc2-fd89-4114-8ac0-8b3584dd7b44,2025-03-10 13:46:29,2025-03-10,2025-03-10 20:46:29 UTC,Pacific Time (US & Canada),research,CC-BY,https://www.inaturalist.org/observations/265072640,https://inaturalist-open-data.s3.amazonaws.com/photos/476062027/medium.jpeg,https://static.inaturalist.org/sounds/1331560.m4a?1741802244,1,0,false,"32.8505571, -117.2743713",32.8505571254,-117.2743712738,4,4,California Sea Lion,Zalophus californianus,California Sea Lion,Mammalia,41740
265600829,74848762-7c27-403a-8702-8100a69c43ee,2025-03-16 13:36:00-07:00,2025-03-16,2025-03-16 20:36:00 UTC,Pacific Time (US & Canada),research,CC-BY-NC,https://www.inaturalist.org/observations/265600829,,https://static.inaturalist.org/sounds/1337381.m4a?1742157424,1,0,false,"S Ridgeley Dr, Los Angeles, CA, US",34.0174703021,-118.3646899929,4,4,Eastern Fox Squirrel,Sciurus niger,Eastern Fox Squirrel,Mammalia,46020
266026421,9403f624-2b41-4e22-b628-8cfa8ff00e22,2025-03-19 15:56:46-07:00,2025-03-19,2025-03-19 22:56:46 UTC,Pacific Time (US & Canada),research,,https://www.inaturalist.org/observations/266026421,,https://static.inaturalist.org/sounds/1341050.m4a?1742425038,1,0,false,"Stockton Pl, Palo Alto, CA, US",37.4330663057,-122.1130077402,35,35,Eastern Gray Squirrel,Sciurus carolinensis,Eastern Gray Squirrel,Mammalia,46017
266037147,57f979d0-3c7a-40aa-94ce-5ccdbd8b9b6a,2025/03/19 10:18 AM,2025-03-19,2025-03-19 17:18:00 UTC,Pacific Time (US & Canada),research,CC-BY-NC,https://www.inaturalist.org/observations/266037147,https://inaturalist-open-data.s3.amazonaws.com/photos/477952569/medium.jpg,https://static.inaturalist.org/sounds/1341163.m4a?1742431030,2,0,false,"Evergreen, San Jose, CA, USA",37.2913080977,-121.7679809954,10,10,Coyote,Canis latrans,Coyote,Mammalia,42051
266055696,d44a8672-d941-4b7e-a093-fc9e2bc077e9,2025-03-19 18:43:56,2025-03-19,2025-03-20 01:43:56 UTC,Pacific Time (US & Canada),research,CC-BY-NC,https://www.inaturalist.org/observations/266055696,https://inaturalist-open-data.s3.amazonaws.com/photos/477990854/medium.jpeg,https://static.inaturalist.org/sounds/1341288.wav?1742442925,1,0,false,"Shoshone, CA 92384, USA",35.9816694444,-116.2664861111,,,Coyote,Canis latrans,Coyote,Mammalia,42051
266270227,4f97d81c-3587-4715-8eb9-8eb9690656a3,2025-03-21 12:24:01-07:00,2025-03-21,2025-03-21 19:24:01 UTC,Pacific Time (US & Canada),research,,https://www.inaturalist.org/observations/266270227,,https://static.inaturalist.org/sounds/1343522.m4a?1742585157,2,0,false,"San José State University, San Jose, CA, US",37.3361532496,-121.8841725582,22,22,California Ground Squirrel,Otospermophilus beecheyi,California Ground Squirrel,Mammalia,180007
266462756,1b7b6f01-9ae9-48d1-838e-b316f7e9b6fd,2025-03-22 16:10:22-07:00,2025-03-22,2025-03-22 23:10:22 UTC,Pacific Time (US & Canada),research,CC-BY-NC,https://www.inaturalist.org/observations/266462756,,https://static.inaturalist.org/sounds/1345188.m4a?1742685073,2,0,false,"Cottage Way, Vista, CA, US",33.1632919925,-117.2255613377,3,3,California Ground Squirrel,Otospermophilus beecheyi,California Ground Squirrel,Mammalia,180007
266781464,940474e6-72d0-4ce1-9cd7-51bd79e048de,2025-03-24 10:54:33-07:00,2025-03-24,2025-03-24 17:54:33 UTC,Pacific Time (US & Canada),research,CC-BY-NC,https://www.inaturalist.org/observations/266781464,https://inaturalist-open-data.s3.amazonaws.com/photos/479347493/medium.jpg,https://static.inaturalist.org/sounds/1347434.m4a?1742838952,1,0,false,"S Ridgeley Dr, Los Angeles, CA, US",34.0173704954,-118.3648789947,4,4,Eastern Fox Squirrel,Sciurus niger,Eastern Fox Squirrel,Mammalia,46020
266952914,9df03d24-1a43-4702-be62-e100924acc72,2025-03-25 13:51:58-07:00,2025-03-25,2025-03-25 20:51:58 UTC,Pacific Time (US & Canada),research,CC-BY-NC,https://www.inaturalist.org/observations/266952914,,https://static.inaturalist.org/sounds/1348697.m4a?1742935939,1,0,false,"Carmona Ave, Los Angeles, CA, US",34.0158547962,-118.3666201403,4,4,California Ground Squirrel,Otospermophilus beecheyi,California Ground Squirrel,Mammalia,180007
266983932,fd6604f8-5a48-42d3-bfd7-3b9426dced0c,2025-03-25 15:14:52,2025-03-25,2025-03-25 22:14:52 UTC,Pacific Time (US & Canada),research,CC-BY-NC,https://www.inaturalist.org/observations/266983932,,https://static.inaturalist.org/sounds/1348878.m4a?1742949548,2,0,false,"Ocotillo Wells State Vehicular Recreation Area, San Diego County, US-CA, US",33.159824037,-116.121138325,16,16,Round-tailed Ground Squirrel,Xerospermophilus tereticaudus,Round-tailed Ground Squirrel,Mammalia,179993
267433405,d58bed38-c49e-4ee5-88be-d7b765a99396,2025-03-28 15:54:48,2025-03-28,2025-03-28 22:54:48 UTC,Pacific Time (US & Canada),research,CC0,https://www.inaturalist.org/observations/267433405,,https://static.inaturalist.org/sounds/1352534.m4a?1743208057,1,0,false,"Linda Dr, Sonoma, CA, US",38.3034529389,-122.4611618918,3,3,Douglas' Ground Squirrel,Otospermophilus douglasii,Douglas's Ground Squirrel,Mammalia,1511713
267973984,b76bef89-90ff-4432-bc1b-8b02b91fca8e,2025/03/31 2:09 PM,2025-03-31,2025-03-31 21:09:00 UTC,Pacific Time (US & Canada),research,CC-BY,https://www.inaturalist.org/observations/267973984,https://inaturalist-open-data.s3.amazonaws.com/photos/481629470/medium.jpeg,https://static.inaturalist.org/sounds/1356760.m4a?1743458966,1,0,false,"North Jr College Neighborhood Association, Santa Rosa, CA, USA",38.457725373,-122.7200020712,2,2,Douglas's Ground Squirrel,Otospermophilus douglasii,Douglas's Ground Squirrel,Mammalia,1511713
269028049,383d6cc4-0ea3-45ba-8800-b21d33b8b7c7,2025-04-06 15:46:35-07:00,2025-04-06,2025-04-06 22:46:35 UTC,Pacific Time (US & Canada),research,,https://www.inaturalist.org/observations/269028049,,https://static.inaturalist.org/sounds/1364591.m4a?1743979599,2,0,false,"Coast Blvd, San Diego, CA, US",32.848099236,-117.2768605723,20,20,California Ground Squirrel,Otospermophilus beecheyi,California Ground Squirrel,Mammalia,180007
269302136,d078effc-7c9b-436e-a434-ff7855396d6c,2025/03/24 11:21pm,2025-03-24,2025-03-25 06:21:00 UTC,Pacific Time (US & Canada),research,,https://www.inaturalist.org/observations/269302136,https://static.inaturalist.org/photos/484191037/medium.png,https://static.inaturalist.org/sounds/1366568.m4a?1744127336,4,0,false,"Sonoma County, US-CA, US",38.4764698181,-123.1425641814,61,28240,Short-tailed Weasel,Mustela richardsonii,American Ermine,Mammalia,1264427
269501922,b3c8ed1a-71f5-42d1-b344-19542a467dcf,2025-04-09 12:19:11-07:00,2025-04-09,2025-04-09 19:19:11 UTC,Pacific Time (US & Canada),research,,https://www.inaturalist.org/observations/269501922,,https://static.inaturalist.org/sounds/1368104.m4a?1744226357,2,0,false,"Avenue C, Sunnyvale, CA, US",37.3988434067,-122.0089219698,4,4,California Ground Squirrel,Otospermophilus beecheyi,California Ground Squirrel,Mammalia,180007
269730066,bc4cbfa6-8378-4820-b3bf-d3fbad254da6,2025-04-10 20:21:00,2025-04-10,2025-04-11 03:21:00 UTC,Pacific Time (US & Canada),research,CC-BY-NC,https://www.inaturalist.org/observations/269730066,https://inaturalist-open-data.s3.amazonaws.com/photos/485013684/medium.jpeg,https://static.inaturalist.org/sounds/1369889.m4a?1744342420,1,0,false,"Los Angeles County, US-CA, US",34.0186473273,-118.0972791781,13,28874,Common Raccoon,Procyon lotor,Common Raccoon,Mammalia,41663
269803955,5a44b631-a871-4cd9-b950-1b3f5fb2ed4f,2025-04-11 08:53:39-07:00,2025-04-11,2025-04-11 15:53:39 UTC,Pacific Time (US & Canada),research,CC-BY-NC,https://www.inaturalist.org/observations/269803955,,https://static.inaturalist.org/sounds/1370493.m4a?1744386851,1,0,false,"Tesoro High School, Ladera Ranch, CA, US",33.5782361733,-117.6126034439,9,9,Coyote,Canis latrans,Coyote,Mammalia,42051
270443188,6d2905f8-c70b-4a15-8c5b-6d2ed0114a32,2025-04-14 08:28:00,2025-04-14,2025-04-14 15:28:00 UTC,Pacific Time (US & Canada),research,CC-BY,https://www.inaturalist.org/observations/270443188,,https://static.inaturalist.org/sounds/1375009.wav?1744645503,1,0,false,"Sacramento, CA 95832, USA",38.4452995138,-121.4833791554,17,17,North American River Otter,Lontra canadensis,North American River Otter,Mammalia,41777
271097964,f6674405-bbe3-424d-a4bb-436855fcfc40,2025-02-20 15:17:38-08:00,2025-02-20,2025-02-20 23:17:38 UTC,Pacific Time (US & Canada),research,CC-BY-NC,https://www.inaturalist.org/observations/271097964,https://inaturalist-open-data.s3.amazonaws.com/photos/487611462/medium.jpg,https://static.inaturalist.org/sounds/1379709.m4a?1744928218,2,0,false,"Oak Canyon Nature Center, Anaheim, CA, US",33.8355729869,-117.7582872939,4,4,California Ground Squirrel,Otospermophilus beecheyi,California Ground Squirrel,Mammalia,180007
271099261,4a511209-6460-4c56-9ff3-925a6d799ec7,2025-04-17 14:31:25,2025-04-17,2025-04-17 21:31:25 UTC,Pacific Time (US & Canada),research,CC-BY-NC,https://www.inaturalist.org/observations/271099261,https://inaturalist-open-data.s3.amazonaws.com/photos/487613783/medium.jpg,https://static.inaturalist.org/sounds/1379716.m4a?1744928718,1,0,false,"E Pan American Rd, San Diego, CA, US",32.7302648988,-117.1513466134,7,7,California Ground Squirrel,Otospermophilus beecheyi,California Ground Squirrel,Mammalia,180007
271539307,17eb667c-2567-4948-bdb1-6b056d9c41fc,2025-04-19 13:44:24-07:00,2025-04-19,2025-04-19 20:44:24 UTC,Pacific Time (US & Canada),research,CC0,https://www.inaturalist.org/observations/271539307,,https://static.inaturalist.org/sounds/1383220.m4a?1745095523,1,0,false,"Torrey Pines State Natural Reserve, San Diego, CA, US",32.9154879134,-117.2581397184,4,4,California Ground Squirrel,Otospermophilus beecheyi,California Ground Squirrel,Mammalia,180007
271624166,465c45f7-05fd-43b4-ae93-44c9b324ac0f,2025-04-19 13:15:44-07:00,2025-04-19,2025-04-19 20:15:44 UTC,Pacific Time (US & Canada),research,CC-BY-NC,https://www.inaturalist.org/observations/271624166,https://inaturalist-open-data.s3.amazonaws.com/photos/488613069/medium.jpg,https://static.inaturalist.org/sounds/1383866.m4a?1745124143,1,0,false,"Palomar Mountain State Park, Pauma Valley, CA, US",33.3448366667,-116.904655,12,12,Western Gray Squirrel,Sciurus griseus,Western Gray Squirrel,Mammalia,46023
271909037,1fc4d390-3357-41ee-8ab5-7110ab2c75c8,2025/04/15 5:23 PM,2025-04-15,2025-04-16 00:23:00 UTC,Pacific Time (US & Canada),research,CC-BY-NC,https://www.inaturalist.org/observations/271909037,,https://static.inaturalist.org/sounds/1386150.wav?1745218477,1,0,false,"Quicksilver, San Jose, CA, USA",37.1933939002,-121.8372593239,4,4,California Ground Squirrel,Otospermophilus beecheyi,California Ground Squirrel,Mammalia,180007
272088429,0bfb628f-9e0b-4629-9ab2-8327a8bb2cb4,2025-04-21 16:32:16-07:00,2025-04-21,2025-04-21 23:32:16 UTC,Pacific Time (US & Canada),research,,https://www.inaturalist.org/observations/272088429,,https://static.inaturalist.org/sounds/1387747.m4a?1745278384,2,0,false,"San José State University, San Jose, CA, US",37.3359321276,-121.8836413129,3,3,California Ground Squirrel,Otospermophilus beecheyi,California Ground Squirrel,Mammalia,180007
272115532,c1536105-6ac6-4d74-98ab-af83b87fe64c,2025-04-21 19:31:13-07:00,2025-04-21,2025-04-22 02:31:13 UTC,Pacific Time (US & Canada),research,CC-BY,https://www.inaturalist.org/observations/272115532,,https://static.inaturalist.org/sounds/1387997.m4a?1745289083,1,0,false,"Golden Gate Park, San Francisco, CA, US",37.7712475341,-122.4639128838,9,9,Coyote,Canis latrans,Coyote,Mammalia,42051
272134197,46cab0d2-02b1-4cde-808d-a05e30821503,2025-04-21 20:09:37-07:00,2025-04-21,2025-04-22 03:09:37 UTC,Pacific Time (US & Canada),research,CC-BY-NC,https://www.inaturalist.org/observations/272134197,,https://static.inaturalist.org/sounds/1388095.m4a?1745297684,1,0,false,"Bidwell Park, Chico, CA, US",39.7751550598,-121.7837247648,8,8,Coyote,Canis latrans,Coyote,Mammalia,42051
273444969,530da470-fcf3-43a2-b3a3-703e44c4ab64,2025/04/25 12:18 PM,2025-04-25,2025-04-25 19:18:00 UTC,Pacific Time (US & Canada),research,CC-BY-NC,https://www.inaturalist.org/observations/273444969,,https://static.inaturalist.org/sounds/1400078.mp3?1745622350,1,0,false,"Santa Teresa Hills, CA, USA",37.2128978902,-121.7886625698,500,500,Coyote,Canis latrans,Coyote,Mammalia,42051
274087948,6b34a464-db60-47cf-95c4-afbee1d78eb8,2025-04-26 12:48:50-07:00,2025-04-26,2025-04-26 19:48:50 UTC,Pacific Time (US & Canada),research,CC-BY-NC,https://www.inaturalist.org/observations/274087948,,https://static.inaturalist.org/sounds/1407880.m4a?1745696965,1,0,false,"Partridge Dr, San Rafael, CA, US",37.9970520384,-122.4662329499,3,3,Domestic Cat,Felis catus,Domestic Cat,Mammalia,118552
274118396,2442dec2-4eda-41c4-80f9-93d992e1ed4c,2025-04-26 13:30:10-07:00,2025-04-26,2025-04-26 20:30:10 UTC,Pacific Time (US & Canada),research,CC-BY-NC,https://www.inaturalist.org/observations/274118396,,https://static.inaturalist.org/sounds/1408114.m4a?1745699448,2,0,false,"Coyote Valley Open Space Preserve, Morgan Hill, CA, US",37.168697007,-121.7298087013,4,4,California Ground Squirrel,Otospermophilus beecheyi,California Ground Squirrel,Mammalia,180007
274429108,0c9a47ac-41f7-4387-a7d1-6a706e620d36,2025/04/24 4:26 PM,2025-04-24,2025-04-24 23:26:00 UTC,Pacific Time (US & Canada),research,CC-BY-NC,https://www.inaturalist.org/observations/274429108,https://inaturalist-open-data.s3.amazonaws.com/photos/493364594/medium.jpg,https://static.inaturalist.org/sounds/1410299.m4a?1745731916,1,0,false,"California, US",37.1428985728,-121.6633623125,,28447,Merriam's Chipmunk,Neotamias merriami,Merriam's Chipmunk,Mammalia,197810
275017851,466c7e32-13e4-4232-9354-3c5396492ded,2025-04-27 13:38:05-07:00,2025-04-27,2025-04-27 20:38:05 UTC,Pacific Time (US & Canada),research,CC-BY-NC,https://www.inaturalist.org/observations/275017851,,https://static.inaturalist.org/sounds/1420019.m4a?1745853367,2,0,false,"Peter F Schabarum Regional County Park, Rowland Heights, CA, US",33.9788992995,-117.9285816759,8,8,Coyote,Canis latrans,Coyote,Mammalia,42051
276431620,3d9abef6-a6ad-4ed6-b553-e4846ce2b3cd,2025/04/28 11:22 AM,2025-04-28,2025-04-28 18:22:00 UTC,Pacific Time (US & Canada),research,CC-BY-NC,https://www.inaturalist.org/observations/276431620,,https://static.inaturalist.org/sounds/1424553.wav?1745899525,1,0,false,"Mendenhall Rd, California 94550, USA",37.5993917,-121.666643,1813,1813,Bobcat,Lynx rufus,Bobcat,Mammalia,41976
276439258,42656480-e574-43a5-8ab5-029c8b9e83bc,2025-04-28 21:28:00,2025-04-28,2025-04-29 04:28:00 UTC,Pacific Time (US & Canada),research,,https://www.inaturalist.org/observations/276439258,,https://static.inaturalist.org/sounds/1424642.m4a?1745902960,1,0,false,"Griffith Park, Los Angeles, CA, USA",34.117614595,-118.302311115,51,51,Coyote,Canis latrans,Coyote,Mammalia,42051
276442099,69eb6c8f-7421-46c7-8e48-845e53d76b03,2025-04-28 11:33:12,2025-04-28,2025-04-28 18:33:12 UTC,Pacific Time (US & Canada),research,CC-BY-NC,https://www.inaturalist.org/observations/276442099,,https://static.inaturalist.org/sounds/1424656.m4a?1745903460,1,0,false,"E Campus Dr, Riverside, CA, US",33.9730907552,-117.3231806828,579,579,California Ground Squirrel,Otospermophilus beecheyi,California Ground Squirrel,Mammalia,180007
277837821,125f19c4-309c-48ad-a1c7-b97e5571985c,2025-05-02 13:57:21,2025-05-02,2025-05-02 20:57:21 UTC,Pacific Time (US & Canada),research,CC-BY-NC,https://www.inaturalist.org/observations/277837821,https://inaturalist-open-data.s3.amazonaws.com/photos/498878040/medium.jpeg,https://static.inaturalist.org/sounds/1435405.m4a?1746219595,1,0,false,"Santa Cruz, CA, USA",36.9585746843,-122.0181214437,8,8,California Sea Lion,Zalophus californianus,California Sea Lion,Mammalia,41740
277935566,e7164fdc-f7b9-407a-9a64-6736a0279913,2025-05-02 21:14:43-07:00,2025-05-02,2025-05-03 04:14:43 UTC,Pacific Time (US & Canada),research,CC-BY-NC,https://www.inaturalist.org/observations/277935566,,https://static.inaturalist.org/sounds/1436150.m4a?1746245755,1,0,false,"UCSC Campus Natural Reserve, Santa Cruz, CA, US",36.982592409,-122.0711900395,7,7,Coyote,Canis latrans,Coyote,Mammalia,42051
278099025,5b92af86-1d18-4a33-bd41-0f119aceb26a,2025/04/26 7:40 PM,2025-04-26,2025-04-27 02:40:00 UTC,Pacific Time (US & Canada),research,,https://www.inaturalist.org/observations/278099025,,https://static.inaturalist.org/sounds/1437687.wav?1746290869,1,0,false,United States,32.6151026662,-116.9198984417,61,29066,Coyote,Canis latrans,Coyote,Mammalia,42051
278203312,f063481f-98b6-4f43-b2f8-feb710b5b83a,2025-05-03 11:56:36-07:00,2025-05-03,2025-05-03 18:56:36 UTC,Pacific Time (US & Canada),research,CC-BY-NC,https://www.inaturalist.org/observations/278203312,,https://static.inaturalist.org/sounds/1438508.m4a?1746311289,1,0,false,"Alum Rock Park, Santa Clara County, US-CA, US",37.4010323407,-121.7957662326,4,4,California Ground Squirrel,Otospermophilus beecheyi,California Ground Squirrel,Mammalia,180007
278461167,49a251d3-c0ee-4de3-998b-6ae26bbaab7c,2025/05/03 7:00 PM,2025-05-03,2025-05-04 02:00:00 UTC,Pacific Time (US & Canada),research,CC-BY-NC,https://www.inaturalist.org/observations/278461167,,https://static.inaturalist.org/sounds/1440582.m4a?1746378572,1,0,false,"2345 Fallbrook Pl, Escondido, CA 92027, USA",33.1186778,-117.0116157,199,199,Coyote,Canis latrans,Coyote,Mammalia,42051
278599527,a87961b2-47ad-4397-a915-5c761a1732b2,2025-05-04 17:33:08-07:00,2025-05-04,2025-05-05 00:33:08 UTC,Pacific Time (US & Canada),research,CC-BY-NC,https://www.inaturalist.org/observations/278599527,,https://static.inaturalist.org/sounds/1441544.m4a?1746405227,1,0,false,"UCSC Campus Natural Reserve, Santa Cruz, CA, US",36.9847175893,-122.0688916472,13,13,California Ground Squirrel,Otospermophilus beecheyi,California Ground Squirrel,Mammalia,180007
278840743,3bd4aaac-589a-47da-98bd-5cfbc41f4eeb,2025-05-05 14:51:18,2025-05-05,2025-05-05 21:51:18 UTC,Pacific Time (US & Canada),research,CC-BY,https://www.inaturalist.org/observations/278840743,,https://static.inaturalist.org/sounds/1443426.m4a?1746481902,1,0,false,"San Diego, CA, US",33.0081915667,-117.1001029333,5,5,Coyote,Canis latrans,Coyote,Mammalia,42051
278874539,0fd574b6-c842-40f3-b8d1-8004b2393552,2025-05-05 15:06:06,2025-05-05,2025-05-05 22:06:06 UTC,Pacific Time (US & Canada),research,CC-BY-NC,https://www.inaturalist.org/observations/278874539,https://inaturalist-open-data.s3.amazonaws.com/photos/500758645/medium.jpeg,https://static.inaturalist.org/sounds/1443654.m4a?1746493695,1,0,false,"El Corte de Madera Creek Open Space Preserve, San Mateo County, US-CA, US",37.3959987507,-122.3177620593,4,4,Western Gray Squirrel,Sciurus griseus,Western Gray Squirrel,Mammalia,46023
278969066,41eb2e6c-f863-4040-bdba-177cafd4daa0,2025-05-06 06:36:15-07:00,2025-05-06,2025-05-06 13:36:15 UTC,Pacific Time (US & Canada),research,CC-BY-NC,https://www.inaturalist.org/observations/278969066,,https://static.inaturalist.org/sounds/1444478.m4a?1746538684,1,0,false,"California, US",37.3101834979,-122.0780153426,914,28417,Coyote,Canis latrans,Coyote,Mammalia,42051
279480636,55fdfebf-1b33-4b26-b35f-add0a8e5c82a,2025-05-08 08:21:22,2025-05-08,2025-05-08 15:21:22 UTC,Pacific Time (US & Canada),research,CC-BY-NC,https://www.inaturalist.org/observations/279480636,,https://static.inaturalist.org/sounds/1448748.m4a?1746717755,1,0,false,"Fallbrook Pl, Escondido, CA, US",33.1173855687,-117.0109429101,2,2,Coyote,Canis latrans,Coyote,Mammalia,42051
279561591,df908620-39ca-4362-8f09-3519aa43c9c9,2025-05-08 14:29:43-07:00,2025-05-08,2025-05-08 21:29:43 UTC,Pacific Time (US & Canada),research,CC-BY-NC,https://www.inaturalist.org/observations/279561591,,https://static.inaturalist.org/sounds/1449266.m4a?1746739788,2,0,false,"Chenault St, Los Angeles, CA, US",34.0585951765,-118.4660451615,5,5,California Ground Squirrel,Otospermophilus beecheyi,California Ground Squirrel,Mammalia,180007
279710332,7a5e2ef1-c0f4-4d2e-a80b-e216a5d31da3,2025/05/08 7:41 AM,2025-05-08,2025-05-08 14:41:00 UTC,Pacific Time (US & Canada),research,CC-BY-NC,https://www.inaturalist.org/observations/279710332,,https://static.inaturalist.org/sounds/1450647.wav?1746802049,1,0,false,"Meadow Vista, CA, USA",39.0010079,-121.0218887,3129,3129,Mountain Lion,Puma concolor,Mountain Lion,Mammalia,42007
279826129,c18f677a-525f-4ee6-8045-78be19179aa5,2025-05-09 17:05:00,2025-05-09,2025-05-10 00:05:00 UTC,Pacific Time (US & Canada),research,CC-BY-NC,https://www.inaturalist.org/observations/279826129,,https://static.inaturalist.org/sounds/1451458.wav?1746835756,1,0,false,"San Diego County, US-CA, US",32.8079293564,-117.1647909614,185,29039,California Ground Squirrel,Otospermophilus beecheyi,California Ground Squirrel,Mammalia,180007
280818974,d7ed8bba-826e-457b-ae89-5e152a689c54,2025-05-13 05:39:49-07:00,2025-05-13,2025-05-13 12:39:49 UTC,Pacific Time (US & Canada),research,CC-BY-NC,https://www.inaturalist.org/observations/280818974,,https://static.inaturalist.org/sounds/1459933.m4a?1747156598,1,0,false,"The Furnace Creek Golf Course, Death Valley, CA, US",36.4553380139,-116.8721629125,12,12,Coyote,Canis latrans,Coyote,Mammalia,42051
282102997,31723a82-5d95-4c72-870b-3f99a9f9500c,2025-05-18,2025-05-18,,Pacific Time (US & Canada),research,CC-BY-NC,https://www.inaturalist.org/observations/282102997,,https://static.inaturalist.org/sounds/1470383.wav?1747584511,2,0,false,"Orangevale, CA 95662, USA",38.677222933,-121.1903944239,8,8,California Ground Squirrel,Otospermophilus beecheyi,California Ground Squirrel,Mammalia,180007
282162643,f375987d-15d4-4511-8c57-1475b5e383e5,2025-05-18 12:16:10,2025-05-18,2025-05-18 19:16:10 UTC,Pacific Time (US & Canada),research,CC-BY-NC,https://www.inaturalist.org/observations/282162643,,https://static.inaturalist.org/sounds/1470783.m4a?1747595810,2,0,false,"Coyote Creek Trail, San Jose, CA, US",37.2822344333,-121.8138052773,8,8,California Ground Squirrel,Otospermophilus beecheyi,California Ground Squirrel,Mammalia,180007
282300275,ab3191c8-bd85-4f60-a3a7-9a27081b5891,2025/05/18 15:08 AM,2025-05-18,,Pacific Time (US & Canada),research,CC-BY-NC,https://www.inaturalist.org/observations/282300275,,https://static.inaturalist.org/sounds/1471568.wav?1747632941,1,0,false,"San Diego County, CA, USA",33.035048062,-116.9528961521,190,190,California Ground Squirrel,Otospermophilus beecheyi,California Ground Squirrel,Mammalia,180007
282982859,f6f3dfca-5fd1-429f-ad5c-e429d0a2c38b,2025-05-21 13:54:59,2025-05-21,2025-05-21 20:54:59 UTC,Pacific Time (US & Canada),research,,https://www.inaturalist.org/observations/282982859,https://static.inaturalist.org/photos/508447769/medium.jpg,https://static.inaturalist.org/sounds/1476460.m4a?1747860964,1,0,false,"California, US",37.2241496716,-122.014222726,6,28417,Eastern Gray Squirrel,Sciurus carolinensis,Eastern Gray Squirrel,Mammalia,46017
283242548,a91ded8c-fbc7-4992-8a15-e75801761b5c,2025-04-25 15:30:59,2025-04-25,2025-04-25 22:30:59 UTC,Pacific Time (US & Canada),research,CC-BY-NC,https://www.inaturalist.org/observations/283242548,,https://static.inaturalist.org/sounds/1478122.m4a?1747951885,1,0,false,"Paseo Zaldivar, San Diego, CA, US",32.964307903,-117.1178811261,4,4,California Ground Squirrel,Otospermophilus beecheyi,California Ground Squirrel,Mammalia,180007
283255296,8f79cfaf-dfc5-41ff-a8bc-c75e7af7b4e4,2025-05-22 16:20:05-07:00,2025-05-22,2025-05-22 23:20:05 UTC,Pacific Time (US & Canada),research,CC-BY-NC,https://www.inaturalist.org/observations/283255296,,https://static.inaturalist.org/sounds/1478218.m4a?1747956010,2,0,false,"Larkey Ln, Walnut Creek, CA, US",37.911472074,-122.0834226354,106,106,California Ground Squirrel,Otospermophilus beecheyi,California Ground Squirrel,Mammalia,180007
283291534,2bd32e88-c278-4bd5-9885-e02832cdb0c1,2025/05/22 8:12 PM,2025-05-22,2025-05-23 03:12:00 UTC,Pacific Time (US & Canada),research,CC-BY-NC,https://www.inaturalist.org/observations/283291534,,https://static.inaturalist.org/sounds/1478426.mp3?1747969984,1,0,false,"Turtle Rock, Irvine, CA, USA",33.6551159037,-117.8210956215,38,38,Coyote,Canis latrans,Coyote,Mammalia,42051
283321779,2a9f8389-69c3-427b-8406-64e3383195da,2025-05-20 14:11:22,2025-05-20,2025-05-20 21:11:22 UTC,Pacific Time (US & Canada),research,CC-BY-NC,https://www.inaturalist.org/observations/283321779,,https://static.inaturalist.org/sounds/1478689.m4a?1747986513,1,0,false,"Kern County, US-CA, US",35.4659265473,-118.5889539814,3,28677,California Ground Squirrel,Otospermophilus beecheyi,California Ground Squirrel,Mammalia,180007
283758027,ae4837e0-92a4-41f4-ab8e-95ed50d7f46e,2025-05-24 14:22:30-07:00,2025-05-24,2025-05-24 21:22:30 UTC,Pacific Time (US & Canada),research,,https://www.inaturalist.org/observations/283758027,,https://static.inaturalist.org/sounds/1482332.m4a?1748121771,1,0,false,"Bird Rock Rd, Pebble Beach, CA, US",36.5906222947,-121.9562069089,7,7,Western Gray Squirrel,Sciurus griseus,Western Gray Squirrel,Mammalia,46023
283828642,db47c62f-79ce-4fb8-b894-558c0c4c1585,2025-05-24 19:42:57-07:00,2025-05-24,2025-05-25 02:42:57 UTC,Pacific Time (US & Canada),research,CC-BY-NC,https://www.inaturalist.org/observations/283828642,https://inaturalist-open-data.s3.amazonaws.com/photos/510029007/medium.jpg,https://static.inaturalist.org/sounds/1482884.m4a?1748141080,1,0,false,"N Studebaker Rd, Long Beach, CA, US",33.7853029824,-118.1004596612,20,20,Eastern Fox Squirrel,Sciurus niger,Eastern Fox Squirrel,Mammalia,46020
283952663,5944e866-0ddb-4654-9160-b10327884a7a,2025-05-23 14:31:07,2025-05-23,2025-05-23 21:31:07 UTC,Pacific Time (US & Canada),research,CC-BY-NC,https://www.inaturalist.org/observations/283952663,,https://static.inaturalist.org/sounds/1483883.m4a?1748183405,1,0,false,"San Benito County, US-CA, US",36.5333239267,-121.0493117997,3,28534,California Ground Squirrel,Otospermophilus beecheyi,California Ground Squirrel,Mammalia,180007
284129944,7e31fb99-ac2a-4222-adcd-61578102b21f,2025-05-25 17:34:27,2025-05-25,2025-05-26 00:34:27 UTC,Pacific Time (US & Canada),research,CC-BY-NC,https://www.inaturalist.org/observations/284129944,,https://static.inaturalist.org/sounds/1485100.m4a?1748219706,4,0,false,"Los Angeles County, US-CA, US",34.2015007914,-118.7835219009,6,28846,Eastern Fox Squirrel,Sciurus niger,Eastern Fox Squirrel,Mammalia,46020
284152111,5b47098d-dcec-4752-8a03-a7eee766ff93,2024/06/20 12:36 PM,2024-06-20,2024-06-20 19:36:00 UTC,Pacific Time (US & Canada),research,CC-BY-NC,https://www.inaturalist.org/observations/284152111,,https://static.inaturalist.org/sounds/1485286.wav?1748225918,2,0,false,"Santa Clara County, CA, USA",37.32156836,-121.67215183,4,4,California Ground Squirrel,Otospermophilus beecheyi,California Ground Squirrel,Mammalia,180007
284287834,bd4b8e55-fb96-42ac-84a7-2c8020356a8a,2025-05-26 09:10:19-07:00,2025-05-26,2025-05-26 16:10:19 UTC,Pacific Time (US & Canada),research,CC-BY-NC,https://www.inaturalist.org/observations/284287834,,https://static.inaturalist.org/sounds/1486210.m4a?1748275833,2,0,false,"Crystal Cove State Park, Laguna Beach, CA, US",33.5585288772,-117.8186416558,5605,5605,California Ground Squirrel,Otospermophilus beecheyi,California Ground Squirrel,Mammalia,180007
284981390,7c9d082e-13a4-4c76-a1fb-cecc6dd23a4f,2025-05-28 10:46:06,2025-05-28,2025-05-28 17:46:06 UTC,Pacific Time (US & Canada),research,CC-BY-NC,https://www.inaturalist.org/observations/284981390,https://inaturalist-open-data.s3.amazonaws.com/photos/512212385/medium.jpg,https://static.inaturalist.org/sounds/1491154.m4a?1748489389,1,0,false,"Portola Ave, Indian Wells, CA, US",33.7012416667,-116.3716283333,7,7,California Ground Squirrel,Otospermophilus beecheyi,California Ground Squirrel,Mammalia,180007
285052639,8ec3184b-7eff-4a27-98b2-d673e62ea59e,2025-05-29 00:26:03,2025-05-29,2025-05-29 07:26:03 UTC,Pacific Time (US & Canada),research,CC-BY-NC,https://www.inaturalist.org/observations/285052639,,https://static.inaturalist.org/sounds/1491682.m4a?1748524119,1,0,false,"San Diego County, US-CA, US",33.2184719082,-116.4662839913,4,28984,Coyote,Canis latrans,Coyote,Mammalia,42051
285576652,12d42591-d4e5-4e2f-b0f2-59d444a19189,2025/05/30 1:33 PM,2025-05-30,2025-05-30 20:33:00 UTC,Pacific Time (US & Canada),research,CC-BY-NC,https://www.inaturalist.org/observations/285576652,https://inaturalist-open-data.s3.amazonaws.com/photos/513316693/medium.jpg,https://static.inaturalist.org/sounds/1497207.wav?1748720298,1,0,false,"Los Gatos, CA, USA",37.20799069,-121.98637012,4,4,Merriam's Chipmunk,Neotamias merriami,Merriam's Chipmunk,Mammalia,197810
285625071,ab524b10-3f16-48a9-bf49-f6f25771b7b4,2025-05-31 07:10:12,2025-05-31,2025-05-31 14:10:12 UTC,Pacific Time (US & Canada),research,,https://www.inaturalist.org/observations/285625071,,https://static.inaturalist.org/sounds/1496451.m4a?1748700666,1,0,false,"Shedera Rd, Lake Elsinore, CA, US",33.6661899569,-117.2246702947,4,4,California Ground Squirrel,Otospermophilus beecheyi,California Ground Squirrel,Mammalia,180007
286626133,e093ead3-612d-468b-b6f0-c01541b9756a,2025/06/03 12:53 PM,2025-06-03,2025-06-03 19:53:00 UTC,Pacific Time (US & Canada),research,CC-BY-NC,https://www.inaturalist.org/observations/286626133,https://inaturalist-open-data.s3.amazonaws.com/photos/515307365/medium.jpg,https://static.inaturalist.org/sounds/1503650.mp3?1748980426,1,0,false,"Turtle Rock, Irvine, CA, USA",33.6545354153,-117.8206771969,15,15,Eastern Fox Squirrel,Sciurus niger,Eastern Fox Squirrel,Mammalia,46020
286967475,9480b91c-01a2-4aef-b40f-6f3d1c296dcc,2025-06-04 21:01:42-07:00,2025-06-04,2025-06-05 04:01:42 UTC,Pacific Time (US & Canada),research,,https://www.inaturalist.org/observations/286967475,,https://static.inaturalist.org/sounds/1506126.m4a?1749096116,1,0,false,"Arboles, Irvine, CA, US",33.6603026692,-117.8350221003,12,12,Coyote,Canis latrans,Coyote,Mammalia,42051
287225353,8de2036a-8829-4830-8dc3-acfd370ed18c,2025-06-05 21:57:11-07:00,2025-06-05,2025-06-06 04:57:11 UTC,Pacific Time (US & Canada),research,CC-BY-NC,https://www.inaturalist.org/observations/287225353,,https://static.inaturalist.org/sounds/1507820.m4a?1749185847,3,0,false,"California, US",37.8486884816,-122.4723455366,20,28329,North American Mountain Lion,Puma concolor couguar,North American Mountain Lion,Mammalia,143589
288295004,c5cb4b24-006d-479c-b496-9079c580d922,2025-06-09 10:52:33-07:00,2025-06-09,2025-06-09 17:52:33 UTC,Pacific Time (US & Canada),research,CC-BY-NC,https://www.inaturalist.org/observations/288295004,https://inaturalist-open-data.s3.amazonaws.com/photos/518438973/medium.jpg,https://static.inaturalist.org/sounds/1514890.m4a?1749500847,1,0,false,"S Ridgeley Dr, Los Angeles, CA, US",34.0176259913,-118.3650365416,3,3,Eastern Fox Squirrel,Sciurus niger,Eastern Fox Squirrel,Mammalia,46020
288802205,ed075e11-a828-4619-bff3-adb30b792092,2025-06-11 11:35:19-07:00,2025-06-11,2025-06-11 18:35:19 UTC,Pacific Time (US & Canada),research,CC-BY-NC,https://www.inaturalist.org/observations/288802205,,https://static.inaturalist.org/sounds/1518667.m4a?1749666956,2,0,false,"West Rd, La Habra Heights, CA, US",33.9551918054,-117.9706214419,8,8,California Ground Squirrel,Otospermophilus beecheyi,California Ground Squirrel,Mammalia,180007
288923198,3c0f5eb8-35a9-418d-a18c-5f12e9c5e0f8,2025-06-11 21:32:15-07:00,2025-06-11,2025-06-12 04:32:15 UTC,Pacific Time (US & Canada),research,CC-BY-NC,https://www.inaturalist.org/observations/288923198,,https://static.inaturalist.org/sounds/1520042.m4a?1749736728,1,0,false,"Tule Lake National Monument, Tulelake, CA, US",41.9684819754,-121.5677294578,41,41,Coyote,Canis latrans,Coyote,Mammalia,42051
289247727,153a9851-5fee-4ed4-ba4d-c50cd2039942,2025-06-10 08:09:05,2025-06-10,2025-06-10 15:09:05 UTC,Pacific Time (US & Canada),research,CC-BY,https://www.inaturalist.org/observations/289247727,,https://static.inaturalist.org/sounds/1521573.m4a?1749819490,1,0,false,"Bodfish, CA, US",35.6003332121,-118.4956491313,8,8,California Ground Squirrel,Otospermophilus beecheyi,California Ground Squirrel,Mammalia,180007
290312761,dbc392b4-8265-4dc2-859c-8b94b15c47e5,2025-06-16 16:00:08-07:00,2025-06-16,2025-06-16 23:00:08 UTC,Pacific Time (US & Canada),research,CC-BY-NC,https://www.inaturalist.org/observations/290312761,https://inaturalist-open-data.s3.amazonaws.com/photos/522245867/medium.jpg,https://static.inaturalist.org/sounds/1527989.m4a?1750130406,1,0,false,"San Carlos Beach, Monterey, CA, US",36.6094695032,-121.8951610198,4,4,California Sea Lion,Zalophus californianus,California Sea Lion,Mammalia,41740
290770255,5e56731d-5b59-43cc-b3ee-a840a882acdb,2025-06-14T15:40,2025-06-14,2025-06-14 22:40:00 UTC,Pacific Time (US & Canada),research,CC-BY-NC,https://www.inaturalist.org/observations/290770255,https://inaturalist-open-data.s3.amazonaws.com/photos/523102413/medium.jpg,https://static.inaturalist.org/sounds/1530680.m4a?1750280768,2,0,false,"Gallatin Pl, Oxnard, CA, US",34.2139011341,-119.202084318,329,329,Eastern Fox Squirrel,Sciurus niger,Eastern Fox Squirrel,Mammalia,46020
291034762,98486020-254e-4490-95d9-7bc179410236,2025-06-18 15:47:14-07:00,2025-06-18,2025-06-18 22:47:14 UTC,Pacific Time (US & Canada),research,CC-BY-NC,https://www.inaturalist.org/observations/291034762,,https://static.inaturalist.org/sounds/1532591.m4a?1750366339,1,0,false,"Pier 39, San Francisco, CA, US",37.8110517034,-122.4113177146,145,145,California Sea Lion,Zalophus californianus,California Sea Lion,Mammalia,41740
291620511,bd39e9df-101f-4077-a0ce-fadf367ec31e,2025-06-15 06:12:46,2025-06-15,2025-06-15 13:12:46 UTC,Pacific Time (US & Canada),research,,https://www.inaturalist.org/observations/291620511,,https://static.inaturalist.org/sounds/1535837.m4a?1750546433,2,0,false,"California, US",36.7728869656,-121.8053200714,3,28505,Southern Sea Otter,Enhydra lutris nereis,Southern Sea Otter,Mammalia,117520
291620635,4b1ccb8a-fcc8-4af6-8ade-4ba84cc9e959,2025-06-15 17:43:17,2025-06-15,2025-06-16 00:43:17 UTC,Pacific Time (US & Canada),research,,https://www.inaturalist.org/observations/291620635,,https://static.inaturalist.org/sounds/1535840.m4a?1750546459,1,0,false,"Carmel, CA, US",36.5309867028,-121.8985516551,43,43,Western Gray Squirrel,Sciurus griseus,Western Gray Squirrel,Mammalia,46023
291849366,02f90887-25c4-4d31-a7c3-6a6968bc0f4d,2025-06-22 10:47:27-07:00,2025-06-22,2025-06-22 17:47:27 UTC,Pacific Time (US & Canada),research,,https://www.inaturalist.org/observations/291849366,,https://static.inaturalist.org/sounds/1537056.m4a?1750614455,1,0,false,"S Clifpark Cir, Anaheim, CA, US",33.8203870334,-117.8967314734,24,24,Eastern Fox Squirrel,Sciurus niger,Eastern Fox Squirrel,Mammalia,46020
292869923,63ae0e13-9048-4c2a-b451-e3b64cec4512,2025-06-26 06:52:36-07:00,2025-06-26,2025-06-26 13:52:36 UTC,Pacific Time (US & Canada),research,CC-BY-NC,https://www.inaturalist.org/observations/292869923,https://inaturalist-open-data.s3.amazonaws.com/photos/527082383/medium.jpg,https://static.inaturalist.org/sounds/1542562.m4a?1750946058,1,0,false,"S Ridgeley Dr, Los Angeles, CA, US",34.0174451276,-118.3649081266,8,8,Eastern Fox Squirrel,Sciurus niger,Eastern Fox Squirrel,Mammalia,46020
292913549,977de26c-ea2b-48f2-9b0e-54ccd6e46a6c,2025-06-26 09:57:36,2025-06-26,2025-06-26 16:57:36 UTC,Pacific Time (US & Canada),research,CC-BY-NC,https://www.inaturalist.org/observations/292913549,,https://static.inaturalist.org/sounds/1542786.m4a?1750957283,1,0,false,"Alma Bridge Rd, Los Gatos, CA, US",37.1945806827,-121.9832145989,4,4,Merriam's Chipmunk,Neotamias merriami,Merriam's Chipmunk,Mammalia,197810
292922889,c97d570c-2f63-4286-8aba-216fad43093a,2025-06-26 10:40:22,2025-06-26,2025-06-26 17:40:22 UTC,Pacific Time (US & Canada),research,CC-BY-NC,https://www.inaturalist.org/observations/292922889,,https://static.inaturalist.org/sounds/1542822.m4a?1750959682,1,0,false,"Alma Bridge Rd, Los Gatos, CA, US",37.1995420585,-121.9803943607,4,4,Merriam's Chipmunk,Neotamias merriami,Merriam's Chipmunk,Mammalia,197810
294308720,a74062ec-4748-4b85-8b84-d72eecb530eb,2025-07-01 06:15:00-07:00,2025-07-01,2025-07-01 13:15:00 UTC,Pacific Time (US & Canada),research,CC-BY-NC,https://www.inaturalist.org/observations/294308720,,https://static.inaturalist.org/sounds/1549936.m4a?1751375724,1,0,false,"California, US",37.224098696,-122.0281353507,157,28417,Coyote,Canis latrans,Coyote,Mammalia,42051
295177712,0018ab1c-6eaf-4ba7-a3bb-19f1497cc7ae,2025-07-04 09:20:30-07:00,2025-07-04,2025-07-04 16:20:30 UTC,Pacific Time (US & Canada),research,CC-BY-NC,https://www.inaturalist.org/observations/295177712,https://inaturalist-open-data.s3.amazonaws.com/photos/531365038/medium.jpg,https://static.inaturalist.org/sounds/1554674.m4a?1751653996,1,0,false,"Alamo Creek Trail, Dublin, CA, US",37.7282091767,-121.9128850216,75,75,California Ground Squirrel,Otospermophilus beecheyi,California Ground Squirrel,Mammalia,180007
295185824,b2280eb6-2488-4cca-80ef-6fdf3d2ab0e9,2025-07-04 10:05:03-07:00,2025-07-04,2025-07-04 17:05:03 UTC,Pacific Time (US & Canada),research,CC-BY-NC,https://www.inaturalist.org/observations/295185824,,https://static.inaturalist.org/sounds/1554726.m4a?1751655776,1,0,false,"Santa Clarita Woodlands Park, Newhall, CA, US",34.3452482644,-118.5655110721,890,890,California Ground Squirrel,Otospermophilus beecheyi,California Ground Squirrel,Mammalia,180007
295531755,f310cab3-4846-42ff-be8e-8ac7b520929b,2025-07-05 16:01:00-07:00,2025-07-05,2025-07-05 23:01:00 UTC,Pacific Time (US & Canada),research,CC-BY-NC,https://www.inaturalist.org/observations/295531755,,https://static.inaturalist.org/sounds/1556507.m4a?1751756555,2,0,false,"Technology Dr, San Jose, CA, US",37.3673258651,-121.9189661948,555,555,California Ground Squirrel,Otospermophilus beecheyi,California Ground Squirrel,Mammalia,180007
295738461,397b4617-d814-4e39-98a1-3e2557c86673,2025-07-06 09:46:20-07:00,2025-07-06,2025-07-06 16:46:20 UTC,Pacific Time (US & Canada),research,CC-BY-NC,https://www.inaturalist.org/observations/295738461,,https://static.inaturalist.org/sounds/1557572.m4a?1751820468,2,0,false,"Sunset Rancho Estates, Lincoln, CA, US",38.8408816826,-121.2769653986,20,20,California Ground Squirrel,Otospermophilus beecheyi,California Ground Squirrel,Mammalia,180007
295741268,d5e25522-06c9-429c-a001-1c5c897f0108,2025-07-06 09:57:18-07:00,2025-07-06,2025-07-06 16:57:18 UTC,Pacific Time (US & Canada),research,CC-BY-NC,https://www.inaturalist.org/observations/295741268,,https://static.inaturalist.org/sounds/1571252.m4a?1752711547,2,0,false,"Bishop Ranch Regional Open Space Preserve Loop, San Ramon, CA, US",37.7500473152,-121.9652564765,48,48,California Ground Squirrel,Otospermophilus beecheyi,California Ground Squirrel,Mammalia,180007
295971011,e6037ac3-b938-4530-901a-6c3cb1c52f64,2025-07-06 18:17:53,2025-07-06,2025-07-07 01:17:53 UTC,Pacific Time (US & Canada),research,CC-BY,https://www.inaturalist.org/observations/295971011,https://inaturalist-open-data.s3.amazonaws.com/photos/532877387/medium.jpg,https://static.inaturalist.org/sounds/1558600.m4a?1751891344,1,0,false,"Coast Blvd, San Diego, CA, US",32.8500689613,-117.2719467246,4,4,California Sea Lion,Zalophus californianus,California Sea Lion,Mammalia,41740
296169407,483c25a4-b9da-4dff-a368-3ace2c9761bc,2025-07-07 20:58:57,2025-07-07,2025-07-08 03:58:57 UTC,Pacific Time (US & Canada),research,,https://www.inaturalist.org/observations/296169407,,https://static.inaturalist.org/sounds/1559750.m4a?1751947180,1,0,false,"Lomita Ave, Millbrae, CA, US",37.6050505885,-122.413689223,4,4,Coyote,Canis latrans ochropus,California Valley Coyote,Mammalia,126774
296172156,bfd7fa05-b8bc-478c-8bfe-f456b9ade69c,2025-07-07 13:47:08,2025-07-07,2025-07-07 20:47:08 UTC,Pacific Time (US & Canada),research,CC-BY-NC,https://www.inaturalist.org/observations/296172156,https://inaturalist-open-data.s3.amazonaws.com/photos/533303253/medium.jpg,https://static.inaturalist.org/sounds/1559761.m4a?1751948296,1,0,false,"North Wilderness Trail, Paicines, CA, US",36.4921155077,-121.2099007068,3,3,California Ground Squirrel,Otospermophilus beecheyi,California Ground Squirrel,Mammalia,180007
296439150,605f6764-2669-4b2c-815b-5d8f5763cee2,2025/06/30 7:31 AM,2025-06-30,2025-06-30 14:31:00 UTC,Pacific Time (US & Canada),research,CC-BY-NC,https://www.inaturalist.org/observations/296439150,,https://static.inaturalist.org/sounds/1561270.wav?1752040957,1,0,false,"Agate Campground beach overlook, Sue-meg SP, Humboldt County, CA, USA",41.1395125874,-124.148527525,50,50,Shadow Chipmunk,Neotamias senex,Shadow Chipmunk,Mammalia,225752
296664553,e4e36b18-1aa3-4a3c-aaeb-17ac4139cfce,2025/06/17 8:57 AM,2025-06-17,2025-06-17 15:57:00 UTC,Pacific Time (US & Canada),research,CC-BY-NC,https://www.inaturalist.org/observations/296664553,,https://static.inaturalist.org/sounds/1562564.wav?1752113798,3,0,false,"Ed R. Levin County Park, CA, USA",37.45866185,-121.87180845,,,Coyote,Canis latrans,Coyote,Mammalia,42051
297119378,79f2c724-551e-4853-ac3a-83a705408ff0,2025-07-11 14:00:07,2025-07-11,2025-07-11 21:00:07 UTC,Pacific Time (US & Canada),research,CC0,https://www.inaturalist.org/observations/297119378,,https://static.inaturalist.org/sounds/1564687.m4a?1752267845,1,0,false,"Pescadero, CA, US",37.1163080586,-122.3304050883,5,5,Northern Elephant Seal,Mirounga angustirostris,Northern Elephant Seal,Mammalia,41728
297354162,512d1735-6cec-4cd0-a5e5-e51eaa3974a4,2025-07-12 11:17:46-07:00,2025-07-12,2025-07-12 18:17:46 UTC,Pacific Time (US & Canada),research,CC-BY-NC,https://www.inaturalist.org/observations/297354162,,https://static.inaturalist.org/sounds/1565880.m4a?1752344280,2,0,false,"Kinross Ct, Sunnyvale, CA, US",37.3399811254,-122.0292050871,6,6,California Ground Squirrel,Otospermophilus beecheyi,California Ground Squirrel,Mammalia,180007
297653015,f4a1ae3e-f272-4ede-a574-27d65171ff69,2025/07/11 10:42 AM,2025-07-11,2025-07-11 17:42:00 UTC,Pacific Time (US & Canada),research,CC-BY-NC,https://www.inaturalist.org/observations/297653015,https://inaturalist-open-data.s3.amazonaws.com/photos/536074609/medium.jpg,https://static.inaturalist.org/sounds/1567417.m4a?1752428645,7,0,false,"San Rafael, CA, USA",37.9859960382,-122.5448969007,2,2,American Badger,Taxidea taxus,American Badger,Mammalia,41789
297681586,599c83e7-af34-4219-895a-40f1f4cb1087,2025-07-13 09:55:49,2025-07-13,2025-07-13 16:55:49 UTC,Pacific Time (US & Canada),research,,https://www.inaturalist.org/observations/297681586,,https://static.inaturalist.org/sounds/1567528.m4a?1752434509,1,0,false,"Limestone-Whiting Wilderness Park, Orange County, US-CA, US",33.6914838336,-117.6557494041,20,20,California Ground Squirrel,Otospermophilus beecheyi,California Ground Squirrel,Mammalia,180007
298032149,b8ec19d2-e28d-41eb-a4ac-a0ac8d4a0846,2025-07-14 13:09:02,2025-07-14,2025-07-14 20:09:02 UTC,Pacific Time (US & Canada),research,CC-BY-NC,https://www.inaturalist.org/observations/298032149,,https://static.inaturalist.org/sounds/1568897.m4a?1752537643,1,0,false,"Bo Gimbal Trail, Redwood City, CA, US",37.3173918864,-122.200752332,8,8,Western Gray Squirrel,Sciurus griseus,Western Gray Squirrel,Mammalia,46023
298438391,eabdeb1e-eda2-43ec-b0b6-bf5f006ae544,2025-06-25 04:50:00,2025-06-25,2025-06-25 11:50:00 UTC,Pacific Time (US & Canada),research,CC-BY,https://www.inaturalist.org/observations/298438391,,https://static.inaturalist.org/sounds/1570797.mp3?1752679741,1,0,false,"Riverside County, CA, USA",33.9915337994,-116.0613797978,853,853,Coyote,Canis latrans,Coyote,Mammalia,42051
298478381,23c61f1d-6693-4cdc-840c-ab822ad2510b,2025-07-16 11:08:39-07:00,2025-07-16,2025-07-16 18:08:39 UTC,Pacific Time (US & Canada),research,CC-BY-NC,https://www.inaturalist.org/observations/298478381,,https://static.inaturalist.org/sounds/1570986.m4a?1752689333,2,0,false,"Brannan Island State Recreational Area, Rio Vista, CA, US",38.1136082473,-121.6951742705,11,11,California Ground Squirrel,Otospermophilus beecheyi,California Ground Squirrel,Mammalia,180007
298555326,4bf4ab9a-2b6c-4e4e-9717-f308c4328200,2025/07/16 12:50 PM,2025-07-16,2025-07-16 19:50:00 UTC,Pacific Time (US & Canada),research,CC-BY-NC,https://www.inaturalist.org/observations/298555326,,https://static.inaturalist.org/sounds/1571222.wav?1752709589,1,0,false,"Parma, San Jose, CA, USA",37.2262727462,-121.7954729129,14,14,California Ground Squirrel,Otospermophilus beecheyi,California Ground Squirrel,Mammalia,180007
298744818,ab81d4d6-df31-4d1b-aa77-11ab214f17b4,2025-07-17 12:18:13,2025-07-17,2025-07-17 19:18:13 UTC,Pacific Time (US & Canada),research,CC-BY-NC,https://www.inaturalist.org/observations/298744818,,https://static.inaturalist.org/sounds/1572100.m4a?1752780192,1,0,false,"Low Gap Rd, Ukiah, CA, US",39.1627350843,-123.2663950567,35,35,Coyote,Canis latrans,Coyote,Mammalia,42051
298825628,0499a192-8543-4257-b9e7-25f4f70e8425,2025/07/17 9:10 AM,2025-07-17,2025-07-17 16:10:00 UTC,Pacific Time (US & Canada),research,CC-BY-NC,https://www.inaturalist.org/observations/298825628,,https://static.inaturalist.org/sounds/1572560.wav?1752803801,1,0,false,"Central San Jose, San Jose, CA, USA",37.3032714262,-121.9170174493,28,28,Eastern Gray Squirrel,Sciurus carolinensis,Eastern Gray Squirrel,Mammalia,46017
298915323,50be2bed-59d7-4048-87ab-e9f3a08dd3f6,2025-07-18 06:29:44-07:00,2025-07-18,2025-07-18 13:29:44 UTC,Pacific Time (US & Canada),research,CC-BY-NC,https://www.inaturalist.org/observations/298915323,https://inaturalist-open-data.s3.amazonaws.com/photos/551151406/medium.jpg,https://static.inaturalist.org/sounds/1573111.m4a?1752845882,1,0,false,"Inyo National Forest, Bishop, CA, US",37.5575625804,-118.2355992963,3,3,Yellow-bellied Marmot,Marmota flaviventris,Yellow-bellied Marmot,Mammalia,46086
299019122,fbbb0c3b-7d37-4732-bdc4-88e813fc2eb0,2025/07/10 10:01 AM,2025-07-10,2025-07-10 17:01:00 UTC,Pacific Time (US & Canada),research,CC-BY-NC,https://www.inaturalist.org/observations/299019122,,https://static.inaturalist.org/sounds/1573437.m4a?1752871900,2,0,false,"Oakland, CA, USA",37.873070728,-122.2417547295,15,15,Coyote,Canis latrans,Coyote,Mammalia,42051
299058443,63d6d8ca-c098-4c92-86a1-f8c1a9a27a5f,2025-07-18 17:04:08,2025-07-18,2025-07-19 00:04:08 UTC,Pacific Time (US & Canada),research,CC-BY-NC,https://www.inaturalist.org/observations/299058443,,https://static.inaturalist.org/sounds/1573591.m4a?1752883504,2,0,false,"Toll House Gulch Rd, Felton, CA, US",37.0282734102,-122.070156377,2,2,California Ground Squirrel,Otospermophilus beecheyi,California Ground Squirrel,Mammalia,180007
299380607,d83d55fc-7bf3-4088-8bb5-2ad0e432ee52,2025-07-19 12:09:15-07:00,2025-07-19,2025-07-19 19:09:15 UTC,Pacific Time (US & Canada),research,CC-BY,https://www.inaturalist.org/observations/299380607,,https://static.inaturalist.org/sounds/1574969.m4a?1752975940,1,0,false,"San Diego County, US-CA, US",32.6392575653,-117.0364369302,6,6,California Ground Squirrel,Otospermophilus beecheyi,California Ground Squirrel,Mammalia,180007
300048087,05743109-c53c-4951-9695-a37d7f241a8b,2025-07-19T13:37,2025-07-19,2025-07-19 20:37:00 UTC,Pacific Time (US & Canada),research,CC-BY-NC,https://www.inaturalist.org/observations/300048087,https://inaturalist-open-data.s3.amazonaws.com/photos/540596633/medium.jpg,https://static.inaturalist.org/sounds/1577674.m4a?1753160942,1,0,false,"California, US",38.5476597956,-121.6328504255,,28240,Eastern Fox Squirrel,Sciurus niger,Eastern Fox Squirrel,Mammalia,46020
301685814,36635ccc-1aff-481a-8f96-c970130c5621,2025-07-27 10:11:29,2025-07-27,2025-07-27 17:11:29 UTC,Pacific Time (US & Canada),research,CC-BY-NC,https://www.inaturalist.org/observations/301685814,,https://static.inaturalist.org/sounds/1584353.m4a?1753660456,1,0,false,"Rancho San Antonio Bike Path, Cupertino, CA, US",37.3329053428,-122.0880470255,57,57,California Ground Squirrel,Otospermophilus beecheyi,California Ground Squirrel,Mammalia,180007
301975730,810efa03-f33d-492a-a10c-c26329eaa77c,2025-06-18 13:37:21,2025-06-18,2025-06-18 20:37:21 UTC,Pacific Time (US & Canada),research,CC-BY-NC,https://www.inaturalist.org/observations/301975730,https://inaturalist-open-data.s3.amazonaws.com/photos/544195361/medium.jpg,https://static.inaturalist.org/sounds/1585667.m4a?1753751394,2,0,false,"Lake Tahoe Blvd, South Lake Tahoe, CA, US",38.9455333333,-119.97307,3,3,California Ground Squirrel,Otospermophilus beecheyi,California Ground Squirrel,Mammalia,180007
302291904,8519cf6e-c9f3-473c-bbe4-b4106dbdb461,2025/07/02 09:08 AM,2025-07-02,2025-07-02 16:08:00 UTC,Pacific Time (US & Canada),research,,https://www.inaturalist.org/observations/302291904,,https://static.inaturalist.org/sounds/1586853.m4a?1753858054,1,0,false,"Monterey County, CA, USA",36.5088017128,-121.9407738037,260,260,Coyote,Canis latrans,Coyote,Mammalia,42051
302524662,da64b0c5-b34f-4be1-807f-ce9ca846eeee,2025-07-30 20:35:42,2025-07-30,2025-07-31 03:35:42 UTC,Pacific Time (US & Canada),research,CC-BY-NC,https://www.inaturalist.org/observations/302524662,,https://static.inaturalist.org/sounds/1587904.m4a?1753932993,2,0,false,"Los Angeles, CA, US",34.099161001,-118.1969650929,5,5,Coyote,Canis latrans,Coyote,Mammalia,42051
302656570,c4e04fa8-2331-467e-946b-1cd435bb8a86,2025-07-31 10:37:16-07:00,2025-07-31,2025-07-31 17:37:16 UTC,Pacific Time (US & Canada),research,CC-BY-NC,https://www.inaturalist.org/observations/302656570,,https://static.inaturalist.org/sounds/1588394.m4a?1753983448,3,0,false,"Quarry Lakes Regional Recreation Area, Fremont, CA, US",37.5738809657,-121.9959133551,3,3,California Ground Squirrel,Otospermophilus beecheyi,California Ground Squirrel,Mammalia,180007
302721498,08240cd4-e607-4adb-bda6-a495a957cfef,2025-07-31 08:38:26-07:00,2025-07-31,2025-07-31 15:38:26 UTC,Pacific Time (US & Canada),research,CC-BY-NC,https://www.inaturalist.org/observations/302721498,,https://static.inaturalist.org/sounds/1588605.m4a?1753998498,1,0,false,"Inyo National Forest, Inyo County, US-CA, US",37.4414510071,-118.1797911122,13,13,Gray-headed Pika,Ochotona princeps schisticeps,Gray-headed Pika,Mammalia,126776
302790429,4725b1e1-ec8e-4821-a60c-39cde58f7840,2025/07/31 11:13 AM,2025-07-31,2025-07-31 18:13:00 UTC,Pacific Time (US & Canada),research,CC-BY-NC,https://www.inaturalist.org/observations/302790429,,https://static.inaturalist.org/sounds/1589086.wav?1754023223,1,0,false,"Los Alamitos Creek, San Jose, CA, USA",37.2296415931,-121.8645959178,52,52,California Ground Squirrel,Otospermophilus beecheyi,California Ground Squirrel,Mammalia,180007
303341509,4645d990-5a40-4ddb-b520-964a883f6a4e,2025-07-18 06:15:00,2025-07-18,2025-07-18 13:15:00 UTC,Pacific Time (US & Canada),research,CC-BY-NC,https://www.inaturalist.org/observations/303341509,,https://static.inaturalist.org/sounds/1591613.mp3?1754200740,1,0,false,"California, US",34.3071469301,-118.7343840328,190,28846,Coyote,Canis latrans,Coyote,Mammalia,42051
304006001,35931066-89f7-4620-98d3-a96678beaf7b,2025-08-05 09:13:15-07:00,2025-08-05,2025-08-05 16:13:15 UTC,Pacific Time (US & Canada),research,CC-BY-NC,https://www.inaturalist.org/observations/304006001,,https://static.inaturalist.org/sounds/1594429.m4a?1754410419,2,0,false,"Cavitt Junior High School, Granite Bay, CA, US",38.7365938047,-121.1674084402,3,3,California Ground Squirrel,Otospermophilus beecheyi,California Ground Squirrel,Mammalia,180007
304360194,6e94076c-0544-4a59-a77a-b8b5f5c01883,2025-08-06 17:11:34-07:00,2025-08-06,2025-08-07 00:11:34 UTC,Pacific Time (US & Canada),research,CC-BY-NC,https://www.inaturalist.org/observations/304360194,,https://static.inaturalist.org/sounds/1595844.m4a?1754525649,1,0,false,"S Barnwell St, Oceanside, CA, US",33.2025119616,-117.3476111518,6,6,California Ground Squirrel,Otospermophilus beecheyi,California Ground Squirrel,Mammalia,180007
304531772,45879baa-038e-4c19-984d-4416632183e1,2025-08-07 11:17:29-07:00,2025-08-07,2025-08-07 18:17:29 UTC,Pacific Time (US & Canada),research,CC-BY-NC,https://www.inaturalist.org/observations/304531772,,https://static.inaturalist.org/sounds/1596595.m4a?1754590664,1,0,false,"59th St, Oakland, CA, US",37.8438607229,-122.2720006848,6,6,Eastern Fox Squirrel,Sciurus niger,Eastern Fox Squirrel,Mammalia,46020
304582209,f3cde47c-4245-406f-8baa-c69ac2aa18af,2025-08-07 15:06:03,2025-08-07,2025-08-07 22:06:03 UTC,Pacific Time (US & Canada),research,CC-BY-NC,https://www.inaturalist.org/observations/304582209,https://inaturalist-open-data.s3.amazonaws.com/photos/549096226/medium.jpg,https://static.inaturalist.org/sounds/1596824.m4a?1754604450,1,0,false,"Coast Blvd, San Diego, CA, US",32.8506356119,-117.2732628485,4,4,California Sea Lion,Zalophus californianus,California Sea Lion,Mammalia,41740
304840273,c181a690-121a-402a-9b25-fe31f5c4bc90,2025-08-08 16:40:28-07:00,2025-08-08,2025-08-08 23:40:28 UTC,Pacific Time (US & Canada),research,CC-BY-NC,https://www.inaturalist.org/observations/304840273,,https://static.inaturalist.org/sounds/1597989.m4a?1754696647,2,0,false,"Scarlett Terr, Mountain View, CA, US",37.4066993781,-122.0918932241,5,5,Domestic Cat,Felis catus,Domestic Cat,Mammalia,118552
305156010,80b397f8-a36c-4a68-b611-6e77965bd3ba,2025/08/09 2:06 AM,2025-08-09,2025-08-09 09:06:00 UTC,Pacific Time (US & Canada),research,CC-BY-NC,https://www.inaturalist.org/observations/305156010,,https://static.inaturalist.org/sounds/1599304.wav?1754801894,1,0,false,"Monte Sereno, CA 95030, USA",37.2306029477,-122.0022228879,379,379,Coyote,Canis latrans,Coyote,Mammalia,42051
305395243,ca810990-52e4-4ec6-aa9b-d89176135da0,2025-08-10 16:53:06-07:00,2025-08-10,2025-08-10 23:53:06 UTC,Pacific Time (US & Canada),research,,https://www.inaturalist.org/observations/305395243,,https://static.inaturalist.org/sounds/1600386.m4a?1754870047,1,0,false,"California, US",40.4982540731,-121.4746088896,52357,52357,American Pika,Ochotona princeps,American Pika,Mammalia,43188
305444112,53b4639a-c685-49f1-afb5-33b848f4a32a,2025/08/09 8:51 PM,2025-08-09,2025-08-10 03:51:00 UTC,Pacific Time (US & Canada),research,CC-BY-NC,https://www.inaturalist.org/observations/305444112,,https://static.inaturalist.org/sounds/1600644.m4a?1754886220,1,0,false,"Griffith Park, CA, USA",34.1235485424,-118.2869163054,15,15,Coyote,Canis latrans,Coyote,Mammalia,42051
305585696,c1c3bf7e-e1ad-4e25-8db1-08480f89d6f3,2025-08-08 18:19:45,2025-08-08,2025-08-09 01:19:45 UTC,Pacific Time (US & Canada),research,CC-BY,https://www.inaturalist.org/observations/305585696,,https://static.inaturalist.org/sounds/1601664.wav?1754978209,1,0,false,"San Diego County, Cleveland National Forest, US-CA, US",32.87918948,-116.44619135,5,5,California Ground Squirrel,Otospermophilus beecheyi,California Ground Squirrel,Mammalia,180007
306353965,5adbd254-a81c-4c1a-b48f-d1c7bffa98dd,2025/08/09 6:06 AM,2025-08-09,2025-08-09 13:06:00 UTC,Pacific Time (US & Canada),research,CC-BY-NC,https://www.inaturalist.org/observations/306353965,https://inaturalist-open-data.s3.amazonaws.com/photos/552458861/medium.jpg,https://static.inaturalist.org/sounds/1604542.mp3?1755210148,2,0,false,"Shasta County, CA, USA",41.0191675292,-121.650204927,12,12,Douglas's Squirrel,Tamiasciurus douglasii,Douglas's Squirrel,Mammalia,46259
306367034,61cb7d8e-9ce5-4921-86b3-61045f0e52df,2025-08-14 11:47:04,2025-08-14,2025-08-14 18:47:04 UTC,Pacific Time (US & Canada),research,CC-BY-NC,https://www.inaturalist.org/observations/306367034,https://inaturalist-open-data.s3.amazonaws.com/photos/552486295/medium.jpg,https://static.inaturalist.org/sounds/1604578.m4a?1755215198,1,0,false,"California, US",38.5823910399,-121.6619435055,3,28240,Eastern Fox Squirrel,Sciurus niger,Eastern Fox Squirrel,Mammalia,46020
306412232,246a26d2-a2a0-46f3-912d-2dc8ed02ffa3,2025/05/08 5:16 PM,2025-05-08,2025-05-09 00:16:00 UTC,Pacific Time (US & Canada),research,CC-BY-NC,https://www.inaturalist.org/observations/306412232,https://inaturalist-open-data.s3.amazonaws.com/photos/552570271/medium.jpg,https://static.inaturalist.org/sounds/1604796.mp3?1755230715,1,0,false,"California, US",33.768814539,-117.9610051697,1,28930,Eastern Fox Squirrel,Sciurus niger,Eastern Fox Squirrel,Mammalia,46020
306557812,26103095-1206-4d33-b0de-a2de752f3f37,2025/08/10 6:10 AM,2025-08-10,2025-08-10 13:10:00 UTC,Pacific Time (US & Canada),research,CC-BY-NC,https://www.inaturalist.org/observations/306557812,,https://static.inaturalist.org/sounds/1605431.wav?1755284215,1,0,false,"Shasta County, CA, USA",41.0171789667,-121.6487465492,155,155,Douglas's Ground Squirrel,Otospermophilus douglasii,Douglas's Ground Squirrel,Mammalia,1511713
307668905,18559942-fb30-4fdd-a1dc-0d45609b97a3,2025-08-17 22:28:59,2025-08-17,2025-08-18 05:28:59 UTC,Pacific Time (US & Canada),research,CC-BY-NC,https://www.inaturalist.org/observations/307668905,,https://static.inaturalist.org/sounds/1609993.m4a?1755662619,1,0,false,"Trinidad, CA, US",41.384254372,-124.0695474649,17,17,North American Mountain Lion,Puma concolor couguar,North American Mountain Lion,Mammalia,143589
307752488,6980fdc6-8e63-4d87-981e-f0705cc9c5c8,2025-08-20 07:46:53-07:00,2025-08-20,2025-08-20 14:46:53 UTC,Pacific Time (US & Canada),research,,https://www.inaturalist.org/observations/307752488,https://static.inaturalist.org/photos/555212727/medium.jpg,https://static.inaturalist.org/sounds/1610330.m4a?1755701461,1,0,false,"Fort Bragg, CA, US",39.3763211562,-123.7044205668,4,4,Western Gray Squirrel,Sciurus griseus,Western Gray Squirrel,Mammalia,46023
307789533,da6a490c-f4d2-499d-9e8c-02194e1c1cff,2025-08-20 07:51:43-07:00,2025-08-20,2025-08-20 14:51:43 UTC,Pacific Time (US & Canada),research,,https://www.inaturalist.org/observations/307789533,,https://static.inaturalist.org/sounds/1610464.m4a?1755712237,1,0,false,"Fort Bragg, CA, US",39.3762017372,-123.7048085733,4,4,Western Gray Squirrel,Sciurus griseus,Western Gray Squirrel,Mammalia,46023
307877394,1195bb15-170f-4b86-9344-82978a4a81b4,2025-08-20 19:13:01,2025-08-20,2025-08-21 02:13:01 UTC,Pacific Time (US & Canada),research,CC0,https://www.inaturalist.org/observations/307877394,https://inaturalist-open-data.s3.amazonaws.com/photos/555387304/medium.jpg,https://static.inaturalist.org/sounds/1610818.m4a?1755742441,1,0,false,"Emory Way, Pomona, CA, US",34.1083175802,-117.7465000498,6,6,Eastern Fox Squirrel,Sciurus niger,Eastern Fox Squirrel,Mammalia,46020
308259154,ae0b8c77-ffb5-4de1-9b3a-8e84920e8056,2025-08-22 12:22:45-07:00,2025-08-22,2025-08-22 19:22:45 UTC,Pacific Time (US & Canada),research,,https://www.inaturalist.org/observations/308259154,,https://static.inaturalist.org/sounds/1612323.m4a?1755890634,1,0,false,"Hunter's Point Shipyard, San Francisco, CA, US",37.726407093,-122.3671429699,4,4,California Ground Squirrel,Otospermophilus beecheyi,California Ground Squirrel,Mammalia,180007
308614948,45d8583b-ad64-49cf-805e-d30f9fe8b49a,2025/08/18 12:26 PM,2025-08-18,2025-08-18 19:26:00 UTC,Pacific Time (US & Canada),research,CC-BY-NC,https://www.inaturalist.org/observations/308614948,,https://static.inaturalist.org/sounds/1614023.wav?1756004869,1,0,false,"Santa Clara County, CA, USA",37.32683895,-122.0974609199,18,18,Merriam's Chipmunk,Neotamias merriami,Merriam's Chipmunk,Mammalia,197810
308909662,726ffb5e-99c9-47e7-a97c-7b53621e15d6,2025-08-19 14:07:33,2025-08-19,2025-08-19 21:07:33 UTC,Pacific Time (US & Canada),research,CC-BY-NC,https://www.inaturalist.org/observations/308909662,https://inaturalist-open-data.s3.amazonaws.com/photos/557371883/medium.jpg,https://static.inaturalist.org/sounds/1615045.m4a?1756090058,1,0,false,"Bay Hwy, Bodega Bay, CA, US",38.3283676646,-123.0446425736,3,3,California Sea Lion,Zalophus californianus,California Sea Lion,Mammalia,41740
308922626,22bfeb4b-8e14-41df-9eeb-4345148905e8,2025/08/24 8:44 AM,2025-08-24,2025-08-24 15:44:00 UTC,Pacific Time (US & Canada),research,CC-BY-NC,https://www.inaturalist.org/observations/308922626,https://inaturalist-open-data.s3.amazonaws.com/photos/557393967/medium.jpg,https://static.inaturalist.org/sounds/1615088.m4a?1756094063,1,0,false,"Forest Knolls, Lagunitas-Forest Knolls, CA, USA",38.0162149038,-122.6878707235,4,4,Eastern Fox Squirrel,Sciurus niger,Eastern Fox Squirrel,Mammalia,46020
308922627,57c25eca-80d5-448d-b032-6074232b8989,2025/08/24 8:51 AM,2025-08-24,2025-08-24 15:51:00 UTC,Pacific Time (US & Canada),research,CC-BY-NC,https://www.inaturalist.org/observations/308922627,https://inaturalist-open-data.s3.amazonaws.com/photos/557394129/medium.jpg,https://static.inaturalist.org/sounds/1615090.m4a?1756094127,1,0,false,"Forest Knolls, Lagunitas-Forest Knolls, CA, USA",38.0162149038,-122.6878707235,4,4,Eastern Fox Squirrel,Sciurus niger,Eastern Fox Squirrel,Mammalia,46020
308922634,68311ed7-3554-4973-8497-ef86ef82bf1e,2025/08/24 9:05 AM,2025-08-24,2025-08-24 16:05:00 UTC,Pacific Time (US & Canada),research,CC-BY-NC,https://www.inaturalist.org/observations/308922634,https://inaturalist-open-data.s3.amazonaws.com/photos/557394640/medium.jpg,https://static.inaturalist.org/sounds/1615093.m4a?1756094227,1,0,false,"Forest Knolls, Lagunitas-Forest Knolls, CA, USA",38.0162149038,-122.6878707235,4,4,Eastern Fox Squirrel,Sciurus niger,Eastern Fox Squirrel,Mammalia,46020
309093356,574efc43-e80b-4941-9a49-7cca4b05b31d,2025/08/25 10:30 AM,2025-08-25,2025-08-25 17:30:00 UTC,Pacific Time (US & Canada),research,CC-BY-NC,https://www.inaturalist.org/observations/309093356,,https://static.inaturalist.org/sounds/1615695.wav?1756154743,1,0,false,"Evergreen, San Jose, CA, USA",37.31481874,-121.7966052726,6,6,Eastern Gray Squirrel,Sciurus carolinensis,Eastern Gray Squirrel,Mammalia,46017
309886423,8cdc5c89-0038-4382-9a9f-0adbe64fd2c2,2025-08-28 19:16:25-07:00,2025-08-28,2025-08-29 02:16:25 UTC,Pacific Time (US & Canada),research,CC-BY,https://www.inaturalist.org/observations/309886423,,https://static.inaturalist.org/sounds/1618746.m4a?1756441457,2,0,false,"Lafayette Reservoir, Lafayette, CA, US",37.8791411426,-122.1410499409,20,20,Coyote,Canis latrans,Coyote,Mammalia,42051
310131348,0d163da5-a91c-4904-8c93-d67d9f8eef00,2025/07/31 5:15 PM,2025-07-31,2025-08-01 00:15:00 UTC,Pacific Time (US & Canada),research,,https://www.inaturalist.org/observations/310131348,https://static.inaturalist.org/photos/559698903/medium.jpg,https://static.inaturalist.org/sounds/1619647.m4a?1756530929,1,0,false,"Ventura County, US-CA, US",34.5651647581,-119.1334357882,285,28818,California Black Bear,Ursus americanus californiensis,California Black Bear,Mammalia,126772
310132999,07eca64a-6839-4f2a-8349-704f463d5494,2025-08-29 18:59:00,2025-08-29,2025-08-30 01:59:00 UTC,Pacific Time (US & Canada),research,CC-BY,https://www.inaturalist.org/observations/310132999,,https://static.inaturalist.org/sounds/1619662.mp3?1756531881,1,0,false,"J6V9+38, Livermore, CA 94550, USA",37.6422766792,-121.7820810154,94,94,Coyote,Canis latrans,Coyote,Mammalia,42051
311627015,f56fdf6c-7163-4f35-af75-dc489a34f577,2025-09-04 21:28:10-07:00,2025-09-04,2025-09-05 04:28:10 UTC,Pacific Time (US & Canada),research,CC-BY-NC,https://www.inaturalist.org/observations/311627015,,https://static.inaturalist.org/sounds/1625905.m4a?1757046515,2,0,false,"Fox Dr, Cobb, CA, US",38.8520623239,-122.741626431,5,5,Coyote,Canis latrans,Coyote,Mammalia,42051
311803950,a924527f-d4d3-4134-bafb-533df2874e2e,2025-09-05 16:27:49,2025-09-05,2025-09-05 23:27:49 UTC,Pacific Time (US & Canada),research,CC-BY-NC,https://www.inaturalist.org/observations/311803950,https://inaturalist-open-data.s3.amazonaws.com/photos/562894965/medium.jpg,https://static.inaturalist.org/sounds/1626626.m4a?1757115119,1,0,false,"Los Gatos, CA, USA",37.2079719374,-121.936037049,2,2,Merriam's Chipmunk,Neotamias merriami,Merriam's Chipmunk,Mammalia,197810
312277958,e1528152-b662-4737-a4bf-609aa57ecac4,2025-09-07 10:18:54,2025-09-07,2025-09-07 17:18:54 UTC,Pacific Time (US & Canada),research,CC-BY,https://www.inaturalist.org/observations/312277958,https://inaturalist-open-data.s3.amazonaws.com/photos/564168999/medium.jpg,https://static.inaturalist.org/sounds/1628789.m4a?1757274542,2,1,false,"Ohlone Wilderness Trail, Livermore, CA, US",37.579003824,-121.6974236259,4,4,California Ground Squirrel,Otospermophilus beecheyi,California Ground Squirrel,Mammalia,180007
312364006,4c75c041-1cd2-4c7f-89c0-1c1b9f71a704,2025-09-07 17:36:02-07:00,2025-09-07,2025-09-08 00:36:02 UTC,Pacific Time (US & Canada),research,,https://www.inaturalist.org/observations/312364006,,https://static.inaturalist.org/sounds/1629079.m4a?1757297410,2,0,false,"Mount Tamalpais State Park, Mount Tamalpais, Marin County, Golden Gate National Recreation Area, US-CA, US",37.9065133025,-122.6115407,4,4,Western Gray Squirrel,Sciurus griseus,Western Gray Squirrel,Mammalia,46023
312379964,cf609524-2100-457b-adae-592615297ac1,2025-09-07 20:26:36-07:00,2025-09-07,2025-09-08 03:26:36 UTC,Pacific Time (US & Canada),research,CC-BY,https://www.inaturalist.org/observations/312379964,https://inaturalist-open-data.s3.amazonaws.com/photos/563990034/medium.jpg,https://static.inaturalist.org/sounds/1629178.mp3?1757303201,2,0,false,"Windy Hill Preserve, Portola Valley, CA, US",37.3709036993,-122.2218065484,256,256,Merriam's Chipmunk,Neotamias merriami,Merriam's Chipmunk,Mammalia,197810
313021292,48f23fca-1edb-481b-be22-090c8fc5ec20,2025-08-20 02:38,2025-08-20,2025-08-20 09:38:00 UTC,Pacific Time (US & Canada),research,CC-BY-NC,https://www.inaturalist.org/observations/313021292,https://inaturalist-open-data.s3.amazonaws.com/photos/565528969/medium.jpg,https://static.inaturalist.org/sounds/1632203.m4a?1757551065,2,0,false,"Granite Bay, CA, USA",38.7586836759,-121.2027291805,31,31,Bobcat,Lynx rufus,Bobcat,Mammalia,41976
313021478,1f505577-0593-4234-8c4c-629c1712e359,2025/09/09 5:39 PM,2025-09-09,2025-09-10 00:39:00 UTC,Pacific Time (US & Canada),research,CC-BY-NC,https://www.inaturalist.org/observations/313021478,https://inaturalist-open-data.s3.amazonaws.com/photos/565474374/medium.jpg,https://static.inaturalist.org/sounds/1632207.m4a?1757551156,2,0,false,"Granite Bay, CA, USA",38.758726,-121.202505,,,Bobcat,Lynx rufus,Bobcat,Mammalia,41976
313021682,dbe80476-d8f6-4cc1-af91-bd60a3a2fc18,2025/08/08 5:40 PM,2025-08-08,2025-08-09 00:40:00 UTC,Pacific Time (US & Canada),research,CC-BY-NC,https://www.inaturalist.org/observations/313021682,https://inaturalist-open-data.s3.amazonaws.com/photos/565463275/medium.jpg,https://static.inaturalist.org/sounds/1632208.m4a?1757551213,2,0,false,"Granite Bay, CA, USA",38.7586836759,-121.2027291805,31,31,Bobcat,Lynx rufus,Bobcat,Mammalia,41976
313022066,41fb9922-1974-4335-a379-616f26147b22,2024/12/26 5:41 PM,2024-12-26,2024-12-27 01:41:00 UTC,Pacific Time (US & Canada),research,CC-BY-NC,https://www.inaturalist.org/observations/313022066,https://inaturalist-open-data.s3.amazonaws.com/photos/565467332/medium.jpg,https://static.inaturalist.org/sounds/1632213.m4a?1757551316,4,0,false,"Granite Bay, CA, USA",38.758726,-121.202515,,,Mountain Lion,Puma concolor,Mountain Lion,Mammalia,42007
313038446,54d332b8-095b-42d5-aa99-b824042f37c1,2025-09-10 19:31:28,2025-09-10,2025-09-11 02:31:28 UTC,Pacific Time (US & Canada),research,CC-BY-NC-SA,https://www.inaturalist.org/observations/313038446,,https://static.inaturalist.org/sounds/1632312.m4a?1757557931,1,0,false,"Lyons Valley Rd, Jamul, CA, US",32.7208135265,-116.8125458208,6,6,,Canis latrans,Coyote,Mammalia,42051
313104168,cd1e8fca-c0f9-45b2-b2c8-76fb12766776,2025-09-11 06:57:46,2025-09-11,2025-09-11 13:57:46 UTC,Pacific Time (US & Canada),research,,https://www.inaturalist.org/observations/313104168,,https://static.inaturalist.org/sounds/1632735.m4a?1757599437,1,0,false,"Wolfsen Rd, Los Banos, CA, US",37.1595006296,-120.8138954531,14,14,Coyote,Canis latrans,Coyote,Mammalia,42051
313158905,317384d4-9bcb-4fb0-9185-96f9c8eaa797,2025-09-11,2025-09-11,,Pacific Time (US & Canada),research,,https://www.inaturalist.org/observations/313158905,,https://static.inaturalist.org/sounds/1632881.wav?1757615078,2,0,false,"Pfeiffer Big Sur State Park, Monterey County, US-CA, US",36.2546040002,-121.7838693783,5,5,Merriam's Chipmunk,Neotamias merriami,Merriam's Chipmunk,Mammalia,197810
313231051,779dc3e9-b46a-48a5-bb08-12a70f774292,2025/09/11 12:41 PM,2025-09-11,2025-09-11 19:41:00 UTC,Pacific Time (US & Canada),research,CC-BY-NC,https://www.inaturalist.org/observations/313231051,https://inaturalist-open-data.s3.amazonaws.com/photos/565624988/medium.jpg,https://static.inaturalist.org/sounds/1633184.wav?1757636551,1,0,false,"The Glens, San Jose, CA, USA",37.3367321206,-121.8043192889,4,4,Eastern Fox Squirrel,Sciurus niger,Eastern Fox Squirrel,Mammalia,46020
313257238,3b320bd8-d3e4-4081-a034-e8db2884d608,2025-09-11 18:00:16-07:00,2025-09-11,2025-09-12 01:00:16 UTC,Pacific Time (US & Canada),research,,https://www.inaturalist.org/observations/313257238,https://static.inaturalist.org/photos/565682509/medium.jpg,https://static.inaturalist.org/sounds/1633296.m4a?1757647208,2,0,false,"Rohnerville Rd, Fortuna, CA, US",40.5525756267,-124.1167584983,6,6,Western Harvest Mouse,Reithrodontomys megalotis,Western Harvest Mouse,Mammalia,44431
313266692,aff455c1-db54-4dd2-9f42-ff15a95d0d59,2025-09-11 21:30:02,2025-09-11,2025-09-12 04:30:02 UTC,Pacific Time (US & Canada),research,CC-BY-NC,https://www.inaturalist.org/observations/313266692,,https://static.inaturalist.org/sounds/1633350.m4a?1757651548,1,0,false,"Bakersfield, CA 93311, USA",34.9906940432,-119.1847780813,14,14,Tule Elk,Cervus canadensis nannodes,Tule Elk,Mammalia,566549
313281417,6083da1f-9ffc-483e-aa47-bcd33930996a,2025/09/09 3:44 PM,2025-09-09,2025-09-09 22:44:00 UTC,Pacific Time (US & Canada),research,CC-BY-NC,https://www.inaturalist.org/observations/313281417,,https://static.inaturalist.org/sounds/1633424.wav?1757659901,1,0,false,"Santa Cruz County, CA, USA",37.04091625,-122.04959863,8,8,Merriam's Chipmunk,Neotamias merriami,Merriam's Chipmunk,Mammalia,197810
313396889,ed76b2d1-7d91-4137-b788-47800b9929db,2025-09-12 11:12:39,2025-09-12,2025-09-12 18:12:39 UTC,Pacific Time (US & Canada),research,CC-BY-NC,https://www.inaturalist.org/observations/313396889,,https://static.inaturalist.org/sounds/1634058.m4a?1757706037,1,0,false,"Santa Clara County, US-CA, US",37.2012392613,-121.9750966422,17,17,Merriam's Chipmunk,Neotamias merriami,Merriam's Chipmunk,Mammalia,197810
313396937,2b840254-2de9-48f7-bf21-791ad353b2eb,2025-09-12 12:11:53,2025-09-12,2025-09-12 19:11:53 UTC,Pacific Time (US & Canada),research,CC-BY-NC,https://www.inaturalist.org/observations/313396937,,https://static.inaturalist.org/sounds/1634060.m4a?1757706049,1,0,false,"Lexington Reservoir County Park, Santa Clara County, US-CA, US",37.2008543167,-121.9743567709,12,12,Merriam's Chipmunk,Neotamias merriami,Merriam's Chipmunk,Mammalia,197810
313472055,3feecc1b-bb6a-4a29-b6d4-8570b4d79ea5,2025-09-12 19:45:38,2025-09-12,2025-09-13 02:45:38 UTC,Pacific Time (US & Canada),research,,https://www.inaturalist.org/observations/313472055,,https://static.inaturalist.org/sounds/1634357.m4a?1757731589,1,0,false,"S Carmelina Ave, Los Angeles, CA, US",34.042277312,-118.4704136981,22,22,Coyote,Canis latrans,Coyote,Mammalia,42051
313602601,1b16eb59-4afe-40ed-ab37-bfef7af4508b,2025-09-13 09:42:29-07:00,2025-09-13,2025-09-13 16:42:29 UTC,Pacific Time (US & Canada),research,CC-BY-NC,https://www.inaturalist.org/observations/313602601,,https://static.inaturalist.org/sounds/1635070.m4a?1757781803,1,0,false,"I-5 N, Sacramento, CA, US",38.582749595,-121.5033885186,9,9,Mexican Free-tailed Bat,Tadarida brasiliensis,Mexican Free-tailed Bat,Mammalia,41301
313692514,95ae7af6-e311-4028-a464-3dfbe1d07246,2025-09-13 15:25:19,2025-09-13,2025-09-13 22:25:19 UTC,Pacific Time (US & Canada),research,,https://www.inaturalist.org/observations/313692514,https://static.inaturalist.org/photos/566507305/medium.jpg,https://static.inaturalist.org/sounds/1635458.m4a?1757802437,1,0,false,"Windsor Way, Culver City, CA, US",33.985290798,-118.3821385379,35,35,Eastern Fox Squirrel,Sciurus niger,Eastern Fox Squirrel,Mammalia,46020
313716885,8a6c8ecf-f6db-4c97-9cb2-64376cc860f3,2025-09-13 17:32:24,2025-09-13,2025-09-14 00:32:24 UTC,Pacific Time (US & Canada),research,,https://www.inaturalist.org/observations/313716885,https://static.inaturalist.org/photos/566555071/medium.jpg,https://static.inaturalist.org/sounds/1635562.m4a?1757810048,1,0,false,"MONARCH BAY, CA 92629, USA",33.4595963667,-117.6929220047,8,8,California Sea Lion,Zalophus californianus,California Sea Lion,Mammalia,41740
314008586,939112e8-08c2-461a-a707-3a82671f5424,2025-09-14 18:19:07-07:00,2025-09-14,2025-09-15 01:19:07 UTC,Pacific Time (US & Canada),research,,https://www.inaturalist.org/observations/314008586,,https://static.inaturalist.org/sounds/1636871.m4a?1757899174,1,0,false,"Mount Tamalpais State Park, Mill Valley, CA, US",37.9109769405,-122.6022177961,7,7,Sonoma Chipmunk,Neotamias sonomae,Sonoma Chipmunk,Mammalia,225754
314459954,0835a8a9-716c-46ef-9d47-c6494b946657,2025/08/31 5:00 PM,2025-08-31,2025-09-01 00:00:00 UTC,Pacific Time (US & Canada),research,CC-BY-NC,https://www.inaturalist.org/observations/314459954,,https://static.inaturalist.org/sounds/1639001.wav?1758064535,1,0,false,"El Dorado County, CA, USA",38.8594940362,-120.3827676485,883,883,Douglas's Squirrel,Tamiasciurus douglasii,Douglas's Squirrel,Mammalia,46259
314477241,50ab7803-24d6-407f-a4ae-78c9d2b16978,2025-09-15 23:00:00,2025-09-15,2025-09-16 06:00:00 UTC,Pacific Time (US & Canada),research,CC-BY-NC,https://www.inaturalist.org/observations/314477241,,https://static.inaturalist.org/sounds/1639103.wav?1758071151,1,0,false,"Malibu Creek, Malibu Creek State Park, Santa Monica Mountains National Recreation Area, Los Angeles County, US-CA, US",34.0948673642,-118.7128476799,63,63,Coyote,Canis latrans,Coyote,Mammalia,42051
314490251,ca379c8f-4dac-4d41-a73f-a97c90886b98,2025-09-16 19:25:49,2025-09-16,2025-09-17 02:25:49 UTC,Pacific Time (US & Canada),research,,https://www.inaturalist.org/observations/314490251,,https://static.inaturalist.org/sounds/1639182.wav?1758075967,1,0,false,"Huntington Beach, CA 92648, USA",33.6954631,-118.047951,60,60,Coyote,Canis latrans,Coyote,Mammalia,42051
314731737,8022f06a-51ec-446e-849c-80ace55182f8,2025-05-14 20:04:34-07:00,2025-05-14,2025-05-15 03:04:34 UTC,Pacific Time (US & Canada),research,CC-BY-NC,https://www.inaturalist.org/observations/314731737,,https://static.inaturalist.org/sounds/1640199.m4a?1758174091,1,0,false,"Desert Center, CA, US",33.7768848863,-115.4052685146,7,7,Coyote,Canis latrans,Coyote,Mammalia,42051
314902343,2f6732ff-a261-4c93-bfd9-78d91d55cfad,2025/09/18 11:04 AM,2025-09-18,2025-09-18 18:04:00 UTC,Pacific Time (US & Canada),research,CC-BY-NC,https://www.inaturalist.org/observations/314902343,https://inaturalist-open-data.s3.amazonaws.com/photos/568799133/medium.jpg,https://static.inaturalist.org/sounds/1641047.wav?1758236516,2,0,false,"The Glens, San Jose, CA, USA",37.3371576329,-121.8039486851,8,8,California Ground Squirrel,Otospermophilus beecheyi,California Ground Squirrel,Mammalia,180007
315034848,724b1ea5-cf40-4e2d-bb1c-10ed3641a3f2,2025-09-18 12:33:00,2025-09-18,2025-09-18 19:33:00 UTC,Pacific Time (US & Canada),research,CC-BY-NC,https://www.inaturalist.org/observations/315034848,,https://static.inaturalist.org/sounds/1641602.wav?1758297770,1,0,false,Malibu Hindu Temple,34.0935768571,-118.7122280896,48,48,California Ground Squirrel,Otospermophilus beecheyi,California Ground Squirrel,Mammalia,180007
315205309,3f3431eb-130a-42fb-8de8-8c3248930af7,2025-09-20 03:33:00,2025-09-20,2025-09-20 10:33:00 UTC,Pacific Time (US & Canada),research,CC-BY-NC,https://www.inaturalist.org/observations/315205309,,https://static.inaturalist.org/sounds/1642325.m4a?1758364761,1,0,false,"California, US",39.4148011227,-120.9229332758,1457,28090,Mountain Lion,Puma concolor,Mountain Lion,Mammalia,42007
315356658,8fec67a7-73b9-45f4-b687-1c632e8607e7,2025-09-20 14:27:58-07:00,2025-09-20,2025-09-20 21:27:58 UTC,Pacific Time (US & Canada),research,,https://www.inaturalist.org/observations/315356658,,https://static.inaturalist.org/sounds/1642899.m4a?1758403707,2,0,false,"Santa Cruz County, US-CA, US",37.1733613472,-122.1754896648,8950,28447,California Ground Squirrel,Otospermophilus beecheyi,California Ground Squirrel,Mammalia,180007
315440567,e08f2041-df4d-4058-8cbd-2cce80ea1c03,2025-09-20 22:11:19,2025-09-20,2025-09-21 05:11:19 UTC,Pacific Time (US & Canada),research,CC-BY-NC,https://www.inaturalist.org/observations/315440567,,https://static.inaturalist.org/sounds/1643229.m4a?1758431529,1,0,false,"Division St, Los Angeles, CA, US",34.1074589924,-118.2234588612,6,6,Coyote,Canis latrans,Coyote,Mammalia,42051
315454263,4e46a229-f152-4739-8819-f7d64bfcc376,2025-09-21 00:11:30,2025-09-21,2025-09-21 07:11:30 UTC,Pacific Time (US & Canada),research,CC-BY-NC,https://www.inaturalist.org/observations/315454263,,https://static.inaturalist.org/sounds/1643278.m4a?1758438695,1,0,false,"Bloomfield Terr, Dublin, CA, US",37.7061223494,-121.9552997626,4,4,Coyote,Canis latrans,Coyote,Mammalia,42051
315927381,107b4f0d-59d0-4388-ad5d-23e744702838,2025-09-22 15:27:27,2025-09-22,2025-09-22 22:27:27 UTC,Pacific Time (US & Canada),research,CC0,https://www.inaturalist.org/observations/315927381,,https://static.inaturalist.org/sounds/1645309.m4a?1758582258,1,0,false,"Pier 39 204 Concourse, San Francisco, CA 94133, USA",37.8106596577,-122.4115116522,44,44,California Sea Lion,Zalophus californianus,California Sea Lion,Mammalia,41740
315985668,fbcabec1-f317-451b-8630-aa01ca817656,2025/09/20 12:58 PM,2025-09-20,2025-09-20 19:58:00 UTC,Pacific Time (US & Canada),research,CC-BY-NC,https://www.inaturalist.org/observations/315985668,https://inaturalist-open-data.s3.amazonaws.com/photos/570873552/medium.jpg,https://static.inaturalist.org/sounds/1645529.wav?1758607364,2,0,false,"Marin County, CA, USA",38.0157043233,-122.9768657897,34,34,Northern Elephant Seal,Mirounga angustirostris,Northern Elephant Seal,Mammalia,41728
316053779,bf8df38e-ca2d-438d-a191-248e2dcc92bb,2025-09-23 07:17:28,2025-09-23,2025-09-23 14:17:28 UTC,Pacific Time (US & Canada),research,,https://www.inaturalist.org/observations/316053779,,https://static.inaturalist.org/sounds/1645732.m4a?1758637080,1,0,false,"Los Angeles County, US-CA, US",34.4619733465,-118.5475838279,4,28818,Coyote,Canis latrans,Coyote,Mammalia,42051
316222657,2186acbd-87fa-4ab9-b5e7-11d6342c2d7e,2025/09/21 1:13 PM,2025-09-21,2025-09-21 20:13:00 UTC,Pacific Time (US & Canada),research,CC-BY-NC,https://www.inaturalist.org/observations/316222657,,https://static.inaturalist.org/sounds/1646568.wav?1758694043,2,0,false,"Marin County, CA, USA",38.1900359266,-122.9559435841,55,55,Wapiti,Cervus canadensis,Elk,Mammalia,204114
316557551,517e35a6-17d4-4159-8b8d-51124e6b4c61,2025-09-25 10:39:28,2025-09-25,2025-09-25 17:39:28 UTC,Pacific Time (US & Canada),research,CC-BY-NC,https://www.inaturalist.org/observations/316557551,https://inaturalist-open-data.s3.amazonaws.com/photos/571945691/medium.jpg,https://static.inaturalist.org/sounds/1648173.mp3?1758822288,2,0,false,"South Lake Tahoe, CA 96150, USA",38.9311666759,-119.9774160236,71,71,Douglas's Squirrel,Tamiasciurus douglasii,Douglas's Squirrel,Mammalia,46259
316678846,c4bce733-e0c5-4ae0-bf10-c2908ee8deff,2025/09/13 8:09 AM,2025-09-13,2025-09-13 15:09:00 UTC,Pacific Time (US & Canada),research,CC-BY-NC,https://www.inaturalist.org/observations/316678846,,https://static.inaturalist.org/sounds/1648722.wav?1758867714,1,0,false,"Santa Clara County, CA, USA",37.19779595,-121.98124265,18,18,Merriam's Chipmunk,Neotamias merriami,Merriam's Chipmunk,Mammalia,197810
317038976,ef472823-8fdc-47d1-ae31-be5b67241f23,2025-09-27 09:56:13,2025-09-27,2025-09-27 16:56:13 UTC,Pacific Time (US & Canada),research,CC-BY,https://www.inaturalist.org/observations/317038976,,https://static.inaturalist.org/sounds/1650446.m4a?1758997615,3,0,false,"Dunsmuir, CA, US",41.1588264352,-122.3054469964,92,92,Douglas's Squirrel,Tamiasciurus douglasii,Douglas's Squirrel,Mammalia,46259
317705878,b43ed1a3-0454-47b4-afa5-565222bbd6ef,2025-09-27 09:18:45-07:00,2025-09-27,2025-09-27 16:18:45 UTC,Pacific Time (US & Canada),research,CC-BY-NC,https://www.inaturalist.org/observations/317705878,,https://static.inaturalist.org/sounds/1653469.m4a?1759211242,1,0,false,"Yosemite National Park, Mariposa County, US-CA, US",37.8014230618,-119.4403463749,4,4,Douglas's Squirrel,Tamiasciurus douglasii,Douglas's Squirrel,Mammalia,46259
317717480,d3e6902b-e554-46e8-b792-7b36af94227b,2025-09-30 00:39:10,2025-09-30,2025-09-30 07:39:10 UTC,Pacific Time (US & Canada),research,CC-BY-NC,https://www.inaturalist.org/observations/317717480,,https://static.inaturalist.org/sounds/1653526.m4a?1759218033,1,0,false,"Valencia, Santa Clarita, CA, USA",34.40708486,-118.54232129,6,6,Coyote,Canis latrans,Coyote,Mammalia,42051
317924790,0144f847-750e-46d7-a725-522aec13a0ea,2025/09/29 1:37 PM,2025-09-29,2025-09-29 20:37:00 UTC,Pacific Time (US & Canada),research,,https://www.inaturalist.org/observations/317924790,https://static.inaturalist.org/photos/574532155/medium.jpg,https://static.inaturalist.org/sounds/1654311.wav?1759292584,1,0,false,"Morongo Valley, CA 92256, USA",34.0443554931,-116.5698202378,2,2,White-tailed Antelope Squirrel,Ammospermophilus leucurus,White-tailed Antelope Squirrel,Mammalia,46255
317938228,56ac3bcd-97f9-41fd-984f-e62a08e6c170,2025-09-30 23:39:18-07:00,2025-09-30,2025-10-01 06:39:18 UTC,Pacific Time (US & Canada),research,CC-BY-NC,https://www.inaturalist.org/observations/317938228,,https://static.inaturalist.org/sounds/1654346.m4a?1759300813,2,0,false,"Spotsylvania Ct, Marina, CA, US",36.6564960847,-121.7701809195,8,8,Coyote,Canis latrans,Coyote,Mammalia,42051
318088255,94f2d704-f0a8-4b33-bac8-22bfeec6c167,2025/10/01 9:00 AM,2025-10-01,2025-10-01 16:00:00 UTC,Pacific Time (US & Canada),research,CC-BY-NC,https://www.inaturalist.org/observations/318088255,https://inaturalist-open-data.s3.amazonaws.com/photos/574842679/medium.jpg,https://static.inaturalist.org/sounds/1655021.wav?1759358718,1,0,false,"Evergreen, San Jose, CA, USA",37.3129852077,-121.7667694519,1,1,Eastern Gray Squirrel,Sciurus carolinensis,Eastern Gray Squirrel,Mammalia,46017
318125414,200d7c97-26b8-43f3-9fa6-f251235f08a2,2025-10-01 20:09:12,2025-10-01,2025-10-02 03:09:12 UTC,Pacific Time (US & Canada),research,,https://www.inaturalist.org/observations/318125414,,https://static.inaturalist.org/sounds/1655183.wav?1759374652,1,0,false,"Huntington Beach, CA 92648, USA",33.6964084,-118.0485406,47,47,Coyote,Canis latrans,Coyote,Mammalia,42051
318634584,85a99252-0e98-4c20-88da-a136bb1642f1,2025-10-04 07:42:34,2025-10-04,2025-10-04 14:42:34 UTC,Pacific Time (US & Canada),research,CC-BY-NC,https://www.inaturalist.org/observations/318634584,,https://static.inaturalist.org/sounds/1657397.m4a?1759588980,1,0,false,"Fishermans Wharf, Monterey, CA, US",36.6051652345,-121.8919825907,6,6,California Sea Lion,Zalophus californianus,California Sea Lion,Mammalia,41740
318746578,9a601c6f-969b-4e8f-b0b2-b62a668137cb,2025-10-04 15:57:26-07:00,2025-10-04,2025-10-04 22:57:26 UTC,Pacific Time (US & Canada),research,,https://www.inaturalist.org/observations/318746578,https://static.inaturalist.org/photos/576108421/medium.jpg,https://static.inaturalist.org/sounds/1657876.m4a?1759618772,2,0,false,"Fresno County, US-CA, US",36.99054094,-119.7850583814,106,28476,Squirrels,Sciurus niger,Eastern Fox Squirrel,Mammalia,46020
318816650,c2178e4b-7ac4-4578-9964-8fe260f81f26,2025-10-04 23:16:28,2025-10-04,2025-10-05 06:16:28 UTC,Pacific Time (US & Canada),research,CC-BY-NC,https://www.inaturalist.org/observations/318816650,,https://static.inaturalist.org/sounds/1658090.m4a?1759645019,1,0,false,"McCauley Rd, Valley Springs, CA, US",38.1237184845,-120.8537774996,35,35,Coyote,Canis latrans,Coyote,Mammalia,42051
318911952,7c2eb0de-3bff-45b5-948a-991ceebd603b,2025/10/05 9:11 AM,2025-10-05,2025-10-05 16:11:00 UTC,Pacific Time (US & Canada),research,CC-BY-NC,https://www.inaturalist.org/observations/318911952,,https://static.inaturalist.org/sounds/1658479.mpga?1759680690,4,1,false,"Sonoma County, CA, USA",38.3613966529,-122.7786944912,1516,1516,Coyote,Canis latrans,Coyote,Mammalia,42051
318936900,5149d863-ef5b-4247-9c34-5cbd484c02b1,2025-10-05 10:48:35,2025-10-05,2025-10-05 17:48:35 UTC,Pacific Time (US & Canada),research,CC-BY-NC,https://www.inaturalist.org/observations/318936900,https://inaturalist-open-data.s3.amazonaws.com/photos/576480001/medium.jpg,https://static.inaturalist.org/sounds/1658575.m4a?1759686650,2,0,false,"California, US",37.4843833051,-121.8263458886,15,28388,Eastern Fox Squirrel,Sciurus niger,Eastern Fox Squirrel,Mammalia,46020
319077564,9d0860fd-fc4a-4daa-b055-8b6b6cf30df8,2025-10-05 22:42:00,2025-10-05,2025-10-06 05:42:00 UTC,Pacific Time (US & Canada),research,CC-BY-NC,https://www.inaturalist.org/observations/319077564,,https://static.inaturalist.org/sounds/1659260.wav?1759729391,2,0,false,"Highland Park, Los Angeles, CA, USA",34.1016127753,-118.2020518184,67,67,Coyote,Canis latrans,Coyote,Mammalia,42051
319244992,dea99ace-7b42-4563-805d-58ef94f4366e,2025/08/27 7:51 PM,2025-08-27,2025-08-28 02:51:00 UTC,Pacific Time (US & Canada),research,CC-BY-NC,https://www.inaturalist.org/observations/319244992,,https://static.inaturalist.org/sounds/1659949.m4a?1759790511,1,0,false,"Imperial County, CA, USA",33.1779614486,-115.6157684329,61,61,Coyote,Canis latrans,Coyote,Mammalia,42051
319438993,a05963e5-1595-412c-8191-0fddbcdd76ac,2025-10-07 09:43:00,2025-10-07,2025-10-07 16:43:00 UTC,Pacific Time (US & Canada),research,CC-BY-NC,https://www.inaturalist.org/observations/319438993,,https://static.inaturalist.org/sounds/1660933.m4a?1759871394,1,0,false,"Carmichael, CA 95608, USA",38.6136553132,-121.3073913753,39,39,California Ground Squirrel,Otospermophilus beecheyi,California Ground Squirrel,Mammalia,180007
319604095,3407ea59-585a-430d-abb3-fb1eb7940793,2025-10-08 10:40:00,2025-10-08,2025-10-08 17:40:00 UTC,Pacific Time (US & Canada),research,CC-BY-NC,https://www.inaturalist.org/observations/319604095,,https://static.inaturalist.org/sounds/1661725.wav?1759945389,1,0,false,"Library/Ed. Tech. Center (LE), San Jose, CA 95135, USA",37.3019373517,-121.7660259828,8,8,California Ground Squirrel,Otospermophilus beecheyi,California Ground Squirrel,Mammalia,180007
319648626,bec973cd-9a61-4a77-8cf3-b89ab4eeca38,2025/10/08 12:24 PM,2025-10-08,2025-10-08 19:24:00 UTC,Pacific Time (US & Canada),research,CC-BY-NC,https://www.inaturalist.org/observations/319648626,https://inaturalist-open-data.s3.amazonaws.com/photos/577833688/medium.jpg,https://static.inaturalist.org/sounds/1661876.wav?1759961209,2,0,false,"Stonegate, San Jose, CA, USA",37.3012104438,-121.8276543787,2,2,Eastern Fox Squirrel,Sciurus niger,Eastern Fox Squirrel,Mammalia,46020
319710223,f705e044-d2ec-46b0-aaaa-af30fb19b94f,2025-10-08 23:21:30-07:00,2025-10-08,2025-10-09 06:21:30 UTC,Pacific Time (US & Canada),research,CC-BY-NC,https://www.inaturalist.org/observations/319710223,,https://static.inaturalist.org/sounds/1662255.m4a?1759990917,1,0,false,"Brookwood Dr, Santa Cruz, CA, US",36.9918552957,-121.9879832697,9,9,Coyote,Canis latrans,Coyote,Mammalia,42051
319844879,a98389a9-67fb-4380-805d-b26a21dad9ac,2025-10-09 14:54:52,2025-10-09,2025-10-09 21:54:52 UTC,Pacific Time (US & Canada),research,CC-BY-NC,https://www.inaturalist.org/observations/319844879,,https://static.inaturalist.org/sounds/1662835.m4a?1760046918,1,0,false,"Coast Blvd, San Diego, CA, US",32.8501641349,-117.2730511851,34,34,California Sea Lion,Zalophus californianus,California Sea Lion,Mammalia,41740
319870549,462dea78-19cb-48c6-8f1a-8131e028fab6,2025-10-09 14:39:49,2025-10-09,2025-10-09 21:39:49 UTC,Pacific Time (US & Canada),research,,https://www.inaturalist.org/observations/319870549,https://static.inaturalist.org/photos/578263608/medium.jpg,https://static.inaturalist.org/sounds/1662960.m4a?1760058056,3,0,false,"Bayview St, Arcata, CA, US",40.8728734637,-124.074080838,4,4,Douglas's Squirrel,Tamiasciurus douglasii,Douglas's Squirrel,Mammalia,46259
319890636,39f2f8d2-1631-451b-813f-d0b527849941,2025/10/02 9:51 PM,2025-10-02,2025-10-03 04:51:00 UTC,Pacific Time (US & Canada),research,CC-BY-NC,https://www.inaturalist.org/observations/319890636,https://inaturalist-open-data.s3.amazonaws.com/photos/578298161/medium.jpg,https://static.inaturalist.org/sounds/1663003.wav?1760066522,1,0,false,"San Benito County, CA, USA",36.47679188,-121.15759017,,,Western Mastiff Bat,Eumops perotis californicus,Western Mastiff Bat,Mammalia,197970
320063336,69b49cb3-b0e4-4fbf-81c9-e6d1d5056508,2025-09-27 18:27:46,2025-09-27,2025-09-28 01:27:46 UTC,Pacific Time (US & Canada),research,,https://www.inaturalist.org/observations/320063336,,https://static.inaturalist.org/sounds/1663860.m4a?1760141996,2,0,false,"Carrizo Plain National Monument, San Luis Obispo County, US-CA, US",35.1457373253,-119.8613544467,3,3,Coyote,Canis latrans,Coyote,Mammalia,42051
320082549,85505d2b-92c9-47b2-a884-4d2cb5b52d85,2025-10-10 15:47:16-07:00,2025-10-10,2025-10-10 22:47:16 UTC,Pacific Time (US & Canada),research,CC-BY-NC,https://www.inaturalist.org/observations/320082549,,https://static.inaturalist.org/sounds/1663926.m4a?1760150864,1,0,false,"The Forest of Nisene Marks, The Forest of Nisene Marks State Park, Santa Cruz County, US-CA, US",37.0064693921,-121.9079401662,4,4,Western Gray Squirrel,Sciurus griseus,Western Gray Squirrel,Mammalia,46023
320220202,4fde96a8-8db9-4fb7-9b2d-70611bbec4e3,2025-10-11 11:32:58-07:00,2025-10-11,2025-10-11 18:32:58 UTC,Pacific Time (US & Canada),research,CC-BY-NC,https://www.inaturalist.org/observations/320220202,https://inaturalist-open-data.s3.amazonaws.com/photos/578936322/medium.jpg,https://static.inaturalist.org/sounds/1664654.m4a?1760207780,2,0,false,"Heintz Open Space, Los Gatos, CA, US",37.2290487134,-121.9262641168,6,6,Merriam's Chipmunk,Neotamias merriami,Merriam's Chipmunk,Mammalia,197810
320699117,fc05bfd8-2b18-4aa8-b083-4d07b0df430a,2025/10/10 10:26 PM,2025-10-10,2025-10-11 05:26:00 UTC,Pacific Time (US & Canada),research,CC-BY-NC,https://www.inaturalist.org/observations/320699117,,https://static.inaturalist.org/sounds/1666888.wav?1760382080,1,0,false,"Monterey, CA, USA",36.6088421094,-121.8910510382,2100,2100,California Sea Lion,Zalophus californianus,California Sea Lion,Mammalia,41740
320959259,2e36996c-dc25-49a4-bd14-fbea6f9ac4b8,2025/10/11 5:31 PM,2025-10-11,2025-10-12 00:31:00 UTC,Pacific Time (US & Canada),research,CC-BY-NC,https://www.inaturalist.org/observations/320959259,https://inaturalist-open-data.s3.amazonaws.com/photos/580361526/medium.jpg,https://static.inaturalist.org/sounds/1667927.wav?1760484542,1,0,false,"Monterey, CA, USA",36.6086642897,-121.8903334077,67,67,California Sea Lion,Zalophus californianus,California Sea Lion,Mammalia,41740
321106061,b882af0a-6176-41d3-a8e8-ed7fb0fc5234,2025-10-15 13:33:15-07:00,2025-10-15,2025-10-15 20:33:15 UTC,Pacific Time (US & Canada),research,CC-BY,https://www.inaturalist.org/observations/321106061,,https://static.inaturalist.org/sounds/1668680.m4a?1760560408,1,0,false,"Lime Ridge Open Space, Walnut Creek, CA, US",37.9372398545,-121.9926200507,164,164,California Ground Squirrel,Otospermophilus beecheyi,California Ground Squirrel,Mammalia,180007
321141483,1ab1d543-5c13-4c43-886f-0dbd610f6a90,2025/10/14 10:13 AM,2025-10-14,2025-10-14 17:13:00 UTC,Pacific Time (US & Canada),research,,https://www.inaturalist.org/observations/321141483,https://static.inaturalist.org/photos/580734441/medium.jpg,https://static.inaturalist.org/sounds/1668870.m4a?1760572531,1,0,false,"Walnut Creek, CA, USA",37.8966027778,-122.0560305556,5,5,California Ground Squirrel,Otospermophilus beecheyi,California Ground Squirrel,Mammalia,180007
321180370,a1f076a2-7f01-48bc-986a-6e8d9661b354,2025/10/15 5:48 PM,2025-10-15,2025-10-16 00:48:00 UTC,Pacific Time (US & Canada),research,CC-BY-NC,https://www.inaturalist.org/observations/321180370,,https://static.inaturalist.org/sounds/1669106.mp3?1760594651,1,0,false,"Santa Barbara County, CA, USA",34.41737991,-119.8747188383,24,24,Coyote,Canis latrans,Coyote,Mammalia,42051
321963621,2738032e-67b5-4cc9-8c6f-e2d94523bb31,2025-10-19 17:57:04,2025-10-19,2025-10-20 00:57:04 UTC,Pacific Time (US & Canada),research,CC-BY-NC,https://www.inaturalist.org/observations/321963621,,https://static.inaturalist.org/sounds/1672517.m4a?1760921902,1,0,false,"Santa Barbara, CA, US",34.5574550409,-119.9473906865,54,54,Merriam's Chipmunk,Neotamias merriami,Merriam's Chipmunk,Mammalia,197810
322013243,63d75675-9d1e-4ea6-8a58-4061526c3245,2025-10-20 01:37:29-07:00,2025-10-20,2025-10-20 08:37:29 UTC,Pacific Time (US & Canada),research,CC-BY-NC,https://www.inaturalist.org/observations/322013243,,https://static.inaturalist.org/sounds/1672737.m4a?1760949481,2,0,false,"Bear Creek Rd, Boulder Creek, CA, US",37.1311307189,-122.1114951453,10,10,Gray Fox,Urocyon cinereoargenteus,Gray Fox,Mammalia,42076
322170214,d27b9d7d-6b03-4ed8-b51b-3394b3120535,2025/10/20 11:01 AM,2025-10-20,2025-10-20 18:01:00 UTC,Pacific Time (US & Canada),research,CC-BY-NC,https://www.inaturalist.org/observations/322170214,https://inaturalist-open-data.s3.amazonaws.com/photos/582748933/medium.jpg,https://static.inaturalist.org/sounds/1673572.wav?1761013901,1,0,false,"Willow Glen, San Jose, CA, USA",37.2788533647,-121.8999511079,2,2,Eastern Gray Squirrel,Sciurus carolinensis,Eastern Gray Squirrel,Mammalia,46017
322171411,c972a356-5911-49e4-8895-99709cd82b89,2025/09/08 12:32 PM,2025-09-08,2025-09-08 19:32:00 UTC,Pacific Time (US & Canada),research,CC-BY-NC,https://www.inaturalist.org/observations/322171411,,https://static.inaturalist.org/sounds/1673619.m4a?1761017726,1,0,false,"Fetters Hot Springs-Agua Caliente, CA 95476, USA",38.3306368704,-122.4831858664,15,15,Coyote,Canis latrans,Coyote,Mammalia,42051
322176053,53a4761a-87ba-4e72-a991-281562500723,2025-10-20 18:51:15,2025-10-20,2025-10-21 01:51:15 UTC,Pacific Time (US & Canada),research,CC-BY-NC,https://www.inaturalist.org/observations/322176053,,https://static.inaturalist.org/sounds/1673637.m4a?1761020363,1,0,false,"Jamestown, CA, US",37.9360542375,-120.515929796,4,4,Coyote,Canis latrans,Coyote,Mammalia,42051
322429063,9b36d98f-4516-4b4b-94ff-399a724d2cdb,2025-10-22 09:33:00,2025-10-22,2025-10-22 16:33:00 UTC,Pacific Time (US & Canada),research,CC-BY-NC,https://www.inaturalist.org/observations/322429063,,https://static.inaturalist.org/sounds/1674802.wav?1761151021,1,0,false,"Cadwallader, San Jose, CA, USA",37.3012634068,-121.7896361277,16,16,California Ground Squirrel,Otospermophilus beecheyi,California Ground Squirrel,Mammalia,180007
322973473,93cd60b8-9f22-4ff7-af9d-f7082544adab,2025/10/21 12:09 PM,2025-10-21,2025-10-21 19:09:00 UTC,Pacific Time (US & Canada),research,CC-BY-NC,https://www.inaturalist.org/observations/322973473,https://inaturalist-open-data.s3.amazonaws.com/photos/584352769/medium.jpg,https://static.inaturalist.org/sounds/1677323.m4a?1761403464,1,0,false,"Shasta County, CA, USA",40.5310843245,-121.5679129783,22,22,Douglas's Squirrel,Tamiasciurus douglasii,Douglas's Squirrel,Mammalia,46259
323718024,5af39cf6-61f9-41b3-a7ed-af2cb2d61eed,2025-10-22 21:57:08,2025-10-22,2025-10-23 04:57:08 UTC,Pacific Time (US & Canada),research,CC-BY-NC,https://www.inaturalist.org/observations/323718024,,https://static.inaturalist.org/sounds/1680855.m4a?1761685345,2,0,false,"Manteca, CA, US",37.6993388563,-121.1817247601,3,3,Coyote,Canis latrans,Coyote,Mammalia,42051
323768771,e5190c61-a346-47d1-aa5f-dc5e5e0e48fe,2025-10-28 17:41:43-07:00,2025-10-28,2025-10-29 00:41:43 UTC,Pacific Time (US & Canada),research,CC-BY-NC,https://www.inaturalist.org/observations/323768771,https://inaturalist-open-data.s3.amazonaws.com/photos/585896725/medium.jpg,https://static.inaturalist.org/sounds/1681126.m4a?1761713043,2,0,false,"Devereux Lagoon, Goleta, CA, US",34.4151434999,-119.8757413042,317,317,Coyote,Canis latrans,Coyote,Mammalia,42051
323798347,047f114c-3d63-4d0f-9206-362f6ad47f31,2025/10/29 2:06 AM,2025-10-29,2025-10-29 09:06:00 UTC,Pacific Time (US & Canada),research,CC-BY-NC,https://www.inaturalist.org/observations/323798347,,https://static.inaturalist.org/sounds/1681237.m4a?1761731015,2,0,false,"San Luis Obispo County, US-CA, US",35.2503207904,-120.8781065422,500,28706,Gray Fox,Urocyon cinereoargenteus,Gray Fox,Mammalia,42076
323945432,13c65b52-eef5-4075-b9e2-a81685667556,2025-10-29 21:13:06-07:00,2025-10-29,2025-10-30 04:13:06 UTC,Pacific Time (US & Canada),research,CC-BY,https://www.inaturalist.org/observations/323945432,,https://static.inaturalist.org/sounds/1681831.m4a?1761797689,1,0,false,"Ivy St, Glendale, CA, US",34.1455387293,-118.2680181514,3,3,Common Raccoon,Procyon lotor,Common Raccoon,Mammalia,41663
324035694,9fed9faf-4e4c-4fce-8f6f-931f464ba2a3,2025-10-30 10:03:25,2025-10-30,2025-10-30 17:03:25 UTC,Pacific Time (US & Canada),research,CC-BY-NC,https://www.inaturalist.org/observations/324035694,,https://static.inaturalist.org/sounds/1682162.m4a?1761853739,1,0,false,"John Nicholas Trail, Saratoga, CA, US",37.2151143946,-122.0453482423,4,4,Western Gray Squirrel,Sciurus griseus,Western Gray Squirrel,Mammalia,46023
324066725,bba62a84-b4a6-4e3e-91dd-4c15ca1efa78,2025/10/30 12:52 PM,2025-10-30,2025-10-30 19:52:00 UTC,Pacific Time (US & Canada),research,CC-BY-NC,https://www.inaturalist.org/observations/324066725,,https://static.inaturalist.org/sounds/1682304.wav?1761866319,1,0,false,"Evergreen, San Jose, CA, USA",37.2903388365,-121.7665699112,111,111,California Ground Squirrel,Otospermophilus beecheyi,California Ground Squirrel,Mammalia,180007
324572130,a4b8ee90-4b8c-4fb0-abfa-d49c95196385,2025/10/26 2:17 PM,2025-10-26,2025-10-26 21:17:00 UTC,Pacific Time (US & Canada),research,CC-BY-NC,https://www.inaturalist.org/observations/324572130,,https://static.inaturalist.org/sounds/1684757.mp3?1762112536,1,0,false,"La Jolla, San Diego, CA, USA",32.8503475009,-117.273366603,563,563,California Sea Lion,Zalophus californianus,California Sea Lion,Mammalia,41740
324572133,56cd06d4-a5bd-480f-8fd9-6dfc16b0674d,2025/10/26 2:17 PM,2025-10-26,2025-10-26 21:17:00 UTC,Pacific Time (US & Canada),research,CC-BY-NC,https://www.inaturalist.org/observations/324572133,,https://static.inaturalist.org/sounds/1684761.mp3?1762112537,1,0,false,"La Jolla, San Diego, CA, USA",32.8503475009,-117.273366603,563,563,California Sea Lion,Zalophus californianus,California Sea Lion,Mammalia,41740
324796892,f10f1182-71dc-4afb-b696-b4c296f7682f,2025/11/03 8:47 AM,2025-11-03,2025-11-03 16:47:00 UTC,Pacific Time (US & Canada),research,CC-BY-NC,https://www.inaturalist.org/observations/324796892,,https://static.inaturalist.org/sounds/1685716.wav?1762215938,1,0,false,"California Oak Creek, San Jose, CA, USA",37.2684171554,-121.7383376752,55,55,California Ground Squirrel,Otospermophilus beecheyi,California Ground Squirrel,Mammalia,180007
324817867,0792ac1e-45fd-433a-b3e4-eb4650446b5d,2025-11-03 11:17:48,2025-11-03,2025-11-03 19:17:48 UTC,Pacific Time (US & Canada),research,CC-BY-NC,https://www.inaturalist.org/observations/324817867,,https://static.inaturalist.org/sounds/1685852.m4a?1762229064,1,0,false,"Redwood City, CA, US",37.3946115623,-122.2744994382,4,4,Western Gray Squirrel,Sciurus griseus,Western Gray Squirrel,Mammalia,46023
324980948,7e06f078-c335-4d98-8d0f-67b7f81342df,2025-11-04 20:36:12-08:00,2025-11-04,2025-11-05 04:36:12 UTC,Pacific Time (US & Canada),research,CC-BY-NC,https://www.inaturalist.org/observations/324980948,,https://static.inaturalist.org/sounds/1686631.m4a?1762317397,1,0,false,"Skye Ct, Granite Bay, CA, US",38.7270516072,-121.1884653936,11,11,Coyote,Canis latrans,Coyote,Mammalia,42051
325228785,51f708ce-553f-4cf1-8024-42c2c0ef9664,2025-11-06 01:12:37,2025-11-06,2025-11-06 09:12:37 UTC,Pacific Time (US & Canada),research,CC-BY-NC,https://www.inaturalist.org/observations/325228785,,https://static.inaturalist.org/sounds/1687788.m4a?1762457785,1,0,false,"Division St, Los Angeles, CA, US",34.1074506232,-118.2234604164,5,5,Coyote,Canis latrans,Coyote,Mammalia,42051
325800002,a0832746-f48e-4aab-806f-cf6a77a8c9dc,2025-11-09 17:45:00,2025-11-09,2025-11-10 01:45:00 UTC,Pacific Time (US & Canada),research,CC-BY-NC,https://www.inaturalist.org/observations/325800002,,https://static.inaturalist.org/sounds/1690501.wav?1762739971,1,0,false,"Santa Fe Dam Recreation Area, Los Angeles County, US-CA, US",34.1169345432,-117.945298031,156,156,Coyote,Canis latrans,Coyote,Mammalia,42051
325814684,c380209a-b2a8-4d9f-96bd-e27144c548f1,2025/09/19 9:35 PM,2025-09-19,2025-09-20 04:35:00 UTC,Pacific Time (US & Canada),research,,https://www.inaturalist.org/observations/325814684,https://static.inaturalist.org/photos/589975587/medium.jpg,https://static.inaturalist.org/sounds/1690573.m4a?1762746714,2,0,false,"Ventura County, US-CA, US",34.4543010228,-119.0772777442,316,28818,California Black Bear,Ursus americanus californiensis,California Black Bear,Mammalia,126772
325963322,d3b9bc24-2ec3-46fd-8910-0b00e1f39bb1,2025/11/10 5:21 PM,2025-11-10,2025-11-11 01:21:00 UTC,Pacific Time (US & Canada),research,,https://www.inaturalist.org/observations/325963322,,https://static.inaturalist.org/sounds/1691223.wav?1762827710,1,0,false,"Griffith Park, CA, USA",34.1193207503,-118.3025219323,52,52,Coyote,Canis latrans,Coyote,Mammalia,42051
325965070,f9697281-aa53-429b-9e32-b31679917cd6,2025-11-10 18:36:41-08:00,2025-11-10,2025-11-11 02:36:41 UTC,Pacific Time (US & Canada),research,CC-BY-NC,https://www.inaturalist.org/observations/325965070,,https://static.inaturalist.org/sounds/1691229.m4a?1762828616,1,0,false,"Carquinez Strait Regional Shoreline, Martinez, CA, US",38.0498012229,-122.1961397492,5,5,Coyote,Canis latrans,Coyote,Mammalia,42051
325974546,9fadd042-406a-499a-b982-1cd3836e7799,2025-11-10 18:35:20-08:00,2025-11-10,2025-11-11 02:35:20 UTC,Pacific Time (US & Canada),research,CC-BY-NC,https://www.inaturalist.org/observations/325974546,,https://static.inaturalist.org/sounds/1691246.m4a?1762834143,1,0,false,"Carquinez Strait Regional Shoreline, Martinez, CA, US",38.0498117455,-122.1962529377,7,7,Canis latrans,Canis latrans,Coyote,Mammalia,42051
326140858,5490480f-8552-4b8d-a499-c4f3db6f7aee,2025-11-11 21:02:45-08:00,2025-11-11,2025-11-12 05:02:45 UTC,Pacific Time (US & Canada),research,CC-BY-NC,https://www.inaturalist.org/observations/326140858,,https://static.inaturalist.org/sounds/1692017.m4a?1762923786,1,0,false,"Hortensia St, San Diego, CA, US",32.7526383546,-117.1877720326,30,30,Coyote,Canis latrans,Coyote,Mammalia,42051
326194947,d46c8652-c414-4e5e-9287-81e333e7a877,2025/11/12 1:20 AM,2025-11-12,2025-11-12 09:20:00 UTC,Pacific Time (US & Canada),research,CC-BY-NC,https://www.inaturalist.org/observations/326194947,,https://static.inaturalist.org/sounds/1692303.m4a?1762963474,1,0,false,"Aliso Viejo, CA, USA",33.5823854287,-117.7314647609,31,31,Coyote,Canis latrans,Coyote,Mammalia,42051
326441836,70c29eef-059c-4974-984e-e7343bb35ca0,2025-11-14 00:00,2025-11-14,2025-11-14 08:00:00 UTC,Pacific Time (US & Canada),research,CC-BY-NC,https://www.inaturalist.org/observations/326441836,,https://static.inaturalist.org/sounds/1693904.wav?1763147956,1,0,false,"California, US",37.3131112625,-121.8967138936,40,28417,Domestic Cat,Felis catus,Domestic Cat,Mammalia,118552
326840006,f3194794-a769-45ad-ba84-4764fe40a9b3,2025-11-04 08:01:18,2025-11-04,2025-11-04 16:01:18 UTC,Pacific Time (US & Canada),research,,https://www.inaturalist.org/observations/326840006,,https://static.inaturalist.org/sounds/1694774.m4a?1763322165,1,0,false,"Yorktown Ct, Marina, CA, US",36.6630586144,-121.7669471541,3,3,Coyote,Canis latrans,Coyote,Mammalia,42051
327044103,b6a45c7a-1ef5-4145-81d5-55304e02edc3,2025/11/17 11:54 AM,2025-11-17,2025-11-17 19:54:00 UTC,Pacific Time (US & Canada),research,CC-BY-NC,https://www.inaturalist.org/observations/327044103,https://inaturalist-open-data.s3.amazonaws.com/photos/592424096/medium.jpg,https://static.inaturalist.org/sounds/1696858.wav?1763428601,1,0,false,"The Glens, San Jose, CA, USA",37.340026837,-121.8071087729,8,8,California Ground Squirrel,Otospermophilus beecheyi,California Ground Squirrel,Mammalia,180007
327728510,304b63f5-74db-4cd7-9df8-6b4a80f2348b,2025-11-22 13:19:56,2025-11-22,2025-11-22 21:19:56 UTC,Pacific Time (US & Canada),research,CC-BY-NC,https://www.inaturalist.org/observations/327728510,,https://static.inaturalist.org/sounds/1700004.m4a?1763846483,1,0,false,"Central Dr, Los Altos Hills, CA, US",37.3621883559,-122.1631997032,9,9,Coyote,Canis latrans,Coyote,Mammalia,42051
327786778,683b37bb-b43b-4429-94a9-506140e1e285,2025-11-22 19:14:39,2025-11-22,2025-11-23 03:14:39 UTC,Pacific Time (US & Canada),research,CC-BY-NC,https://www.inaturalist.org/observations/327786778,,https://static.inaturalist.org/sounds/1700255.m4a?1763867697,2,0,false,"Division St, Los Angeles, CA, US",34.1074504263,-118.2234630929,5,5,Coyote,Canis latrans,Coyote,Mammalia,42051
328124189,0224fe3e-bfca-4e02-aee4-12cd71f0af49,2024-12-28,2024-12-28,,Pacific Time (US & Canada),research,,https://www.inaturalist.org/observations/328124189,,https://static.inaturalist.org/sounds/1702110.wav?1764028283,1,0,false,"Santo Rd & Orleck St, San Diego, CA 92124, USA",32.8194458182,-117.1055684611,530,530,Coyote,Canis latrans,Coyote,Mammalia,42051
328145731,a60f70cb-0974-40e9-bfd7-f682c78461ea,2025/11/23 8:58 PM,2025-11-23,2025-11-24 04:58:00 UTC,Pacific Time (US & Canada),research,CC-BY-NC,https://www.inaturalist.org/observations/328145731,,https://static.inaturalist.org/sounds/1702247.m4a?1764039517,1,0,false,"San Benito County, CA, USA",36.4922057252,-121.1501558368,244,244,Coyote,Canis latrans,Coyote,Mammalia,42051
328309572,05d3949a-113d-47bf-a27a-17c33118e3fe,2025/11/23 9:12 AM,2025-11-23,2025-11-23 17:12:00 UTC,Pacific Time (US & Canada),research,CC-BY,https://www.inaturalist.org/observations/328309572,https://inaturalist-open-data.s3.amazonaws.com/photos/594893548/medium.jpg,https://static.inaturalist.org/sounds/1702912.m4a?1764136380,4,0,false,"Fremont, CA, USA",37.5227613255,-121.8931932838,,,Coyote,Canis latrans,Coyote,Mammalia,42051
328558140,4abb0158-4780-4697-959f-dcc4bbb7e884,2025-11-27 15:06:25-08:00,2025-11-27,2025-11-27 23:06:25 UTC,Pacific Time (US & Canada),research,CC-BY-NC,https://www.inaturalist.org/observations/328558140,https://inaturalist-open-data.s3.amazonaws.com/photos/595398117/medium.jpg,https://static.inaturalist.org/sounds/1704155.m4a?1764290740,5,0,false,"Pala, CA, US",33.3515853211,-117.0299746081,902,902,Coyote,Canis latrans,Coyote,Mammalia,42051
328559350,0b1cd5f4-b8a9-450f-a252-db5b13eae24a,2025-11-26 09:43:45,2025-11-26,2025-11-26 17:43:45 UTC,Pacific Time (US & Canada),research,CC-BY-NC,https://www.inaturalist.org/observations/328559350,,https://static.inaturalist.org/sounds/1704165.m4a?1764291496,1,0,false,"John Nicholas Trail, Los Gatos, CA, US",37.2101446851,-122.0426285529,4,4,Merriam's Chipmunk,Neotamias merriami,Merriam's Chipmunk,Mammalia,197810
328858513,724917b7-d72d-466c-9e3e-81f4ddae4da8,2025/11/19 3:51 PM,2025-11-19,2025-11-19 23:51:00 UTC,Pacific Time (US & Canada),research,CC0,https://www.inaturalist.org/observations/328858513,https://inaturalist-open-data.s3.amazonaws.com/photos/596003447/medium.jpg,https://static.inaturalist.org/sounds/1705590.m4a?1764471745,2,0,false,"Marin County, CA, USA",38.006359846,-122.9830895838,200,200,Northern Elephant Seal,Mirounga angustirostris,Northern Elephant Seal,Mammalia,41728
329290836,8a19d914-13e1-46b3-9396-205c2fcad9cd,2025-11-30 19:02:24-08:00,2025-11-30,2025-12-01 03:02:24 UTC,Pacific Time (US & Canada),research,CC-BY-NC,https://www.inaturalist.org/observations/329290836,,https://static.inaturalist.org/sounds/1708140.m4a?1764737313,1,0,false,"Joshua Tree National Park, Riverside County, US-CA, US",33.9848978543,-116.0164361818,204,204,Coyote,Canis latrans,Coyote,Mammalia,42051
329298525,5f7d6f2e-b808-42f8-97f6-c9df27278233,2025/11/28 9:28 AM,2025-11-28,2025-11-28 17:28:00 UTC,Pacific Time (US & Canada),research,CC-BY-NC,https://www.inaturalist.org/observations/329298525,,https://static.inaturalist.org/sounds/1708148.wav?1764738196,1,0,false,"Point Reyes National Seashore, Marin, California, United States",38.0261191,-122.80099992,25,25,Western Gray Squirrel,Sciurus griseus,Western Gray Squirrel,Mammalia,46023
329416531,bf943a2c-5bf4-4f1f-8189-63f2fa97b8e9,2025/11/30 7:52 AM,2025-11-30,2025-11-30 15:52:00 UTC,Pacific Time (US & Canada),research,CC-BY-NC-ND,https://www.inaturalist.org/observations/329416531,,https://static.inaturalist.org/sounds/1708781.wav?1764825080,1,0,false,"Santa Cruz County, CA, USA",37.25722778,-122.12732778,8,8,Western Gray Squirrel,Sciurus griseus,Western Gray Squirrel,Mammalia,46023
329790901,f14741e5-43a8-48d2-ac22-65398f1a86e6,2025-12-06 20:31:00,2025-12-06,2025-12-07 04:31:00 UTC,Pacific Time (US & Canada),research,CC-BY-NC,https://www.inaturalist.org/observations/329790901,,https://static.inaturalist.org/sounds/1710553.wav?1765082218,2,0,false,"Echo Park Ave & Ewing St (Southbound), Los Angeles, CA 90026, USA",34.0883291108,-118.2531971857,29,29,Coyote,Canis latrans,Coyote,Mammalia,42051
330190779,c8837abf-201f-41ab-b5da-74f91a09ccd6,2025/12/07 4:32 AM,2025-12-07,2025-12-07 12:32:00 UTC,Pacific Time (US & Canada),research,CC-BY-NC,https://www.inaturalist.org/observations/330190779,,https://static.inaturalist.org/sounds/1712541.m4a?1765344769,2,0,false,"Marin County, CA, USA",37.9704020892,-122.7906689931,122,122,Coyote,Canis latrans,Coyote,Mammalia,42051
330288890,00a41fa8-f25c-4d8a-85bf-4247f8353e49,2025-12-10 17:29:12-08:00,2025-12-10,2025-12-11 01:29:12 UTC,Pacific Time (US & Canada),research,CC-BY-NC,https://www.inaturalist.org/observations/330288890,,https://static.inaturalist.org/sounds/1713115.m4a?1765416600,1,0,false,"The Huntington, San Marino, CA, US",34.1296342318,-118.1139100968,15,15,Coyote,Canis latrans,Coyote,Mammalia,42051
330419656,a484cc03-2c95-4786-ac38-d4307d548484,2025-12-11 12:57:40-08:00,2025-12-11,2025-12-11 20:57:40 UTC,Pacific Time (US & Canada),research,CC-BY-NC,https://www.inaturalist.org/observations/330419656,https://inaturalist-open-data.s3.amazonaws.com/photos/599528269/medium.jpg,https://static.inaturalist.org/sounds/1713657.m4a?1765510707,2,0,false,"Dana Point Harbor, Dana Point, CA, US",33.4575451548,-117.6930702606,3,3,California Sea Lion,Zalophus californianus,California Sea Lion,Mammalia,41740
330534470,f94e4554-4928-4442-8682-3dc7a545c227,2025/12/12 7:08 PM,2025-12-12,2025-12-13 03:08:00 UTC,Pacific Time (US & Canada),research,CC-BY-NC,https://www.inaturalist.org/observations/330534470,,https://static.inaturalist.org/sounds/1714491.m4a?1765595316,1,0,false,"San Diego County, CA, USA",33.312743405,-116.3283598666,338,338,Coyote,Canis latrans,Coyote,Mammalia,42051
330617782,b39b6ae0-20fa-4d1e-b4ac-f425a7436dcc,2025-12-13 09:10:12,2025-12-13,2025-12-13 17:10:12 UTC,Pacific Time (US & Canada),research,,https://www.inaturalist.org/observations/330617782,https://static.inaturalist.org/photos/599567446/medium.jpg,https://static.inaturalist.org/sounds/1715165.mp3?1765655326,4,0,false,"Cameron Park, CA 95682, USA",38.7168301726,-120.9219415113,201,201,Coyote,Canis latrans,Coyote,Mammalia,42051
330753483,eb2aa2d4-d194-4b52-aec5-c98bfa39f5be,2025-12-14 11:30:20-08:00,2025-12-14,2025-12-14 19:30:20 UTC,Pacific Time (US & Canada),research,CC-BY-NC,https://www.inaturalist.org/observations/330753483,,https://static.inaturalist.org/sounds/1715939.m4a?1765740634,1,0,false,"CA-79, Descanso, CA, US",32.9916076993,-116.5852165017,431,431,California Ground Squirrel,Otospermophilus beecheyi,California Ground Squirrel,Mammalia,180007
330756282,e9b5b218-349e-4ec2-97b2-eb889c660153,2025-12-14 11:47:52-08:00,2025-12-14,2025-12-14 19:47:52 UTC,Pacific Time (US & Canada),research,CC-BY-NC,https://www.inaturalist.org/observations/330756282,,https://static.inaturalist.org/sounds/1715946.m4a?1765742105,2,0,false,"Ah Ha Kwe Ah Mac Stonewall Mine Cultural Preserve, Descanso, CA, US",32.9779950551,-116.5763275787,11,11,California Ground Squirrel,Otospermophilus beecheyi,California Ground Squirrel,Mammalia,180007
330936367,7b6e62e4-9aaa-4e35-ab8f-dbc1ecf144e8,2025-12-15 21:50:31-08:00,2025-12-15,2025-12-16 05:50:31 UTC,Pacific Time (US & Canada),research,CC-BY-NC,https://www.inaturalist.org/observations/330936367,,https://static.inaturalist.org/sounds/1717203.m4a?1765864253,1,0,false,"Sobrante Ridge Regional Preserve, Richmond, CA, US",37.9676235394,-122.2678795143,6,6,Gray Fox,Urocyon cinereoargenteus,Gray Fox,Mammalia,42076
330952456,bd54efff-e1c5-4fb4-aa3e-10f0b1194e7f,2025-12-16 01:55:49-08:00,2025-12-16,2025-12-16 09:55:49 UTC,Pacific Time (US & Canada),research,CC-BY-NC,https://www.inaturalist.org/observations/330952456,,https://static.inaturalist.org/sounds/1717440.m4a?1765879545,1,0,false,"California, US",38.9862228766,-121.2147016699,20,28181,Coyote,Canis latrans,Coyote,Mammalia,42051
331142302,25bfe670-811c-40c8-88fa-a67aeed07457,2025-12-17 16:11:50,2025-12-17,2025-12-18 00:11:50 UTC,Pacific Time (US & Canada),research,CC-BY-NC,https://www.inaturalist.org/observations/331142302,,https://static.inaturalist.org/sounds/1718663.m4a?1766017414,2,0,false,"Arcata, CA, US",40.8754864796,-124.070157157,15,15,Douglas's Squirrel,Tamiasciurus douglasii,Douglas's Squirrel,Mammalia,46259
331167590,2f990f83-ead7-48ac-8f79-01d7bd3b9fea,2025-12-17 21:49:46-08:00,2025-12-17,2025-12-18 05:49:46 UTC,Pacific Time (US & Canada),research,CC-BY-NC,https://www.inaturalist.org/observations/331167590,,https://static.inaturalist.org/sounds/1718781.m4a?1766037040,1,0,false,"California, US",38.9275841982,-121.2687294493,9,28181,Coyote,Canis latrans,Coyote,Mammalia,42051
331255326,184b8511-93dd-4e0c-90fe-4812f0a86551,2025/12/15 9:50 PM,2025-12-15,2025-12-16 05:50:00 UTC,Pacific Time (US & Canada),research,CC-BY-NC,https://www.inaturalist.org/observations/331255326,,https://static.inaturalist.org/sounds/1719242.wav?1766106482,2,0,false,"El Sobrante Hills, Richmond, CA 94803, USA",37.9666219069,-122.2678375265,8,8,Gray Fox,Urocyon cinereoargenteus,Gray Fox,Mammalia,42076
331685466,ffe5bca7-6f21-402f-87e1-3ae862005034,2025/09/18 10:45 AM,2025-09-18,2025-09-18 17:45:00 UTC,Pacific Time (US & Canada),research,CC-BY-NC,https://www.inaturalist.org/observations/331685466,,https://static.inaturalist.org/sounds/1722113.wav?1766419064,1,0,false,"Santa Barbara County, CA, USA",34.3917086928,-119.4769878524,114,114,California Ground Squirrel,Otospermophilus beecheyi,California Ground Squirrel,Mammalia,180007
331737073,8e87a00e-11a4-4467-b771-34a251b414fb,2025-12-22 15:58:49-08:00,2025-12-22,2025-12-22 23:58:49 UTC,Pacific Time (US & Canada),research,CC-BY-NC,https://www.inaturalist.org/observations/331737073,,https://static.inaturalist.org/sounds/1722410.m4a?1766447965,2,0,false,"Coyote Valley Open Space Preserve, Morgan Hill, CA, US",37.1709438555,-121.7298987886,9,9,Coyote,Canis latrans,Coyote,Mammalia,42051
331767812,2f96a174-9a8d-4933-8b29-1cba05145af6,2025-12-22 21:30:00,2025-12-22,2025-12-23 05:30:00 UTC,Pacific Time (US & Canada),research,,https://www.inaturalist.org/observations/331767812,,https://static.inaturalist.org/sounds/1722585.m4a?1766468323,2,0,false,Santa Rosa California (Bennett Valley),38.4398891904,-122.6605269313,1736,1736,Gray Fox,Urocyon cinereoargenteus,Gray Fox,Mammalia,42076
331783277,cc83ad65-823e-47f4-8a2d-16505c5d6239,2025-12-23 01:39:24-08:00,2025-12-23,2025-12-23 09:39:24 UTC,Pacific Time (US & Canada),research,CC-BY-NC,https://www.inaturalist.org/observations/331783277,,https://static.inaturalist.org/sounds/1722641.m4a?1766482850,1,0,false,"California, US",38.831498561,-121.3852599458,20,28181,Coyote,Canis latrans,Coyote,Mammalia,42051
331891900,cbbfeee5-427b-4f37-8fa3-5d783339d9ac,2025-12-23 16:48:48-08:00,2025-12-23,2025-12-24 00:48:48 UTC,Pacific Time (US & Canada),research,CC-BY,https://www.inaturalist.org/observations/331891900,,https://static.inaturalist.org/sounds/1723420.m4a?1766556240,2,0,false,"Anza-Borrego Desert State Park, Borrego Springs, CA, US",33.3520470323,-116.3810940429,54,54,Coyote,Canis latrans,Coyote,Mammalia,42051
332005319,497b8d75-9ad1-4b19-bf4d-d4b588632ec7,2025-12-24 22:57:27-08:00,2025-12-24,2025-12-25 06:57:27 UTC,Pacific Time (US & Canada),research,CC-BY-NC,https://www.inaturalist.org/observations/332005319,,https://static.inaturalist.org/sounds/1723993.m4a?1766645860,1,0,false,"California, US",38.9402526037,-121.2571385692,18,28181,Coyote,Canis latrans,Coyote,Mammalia,42051
332097728,3cdff578-0670-474c-b6ee-5f759876878c,2025-12-25 17:00:43-08:00,2025-12-25,2025-12-26 01:00:43 UTC,Pacific Time (US & Canada),research,CC-BY-NC,https://www.inaturalist.org/observations/332097728,,https://static.inaturalist.org/sounds/1724521.m4a?1766714530,2,0,false,"Baldwin Hills Scenic Overlook, Culver City, CA, US",34.0149393399,-118.3808287786,4,4,Coyote,Canis latrans,Coyote,Mammalia,42051
332464438,6ad5eb90-f28d-40b4-97e2-29e76a8b91f5,2025-12-28 09:52:37-08:00,2025-12-28,2025-12-28 17:52:37 UTC,Pacific Time (US & Canada),research,CC-BY-NC,https://www.inaturalist.org/observations/332464438,,https://static.inaturalist.org/sounds/1726970.m4a?1766961010,1,0,false,"Trailer Canyon Fire Rd, Los Angeles, CA, US",34.0806542024,-118.5620355015,1052,1052,California Ground Squirrel,Otospermophilus beecheyi,California Ground Squirrel,Mammalia,180007
332472387,2711cb96-11a4-4416-b7b5-21eca76ad164,2025-12-27 17:17:00,2025-12-27,2025-12-28 01:17:00 UTC,Pacific Time (US & Canada),research,CC-BY,https://www.inaturalist.org/observations/332472387,,https://static.inaturalist.org/sounds/1726792.mp3?1766947943,1,0,false,"Rolling Hills Estates, CA, USA",33.7793797477,-118.3333057165,162,162,Coyote,Canis latrans,Coyote,Mammalia,42051
332547598,580c222f-8acc-419f-ae4f-99dfc00cdcc0,2025/12/27 6:07 AM,2025-12-27,2025-12-27 14:07:00 UTC,Pacific Time (US & Canada),research,CC-BY-NC,https://www.inaturalist.org/observations/332547598,,https://static.inaturalist.org/sounds/1727218.wav?1766982400,1,0,false,"Los Angeles County, CA, USA",34.473772,-118.465466,,,Coyote,Canis latrans,Coyote,Mammalia,42051
332649979,4cf5fee5-3cce-41bc-b76c-9a46bea093c0,2025-12-29 12:43:00,2025-12-29,2025-12-29 20:43:00 UTC,Pacific Time (US & Canada),research,CC-BY,https://www.inaturalist.org/observations/332649979,,https://static.inaturalist.org/sounds/1727799.wav?1767047842,2,0,false,"Livermore, CA 94550, USA",37.620188248,-121.7565624788,13,13,Coyote,Canis latrans,Coyote,Mammalia,42051
332740408,7cc38030-3216-43eb-8107-5e0cab2ba8c6,2025-12-30 07:21:43-08:00,2025-12-30,2025-12-30 15:21:43 UTC,Pacific Time (US & Canada),research,CC-BY-NC,https://www.inaturalist.org/observations/332740408,,https://static.inaturalist.org/sounds/1728333.m4a?1767108145,1,0,false,"Sailmaker Ct, San Rafael, CA, US",38.0184334377,-122.5274060481,3,3,Coyote,Canis latrans,Coyote,Mammalia,42051
332939329,c5a6b232-1b98-4be7-943b-eb4deded67d0,2025-12-29,2025-12-29,,Pacific Time (US & Canada),research,,https://www.inaturalist.org/observations/332939329,,https://static.inaturalist.org/sounds/1729447.mp3?1767227534,1,0,false,"Point Reyes Station, CA 94956, USA",38.0171782367,-122.8542494774,1094,1094,Coyote,Canis latrans,Coyote,Mammalia,42051
334674995,2e4964af-86f4-4c1e-a4e2-a59ff5b5235b,2025/12/30 2:00 PM,2025-12-30,2025-12-30 22:00:00 UTC,Pacific Time (US & Canada),research,CC-BY,https://www.inaturalist.org/observations/334674995,,https://static.inaturalist.org/sounds/1740890.wav?1768356312,1,0,false,"Sheridan, CA, USA",38.9552166465,-121.3227749916,4,4,North American River Otter,Lontra canadensis,North American River Otter,Mammalia,41777
335684141,1c198321-b846-4489-b0b0-89782223222b,2025-11-14 23:17:00,2025-11-14,2025-11-15 07:17:00 UTC,Pacific Time (US & Canada),research,CC-BY-NC,https://www.inaturalist.org/observations/335684141,,https://static.inaturalist.org/sounds/1747732.wav?1769061024,1,0,false,"Alameda County, US-CA, US",37.7433814817,-122.0977196793,12,28359,Coyote,Canis latrans,Coyote,Mammalia,42051
338449873,75f07fc5-f8b9-4362-a1c0-3bc4e3fd8554,2025/06/04 7:28 PM,2025-06-04,2025-06-05 02:28:00 UTC,Pacific Time (US & Canada),research,CC-BY-NC,https://www.inaturalist.org/observations/338449873,https://inaturalist-open-data.s3.amazonaws.com/photos/615501219/medium.jpg,https://static.inaturalist.org/sounds/1765822.mp3?1771000515,2,0,false,"Los Altos Hills, CA, USA",37.3784470527,-122.1380041491,12,12,Coyote,Canis latrans,Coyote,Mammalia,42051
342524930,0622c7fd-0c70-4bfd-a9af-b05f77f7b553,2025-04-11 17:19:37,2025-04-11,2025-04-12 00:19:37 UTC,Pacific Time (US & Canada),research,CC-BY-NC,https://www.inaturalist.org/observations/342524930,https://static.inaturalist.org/photos/623776051/medium.jpg,https://static.inaturalist.org/sounds/1802604.m4a?1773284491,1,0,false,"Yosemite Curry Village, Yosemite Valley, CA 95389, USA",37.7373262318,-119.571410045,28,28,California Ground Squirrel,Otospermophilus beecheyi,California Ground Squirrel,Mammalia,180007
360697797,0a9c889d-8fd3-47c1-980e-b4973603ba3b,2021/10/10 2:46 PM,2021-10-10,2021-10-10 21:46:00 UTC,Pacific Time (US & Canada),research,CC-BY-NC,https://www.inaturalist.org/observations/360697797,https://inaturalist-open-data.s3.amazonaws.com/photos/658191222/medium.jpg,https://static.inaturalist.org/sounds/1944704.wav?1778531167,1,0,false,"Santa Cruz, CA, USA",36.9574563565,-122.0172954497,8,8,California Sea Lion,Zalophus californianus,California Sea Lion,Mammalia,41740
